A,AISC_name,C,D_t,EDI_Std_Nomenclature,Ix,Iy,J,OD,Sx,Sy,T_F,Type,W,Zx,Zy,rx,ry,tdes,tnom
28.5,HSS20.000X0.500,272,43,HSS20X.500,1360,1360,2720,20,136,136,F,HSS,104,177,177,6.91,6.91,0.465,0.5
21.5,HSS20.000X0.375,208,57.3,HSS20X.375,1040,1040,2080,20,104,104,F,HSS,78.67,135,135,6.95,6.95,0.349,0.375
25.6,HSS18.000X0.500,219,38.7,HSS18X.500,985,985,1970,18,109,109,F,HSS,93.54,143,143,6.2,6.2,0.465,0.5
19.4,HSS18.000X0.375,168,51.6,HSS18X.375,754,754,1510,18,83.8,83.8,F,HSS,70.66,109,109,6.24,6.24,0.349,0.375
14.4,HSS16.000X0.312,111,55,HSS16X.312,443,443,886,16,55.4,55.4,F,HSS,52.32,71.8,71.8,5.55,5.55,0.291,0.312
17.2,HSS16.000X0.375,131,45.8,HSS16X.375,526,526,1050,16,65.7,65.7,F,HSS,62.64,85.5,85.5,5.53,5.53,0.349,0.375
28.1,HSS16.000X0.625,209,27.5,HSS16X.625,838,838,1680,16,105,105,F,HSS,103,138,138,5.46,5.46,0.581,0.625
22.7,HSS16.000X0.500,171,34.4,HSS16X.500,685,685,1370,16,85.7,85.7,F,HSS,82.85,112,112,5.49,5.49,0.465,0.5
12.5,HSS14.000X0.312,84.2,48.1,HSS14X.312,295,295,589,14,42.1,42.1,F,HSS,45.65,54.7,54.7,4.85,4.85,0.291,0.312
7.7,HSS10.750X0.250,39.6,46.1,HSS10.75X.250,106,106,213,10.8,19.8,19.8,F,HSS,28.06,25.8,25.8,3.72,3.72,0.233,0.25
17.2,HSS10.000X0.625,76.6,17.2,HSS10X.625,191,191,383,10,38.3,38.3,F,HSS,62.64,51.6,51.6,3.34,3.34,0.581,0.625
13.9,HSS10.000X0.500,63.5,21.5,HSS10X.500,159,159,317,10,31.7,31.7,F,HSS,50.78,42.3,42.3,3.38,3.38,0.465,0.5
10.6,HSS10.000X0.375,49.3,28.7,HSS10X.375,123,123,247,10,24.7,24.7,F,HSS,38.58,32.5,32.5,3.41,3.41,0.349,0.375
8.88,HSS10.000X0.312,41.9,34.4,HSS10X.312,105,105,209,10,20.9,20.9,F,HSS,32.31,27.4,27.4,3.43,3.43,0.291,0.312
7.15,HSS10.000X0.250,34.1,42.9,HSS10X.250,85.3,85.3,171,10,17.1,17.1,F,HSS,26.06,22.2,22.2,3.45,3.45,0.233,0.25
5.37,HSS10.000X0.188,25.9,57.5,HSS10X.188,64.8,64.8,130,10,13,13,F,HSS,19.72,16.8,16.8,3.47,3.47,0.174,0.188
13.4,HSS9.625X0.500,58.5,20.7,HSS9.625X.500,141,141,281,9.63,29.2,29.2,F,HSS,48.77,39,39,3.24,3.24,0.465,0.5
10.2,HSS9.625X0.375,45.5,27.6,HSS9.625X.375,110,110,219,9.63,22.8,22.8,F,HSS,37.08,30,30,3.28,3.28,0.349,0.375
8.53,HSS9.625X0.312,38.7,33.1,HSS9.625X.312,93,93,186,9.63,19.3,19.3,F,HSS,31.06,25.4,25.4,3.3,3.3,0.291,0.312
6.87,HSS9.625X0.250,31.5,41.3,HSS9.625X.250,75.9,75.9,152,9.63,15.8,15.8,F,HSS,25.06,20.6,20.6,3.32,3.32,0.233,0.25
5.17,HSS9.625X0.188,24,55.3,HSS9.625X.188,57.7,57.7,115,9.63,12,12,F,HSS,18.97,15.5,15.5,3.34,3.34,0.174,0.188
14.7,HSS8.625X0.625,55.4,14.8,HSS8.625X.625,119,119,239,8.63,27.7,27.7,F,HSS,53.45,37.7,37.7,2.85,2.85,0.581,0.625
11.9,HSS8.625X0.500,46.2,18.5,HSS8.625X.500,100,100,199,8.63,23.1,23.1,F,HSS,43.43,31,31,2.89,2.89,0.465,0.5
19.9,HSS16.000X0.438,152,39.3,HSS16X.438,606,606,1210,16,75.8,75.8,F,HSS,72.87,99,99,5.51,5.51,0.407,0.438
9.07,HSS8.625X0.375,36.1,24.7,HSS8.625X.375,77.8,77.8,156,8.63,18,18,F,HSS,33.07,23.9,23.9,2.93,2.93,0.349,0.375
7.85,HSS8.625X0.322,31.6,28.8,HSS8.625X.322,68.1,68.1,136,8.63,15.8,15.8,F,HSS,28.58,20.8,20.8,2.95,2.95,0.3,0.322
11.5,HSS16.000X0.250,89.7,68.7,HSS16X.250,359,359,717,16,44.8,44.8,F,HSS,42.09,57.9,57.9,5.58,5.58,0.233,0.25
24.5,HSS14.000X0.625,158,24.1,HSS14X.625,552,552,1100,14,78.9,78.9,F,HSS,89.36,105,105,4.75,4.75,0.581,0.625
19.8,HSS14.000X0.500,130,30.1,HSS14X.500,453,453,907,14,64.8,64.8,F,HSS,72.16,85.2,85.2,4.79,4.79,0.465,0.5
15,HSS14.000X0.375,100,40.1,HSS14X.375,349,349,698,14,49.8,49.8,F,HSS,54.62,65.1,65.1,4.83,4.83,0.349,0.375
15,HSS10.750X0.500,74.1,23.1,HSS10.75X.500,199,199,398,10.8,37,37,F,HSS,54.79,49.2,49.2,3.64,3.64,0.465,0.5
13.6,HSS12.750X0.375,82.1,36.5,HSS12.75X.375,262,262,523,12.8,41,41,F,HSS,49.61,53.7,53.7,4.39,4.39,0.349,0.375
9.16,HSS12.750X0.250,56.3,54.7,HSS12.75X.250,180,180,359,12.8,28.2,28.2,F,HSS,33.41,36.5,36.5,4.43,4.43,0.233,0.25
10.1,HSS14.000X0.250,68.2,60.1,HSS14X.250,239,239,478,14,34.1,34.1,F,HSS,36.75,44.2,44.2,4.87,4.87,0.233,0.25
4.62,HSS8.625X0.188,19.1,49.6,HSS8.625X.188,41.3,41.3,82.5,8.63,9.57,9.57,F,HSS,16.96,12.4,12.4,2.99,2.99,0.174,0.188
17.9,HSS12.750X0.500,106,27.4,HSS12.75X.500,339,339,678,12.8,53.2,53.2,F,HSS,65.48,70.2,70.2,4.35,4.35,0.465,0.5
11.4,HSS10.750X0.375,57.4,30.8,HSS10.75X.375,154,154,309,10.8,28.7,28.7,F,HSS,41.59,37.8,37.8,3.68,3.68,0.349,0.375
6.14,HSS8.625X0.250,25.1,37,HSS8.625X.250,54.1,54.1,108,8.63,12.5,12.5,F,HSS,22.38,16.4,16.4,2.97,2.97,0.233,0.25
10.3,HSS7.500X0.500,34.1,16.1,HSS7.5X.500,63.9,63.9,128,7.5,17,17,F,HSS,37.42,23,23,2.49,2.49,0.465,0.5
6.59,HSS7.500X0.312,22.9,25.8,HSS7.5X.312,42.9,42.9,85.8,7.5,11.4,11.4,F,HSS,23.97,15.1,15.1,2.55,2.55,0.291,0.312
7.98,HSS7.625X0.375,27.8,21.8,HSS7.625X.375,52.9,52.9,106,7.63,13.9,13.9,F,HSS,29.06,18.5,18.5,2.58,2.58,0.349,0.375
7.84,HSS7.500X0.375,26.8,21.5,HSS7.5X.375,50.2,50.2,100,7.5,13.4,13.4,F,HSS,28.56,17.9,17.9,2.53,2.53,0.349,0.375
7.01,HSS7.625X0.328,24.7,25,HSS7.625X.328,47.1,47.1,94.1,7.63,12.3,12.3,F,HSS,25.59,16.4,16.4,2.59,2.59,0.305,0.328
5.32,HSS7.500X0.250,18.7,32.2,HSS7.5X.250,35.2,35.2,70.3,7.5,9.37,9.37,F,HSS,19.38,12.3,12.3,2.57,2.57,0.233,0.25
4,HSS7.500X0.188,14.3,43.1,HSS7.5X.188,26.9,26.9,53.8,7.5,7.17,7.17,F,HSS,14.7,9.34,9.34,2.59,2.59,0.174,0.188
7.29,HSS7.000X0.375,23.1,20.1,HSS7X.375,40.4,40.4,80.9,7,11.6,11.6,F,HSS,26.56,15.5,15.5,2.35,2.35,0.349,0.375
9.55,HSS7.000X0.500,29.3,15.1,HSS7X.500,51.2,51.2,102,7,14.6,14.6,F,HSS,34.74,19.9,19.9,2.32,2.32,0.465,0.5
6.13,HSS7.000X0.312,19.8,24.1,HSS7X.312,34.6,34.6,69.1,7,9.88,9.88,F,HSS,22.31,13.1,13.1,2.37,2.37,0.291,0.312
4.95,HSS7.000X0.250,16.2,30,HSS7X.250,28.4,28.4,56.8,7,8.11,8.11,F,HSS,18.04,10.7,10.7,2.39,2.39,0.233,0.25
3.73,HSS7.000X0.188,12.4,40.2,HSS7X.188,21.7,21.7,43.5,7,6.21,6.21,F,HSS,13.69,8.11,8.11,2.41,2.41,0.174,0.188
2.51,HSS7.000X0.125,8.49,60.3,HSS7X.125,14.9,14.9,29.7,7,4.25,4.25,F,HSS,9.19,5.5,5.5,2.43,2.43,0.116,0.125
9.36,HSS6.875X0.500,28.1,14.8,HSS6.875X.500,48.3,48.3,96.7,6.88,14.1,14.1,F,HSS,34.07,19.1,19.1,2.27,2.27,0.465,0.5
7.16,HSS6.875X0.375,22.2,19.7,HSS6.875X.375,38.2,38.2,76.4,6.88,11.1,11.1,F,HSS,26.06,14.9,14.9,2.31,2.31,0.349,0.375
4.86,HSS6.875X0.250,15.6,29.5,HSS6.875X.250,26.8,26.8,53.7,6.88,7.81,7.81,F,HSS,17.71,10.3,10.3,2.35,2.35,0.233,0.25
3.66,HSS6.875X0.188,12,39.5,HSS6.875X.188,20.6,20.6,41.1,6.88,5.99,5.99,F,HSS,13.44,7.81,7.81,2.37,2.37,0.174,0.188
9,HSS6.625X0.500,25.9,14.2,HSS6.625X.500,42.9,42.9,85.9,6.63,13,13,F,HSS,32.74,17.7,17.7,2.18,2.18,0.465,0.5
7.86,HSS6.625X0.432,23.1,16.5,HSS6.625X.432,38.2,38.2,76.4,6.63,11.5,11.5,F,HSS,28.6,15.6,15.6,2.2,2.2,0.402,0.432
6.88,HSS6.625X0.375,20.5,19,HSS6.625X.375,34,34,68,6.63,10.3,10.3,F,HSS,25.06,13.8,13.8,2.22,2.22,0.349,0.375
5.79,HSS6.625X0.312,17.6,22.8,HSS6.625X.312,29.1,29.1,58.2,6.63,8.79,8.79,F,HSS,21.06,11.7,11.7,2.24,2.24,0.291,0.312
5.2,HSS6.625X0.280,15.9,25.5,HSS6.625X.280,26.4,26.4,52.7,6.63,7.96,7.96,F,HSS,18.99,10.5,10.5,2.25,2.25,0.26,0.28
3.53,HSS6.625X0.188,11.1,38.1,HSS6.625X.188,18.4,18.4,36.7,6.63,5.54,5.54,F,HSS,12.94,7.24,7.24,2.28,2.28,0.174,0.188
4.68,HSS6.625X0.250,14.4,28.4,HSS6.625X.250,23.9,23.9,47.9,6.63,7.22,7.22,F,HSS,17.04,9.52,9.52,2.26,2.26,0.233,0.25
2.37,HSS6.625X0.125,7.59,57.1,HSS6.625X.125,12.6,12.6,25.1,6.63,3.79,3.79,F,HSS,8.69,4.92,4.92,2.3,2.3,0.116,0.125
8.09,HSS6.000X0.500,20.8,12.9,HSS6X.500,31.2,31.2,62.4,6,10.4,10.4,F,HSS,29.4,14.3,14.3,1.96,1.96,0.465,0.5
6.2,HSS6.000X0.375,16.6,17.2,HSS6X.375,24.8,24.8,49.7,6,8.28,8.28,F,HSS,22.55,11.2,11.2,2,2,0.349,0.375
5.22,HSS6.000X0.312,14.2,20.6,HSS6X.312,21.3,21.3,42.6,6,7.11,7.11,F,HSS,18.97,9.49,9.49,2.02,2.02,0.291,0.312
4.69,HSS6.000X0.280,12.9,23.1,HSS6X.280,19.3,19.3,38.7,6,6.45,6.45,F,HSS,17.12,8.57,8.57,2.03,2.03,0.26,0.28
4.22,HSS6.000X0.250,11.7,25.8,HSS6X.250,17.6,17.6,35.2,6,5.86,5.86,F,HSS,15.37,7.75,7.75,2.04,2.04,0.233,0.25
3.18,HSS6.000X0.188,9.02,34.5,HSS6X.188,13.5,13.5,27,6,4.51,4.51,F,HSS,11.68,5.91,5.91,2.06,2.06,0.174,0.188
2.14,HSS6.000X0.125,6.19,51.7,HSS6X.125,9.28,9.28,18.6,6,3.09,3.09,F,HSS,7.85,4.02,4.02,2.08,2.08,0.116,0.125
6.02,HSS6.875X0.312,19,23.6,HSS6.875X.312,32.7,32.7,65.4,6.88,9.51,9.51,F,HSS,21.89,12.6,12.6,2.33,2.33,0.291,0.312
7.45,HSS5.563X0.500,17.5,12,HSS5.563X.500,24.4,24.4,48.8,5.56,8.77,8.77,F,HSS,27.06,12.1,12.1,1.81,1.81,0.465,0.5
5.72,HSS5.563X0.375,14,15.9,HSS5.563X.375,19.5,19.5,39,5.56,7.02,7.02,F,HSS,20.8,9.5,9.5,1.85,1.85,0.349,0.375
4.01,HSS5.563X0.258,10.2,23.2,HSS5.563X.258,14.2,14.2,28.5,5.56,5.12,5.12,F,HSS,14.63,6.8,6.8,1.88,1.88,0.24,0.258
2.95,HSS5.563X0.188,7.7,32,HSS5.563X.188,10.7,10.7,21.4,5.56,3.85,3.85,F,HSS,10.8,5.05,5.05,1.91,1.91,0.174,0.188
2.12,HSS5.563X0.134,5.64,44.9,HSS5.563X.134,7.84,7.84,15.7,5.56,2.82,2.82,F,HSS,7.78,3.67,3.67,1.92,1.92,0.124,0.134
7.36,HSS5.500X0.500,17.1,11.8,HSS5.5X.500,23.5,23.5,47,5.5,8.55,8.55,F,HSS,26.73,11.8,11.8,1.79,1.79,0.465,0.5
5.65,HSS5.500X0.375,13.7,15.8,HSS5.5X.375,18.8,18.8,37.6,5.5,6.84,6.84,F,HSS,20.55,9.27,9.27,1.83,1.83,0.349,0.375
3.97,HSS5.500X0.258,10,22.9,HSS5.5X.258,13.7,13.7,27.5,5.5,5,5,F,HSS,14.46,6.64,6.64,1.86,1.86,0.24,0.258
6.62,HSS5.000X0.500,13.8,10.8,HSS5X.500,17.2,17.2,34.4,5,6.88,6.88,F,HSS,24.05,9.6,9.6,1.61,1.61,0.465,0.5
5.1,HSS5.000X0.375,11.1,14.3,HSS5X.375,13.9,13.9,27.7,5,5.55,5.55,F,HSS,18.54,7.56,7.56,1.65,1.65,0.349,0.375
4.3,HSS5.000X0.312,9.58,17.2,HSS5X.312,12,12,24,5,4.79,4.79,F,HSS,15.64,6.46,6.46,1.67,1.67,0.291,0.312
3.49,HSS5.000X0.250,7.95,21.5,HSS5X.250,9.94,9.94,19.9,5,3.97,3.97,F,HSS,12.69,5.3,5.3,1.69,1.69,0.233,0.25
3.59,HSS5.000X0.258,8.15,20.8,HSS5X.258,10.2,10.2,20.4,5,4.08,4.08,F,HSS,13.08,5.44,5.44,1.69,1.69,0.24,0.258
2.64,HSS5.000X0.188,6.15,28.7,HSS5X.188,7.69,7.69,15.4,5,3.08,3.08,F,HSS,9.67,4.05,4.05,1.71,1.71,0.174,0.188
1.78,HSS5.000X0.125,4.25,43.1,HSS5X.125,5.31,5.31,10.6,5,2.12,2.12,F,HSS,6.51,2.77,2.77,1.73,1.73,0.116,0.125
4.55,HSS4.500X0.375,8.78,12.9,HSS4.5X.375,9.87,9.87,19.7,4.5,4.39,4.39,F,HSS,16.54,6.03,6.03,1.47,1.47,0.349,0.375
4.12,HSS4.500X0.337,8.06,14.4,HSS4.5X.337,9.07,9.07,18.1,4.5,4.03,4.03,F,HSS,15,5.5,5.5,1.48,1.48,0.313,0.337
2.96,HSS4.500X0.237,6.04,20.5,HSS4.5X.237,6.79,6.79,13.6,4.5,3.02,3.02,F,HSS,10.8,4.03,4.03,1.52,1.52,0.22,0.237
2.36,HSS4.500X0.188,4.93,25.9,HSS4.5X.188,5.54,5.54,11.1,4.5,2.46,2.46,F,HSS,8.67,3.26,3.26,1.53,1.53,0.174,0.188
1.6,HSS4.500X0.125,3.41,38.8,HSS4.5X.125,3.84,3.84,7.68,4.5,1.71,1.71,F,HSS,5.85,2.23,2.23,1.55,1.55,0.116,0.125
3.39,HSS4.000X0.313,5.87,13.7,HSS4X.313,5.87,5.87,11.7,4,2.93,2.93,F,HSS,12.34,4.01,4.01,1.32,1.32,0.291,0.313
2.76,HSS4.000X0.250,4.91,17.2,HSS4X.250,4.91,4.91,9.82,4,2.45,2.45,F,HSS,10,3.31,3.31,1.33,1.33,0.233,0.25
2.61,HSS4.000X0.237,4.68,18.2,HSS4X.237,4.68,4.68,9.36,4,2.34,2.34,F,HSS,9.53,3.15,3.15,1.34,1.34,0.22,0.237
2.5,HSS4.000X0.226,4.5,19,HSS4X.226,4.5,4.5,9.01,4,2.25,2.25,F,HSS,9.12,3.02,3.02,1.34,1.34,0.21,0.226
2.44,HSS4.000X0.220,4.41,19.5,HSS4X.220,4.41,4.41,8.83,4,2.21,2.21,F,HSS,8.89,2.96,2.96,1.34,1.34,0.205,0.22
2.09,HSS4.000X0.188,3.83,23,HSS4X.188,3.83,3.83,7.67,4,1.92,1.92,F,HSS,7.66,2.55,2.55,1.35,1.35,0.174,0.188
2.93,HSS3.500X0.313,4.35,12,HSS3.5X.313,3.81,3.81,7.61,3.5,2.18,2.18,F,HSS,10.66,3,3,1.14,1.14,0.291,0.313
1.42,HSS4.000X0.125,2.67,34.5,HSS4X.125,2.67,2.67,5.34,4,1.34,1.34,F,HSS,5.18,1.75,1.75,1.37,1.37,0.116,0.125
2.82,HSS3.500X0.300,4.22,12.5,HSS3.5X.300,3.69,3.69,7.38,3.5,2.11,2.11,F,HSS,10.26,2.9,2.9,1.14,1.14,0.279,0.3
2.39,HSS3.500X0.250,3.66,15,HSS3.5X.250,3.21,3.21,6.41,3.5,1.83,1.83,F,HSS,8.69,2.49,2.49,1.16,1.16,0.233,0.25
2.08,HSS3.500X0.216,3.25,17.4,HSS3.5X.216,2.84,2.84,5.69,3.5,1.63,1.63,F,HSS,7.58,2.19,2.19,1.17,1.17,0.201,0.216
1.97,HSS3.500X0.203,3.09,18.5,HSS3.5X.203,2.7,2.7,5.41,3.5,1.54,1.54,F,HSS,7.15,2.07,2.07,1.17,1.17,0.189,0.203
1.82,HSS3.500X0.188,2.88,20.1,HSS3.5X.188,2.52,2.52,5.04,3.5,1.44,1.44,F,HSS,6.66,1.93,1.93,1.18,1.18,0.174,0.188
2.03,HSS3.000X0.250,2.6,12.9,HSS3X.250,1.95,1.95,3.9,3,1.3,1.3,F,HSS,7.35,1.79,1.79,0.982,0.982,0.233,0.25
1.77,HSS3.000X0.216,2.32,14.9,HSS3X.216,1.74,1.74,3.48,3,1.16,1.16,F,HSS,6.43,1.58,1.58,0.992,0.992,0.201,0.216
1.23,HSS3.500X0.125,2.02,30.2,HSS3.5X.125,1.77,1.77,3.53,3.5,1.01,1.01,F,HSS,4.51,1.33,1.33,1.2,1.2,0.116,0.125
1.67,HSS3.000X0.203,2.21,15.9,HSS3X.203,1.66,1.66,3.31,3,1.1,1.1,F,HSS,6.07,1.5,1.5,0.996,0.996,0.189,0.203
1.54,HSS3.000X0.188,2.06,17.2,HSS3X.188,1.55,1.55,3.1,3,1.03,1.03,F,HSS,5.65,1.39,1.39,1,1,0.174,0.188
1.27,HSS3.000X0.152,1.73,21.3,HSS3X.152,1.3,1.3,2.59,3,0.865,0.865,F,HSS,4.63,1.15,1.15,1.01,1.01,0.141,0.152
1.12,HSS3.000X0.134,1.55,24.2,HSS3X.134,1.16,1.16,2.32,3,0.774,0.774,F,HSS,4.11,1.03,1.03,1.02,1.02,0.124,0.134
1.05,HSS3.000X0.125,1.46,25.9,HSS3X.125,1.09,1.09,2.19,3,0.73,0.73,F,HSS,3.84,0.965,0.965,1.02,1.02,0.116,0.125
1.59,HSS2.875X0.203,2.01,15.2,HSS2.875X.203,1.45,1.45,2.89,2.88,1.01,1.01,F,HSS,5.8,1.37,1.37,0.952,0.952,0.189,0.203
1.93,HSS2.875X0.250,2.37,12.3,HSS2.875X.250,1.7,1.7,3.4,2.88,1.18,1.18,F,HSS,7.02,1.63,1.63,0.938,0.938,0.233,0.25
1.27,HSS2.500X0.188,1.38,14.4,HSS2.5X.188,0.865,0.865,1.73,2.5,0.692,0.692,F,HSS,4.65,0.943,0.943,0.825,0.825,0.174,0.188
1.48,HSS2.875X0.188,1.88,16.5,HSS2.875X.188,1.35,1.35,2.7,2.88,0.941,0.941,F,HSS,5.4,1.27,1.27,0.957,0.957,0.174,0.188
1.01,HSS2.875X0.125,1.33,24.8,HSS2.875X.125,0.958,0.958,1.92,2.88,0.667,0.667,F,HSS,3.67,0.884,0.884,0.976,0.976,0.116,0.125
1.39,HSS2.375X0.218,1.39,11.7,HSS2.375X.218,0.824,0.824,1.65,2.38,0.694,0.694,F,HSS,5.03,0.96,0.96,0.771,0.771,0.203,0.218
1.66,HSS2.500X0.250,1.72,10.7,HSS2.5X.250,1.08,1.08,2.15,2.5,0.862,0.862,F,HSS,6.01,1.2,1.2,0.806,0.806,0.233,0.25
1.57,HSS2.375X0.250,1.53,10.2,HSS2.375X.250,0.91,0.91,1.82,2.38,0.766,0.766,F,HSS,5.68,1.07,1.07,0.762,0.762,0.233,0.25
0.869,HSS2.500X0.125,0.99,21.6,HSS2.5X.125,0.619,0.619,1.24,2.5,0.495,0.495,F,HSS,3.17,0.66,0.66,0.844,0.844,0.116,0.125
1.2,HSS2.375X0.188,1.23,13.6,HSS2.375X.188,0.733,0.733,1.47,2.38,0.617,0.617,F,HSS,4.4,0.845,0.845,0.781,0.781,0.174,0.188
0.823,HSS2.375X0.125,0.887,20.5,HSS2.375X.125,0.527,0.527,1.05,2.38,0.443,0.443,F,HSS,3.01,0.592,0.592,0.8,0.8,0.116,0.125
1,HSS2.375X0.154,1.06,16.6,HSS2.375X.154,0.627,0.627,1.25,2.38,0.528,0.528,F,HSS,3.66,0.713,0.713,0.791,0.791,0.143,0.154
0.625,HSS1.660X0.140,0.444,12.8,HSS1.66X.140,0.184,0.184,0.368,1.66,0.222,0.222,F,HSS,2.27,0.305,0.305,0.543,0.543,0.13,0.14
0.624,HSS1.900X0.120,0.527,17.1,HSS1.9X.120,0.251,0.251,0.501,1.9,0.264,0.264,F,HSS,2.28,0.356,0.356,0.634,0.634,0.111,0.12
26,Pipe24STD,0,68.8,Pipe24SCH20,1820,1820,3640,24,152,152,F,PIPE,94.7,196,196,8.36,8.36,0.349,0.375
0.943,HSS1.900X0.188,0.747,10.9,HSS1.9X.188,0.355,0.355,0.71,1.9,0.374,0.374,F,HSS,3.44,0.52,0.52,0.613,0.613,0.174,0.188
28.2,Pipe26STD,0,74.5,Pipe26STD,2320,2320,4640,26,178,178,F,PIPE,103,230,230,9.07,9.07,0.349,0.375
19.4,Pipe18STD,0,51.6,Pipe18STD,756,756,1510,18,84,84,F,PIPE,70.7,109,109,6.24,6.24,0.349,0.375
15,Pipe14STD,0,40.1,Pipe14SCH30,350,350,700,14,50,50,F,PIPE,54.6,65.2,65.2,4.83,4.83,0.349,0.375
21.6,Pipe20STD,0,57.3,Pipe20SCH20,1040,1040,2090,20,104,104,F,PIPE,78.7,135,135,6.95,6.95,0.349,0.375
13.7,Pipe12STD,0,36.5,Pipe12STD,262,262,523,12.75,41,41,F,PIPE,49.6,53.7,53.7,4.39,4.39,0.349,0.375
11.5,Pipe10STD,0,31.6,Pipe10SCH40,151,151,302,10.75,28.1,28.1,F,PIPE,40.5,36.9,36.9,3.68,3.68,0.34,0.365
7.85,Pipe8STD,0,28.8,Pipe8SCH40,68.1,68.1,136,8.625,15.8,15.8,F,PIPE,28.6,20.8,20.8,2.95,2.95,0.3,0.322
5.2,Pipe6STD,0,25.4,Pipe6SCH40,26.5,26.5,52.9,6.625,7.99,7.99,F,PIPE,19,10.6,10.6,2.25,2.25,0.261,0.28
2.96,Pipe4STD,0,20.4,Pipe4SCH40,6.82,6.82,13.6,4.5,3.03,3.03,F,PIPE,10.8,4.05,4.05,1.51,1.51,0.221,0.237
2.5,Pipe3-1/2STD,0,19,Pipe3-1/2SCH40,4.52,4.52,9.04,4,2.26,2.26,F,PIPE,9.12,3.03,3.03,1.34,1.34,0.211,0.226
2.07,Pipe3STD,0,17.4,Pipe3SCH40,2.85,2.85,5.69,3.5,1.63,1.63,F,PIPE,7.58,2.19,2.19,1.17,1.17,0.201,0.216
17.2,Pipe16STD,0,45.8,Pipe16SCH30,527,527,1050,16,65.9,65.9,F,PIPE,62.6,85.7,85.7,5.53,5.53,0.349,0.375
4.01,Pipe5STD,0,23.1,Pipe5SCH40,14.3,14.3,28.6,5.563,5.14,5.14,F,PIPE,14.6,6.83,6.83,1.88,1.88,0.241,0.258
0.749,HSS1.900X0.145,0.617,14.1,HSS1.9X.145,0.293,0.293,0.586,1.9,0.309,0.309,F,HSS,2.72,0.421,0.421,0.626,0.626,0.135,0.145
1.61,Pipe2-1/2STD,0,15.2,Pipe2-1/2SCH40,1.45,1.45,2.89,2.875,1.01,1.01,F,PIPE,5.8,1.37,1.37,0.952,0.952,0.189,0.203
1.02,Pipe2STD,0,16.6,Pipe2SCH40,0.627,0.627,1.25,2.375,0.528,0.528,F,PIPE,3.66,0.713,0.713,0.791,0.791,0.143,0.154
36.1,Pipe26XS,0,55.9,Pipe26SCH20,2950,2950,5900,26,227,227,F,PIPE,136,294,294,9.03,9.03,0.465,0.5
15.1,Pipe10XS,0,23.1,Pipe10SCH80,199,199,398,10.75,37,37,F,PIPE,54.8,49.2,49.2,3.64,3.64,0.465,0.5
11.9,Pipe8XS,0,18.5,Pipe8SCH80,100,100,199,8.625,23.1,23.1,F,PIPE,43.4,31,31,2.89,2.89,0.465,0.5
7.83,Pipe6XS,0,16.4,Pipe6SCH80,38.3,38.3,76.6,6.625,11.6,11.6,F,PIPE,28.6,15.6,15.6,2.2,2.2,0.403,0.432
5.73,Pipe5XS,0,15.9,Pipe5SCH80,19.5,19.5,39,5.563,7.02,7.02,F,PIPE,20.8,9.5,9.5,1.85,1.85,0.349,0.375
4.14,Pipe4XS,0,14.3,Pipe4SCH80,9.12,9.12,18.2,4.5,4.05,4.05,F,PIPE,15,5.53,5.53,1.48,1.48,0.315,0.337
3.43,Pipe3-1/2XS,0,13.5,Pipe3-1/2SCH80,5.94,5.94,11.9,4,2.97,2.97,F,PIPE,12.5,4.07,4.07,1.31,1.31,0.296,0.318
2.83,Pipe3XS,0,12.5,Pipe3SCH80,3.7,3.7,7.4,3.5,2.11,2.11,F,PIPE,10.3,2.91,2.91,1.14,1.14,0.28,0.3
2.1,Pipe2-1/2XS,0,11.2,Pipe2-1/2SCH80,1.83,1.83,3.66,2.875,1.27,1.27,F,PIPE,7.67,1.77,1.77,0.93,0.93,0.257,0.276
0.469,Pipe1STD,0,10.6,Pipe1SCH40,0.083,0.083,0.166,1.315,0.126,0.126,F,PIPE,1.68,0.177,0.177,0.423,0.423,0.124,0.133
1.4,Pipe2XS,0,11.7,Pipe2SCH80,0.827,0.827,1.65,2.375,0.696,0.696,F,PIPE,5.03,0.964,0.964,0.771,0.771,0.204,0.218
1,Pipe1-1/2XS,0,10.2,Pipe1-1/2SCH80,0.372,0.372,0.744,1.9,0.392,0.392,F,PIPE,3.63,0.549,0.549,0.61,0.61,0.186,0.2
0.837,Pipe1-1/4XS,0,9.33,Pipe1-1/4SCH80,0.231,0.231,0.462,1.66,0.278,0.278,F,PIPE,3,0.393,0.393,0.528,0.528,0.178,0.191
0.749,Pipe1-1/2STD,0,14.1,Pipe1-1/2SCH40,0.293,0.293,0.586,1.9,0.309,0.309,F,PIPE,2.72,0.421,0.421,0.626,0.626,0.135,0.145
0.407,Pipe3/4XS,0,7.34,Pipe3/4SCH80,0.043,0.043,0.086,1.05,0.0818,0.0818,F,PIPE,1.48,0.119,0.119,0.325,0.325,0.143,0.154
0.602,Pipe1XS,0,7.92,Pipe1SCH80,0.101,0.101,0.202,1.315,0.154,0.154,F,PIPE,2.17,0.221,0.221,0.41,0.41,0.166,0.179
35.4,Pipe12XXS,0,13.8,Pipe12SCH120,625,625,1250,12.75,97.6,97.6,F,PIPE,126,134,134,4.2,4.2,0.93,1
28.8,Pipe10XXS,0,11.6,Pipe10SCH140,354,354,709,10.75,65.6,65.6,F,PIPE,104,90.9,90.9,3.51,3.51,0.93,1
0.303,Pipe1/2XS,0,6.13,Pipe1/2SCH80,0.019,0.019,0.038,0.84,0.0462,0.0462,F,PIPE,1.09,0.0686,0.0686,0.253,0.253,0.137,0.147
20,Pipe8XXS,0,10.6,Pipe8XXS,154,154,308,8.625,35.8,35.8,F,PIPE,72.5,49.9,49.9,2.78,2.78,0.816,0.875
0.625,Pipe1-1/4STD,0,12.8,Pipe1-1/4SCH40,0.184,0.184,0.368,1.66,0.222,0.222,F,PIPE,2.27,0.305,0.305,0.543,0.543,0.13,0.14
24.8,Pipe18XS,0,38.7,Pipe18XS,956,956,1910,18,106,106,F,PIPE,93.5,139,139,6.21,6.21,0.465,0.5
0.312,Pipe3/4STD,0,10,Pipe3/4SCH40,0.035,0.035,0.07,1.05,0.0671,0.0671,F,PIPE,1.13,0.0942,0.0942,0.336,0.336,0.105,0.113
22,Pipe16XS,0,34.4,Pipe16SCH40,665,665,1330,16,83.1,83.1,F,PIPE,82.9,109,109,5.5,5.5,0.465,0.5
27.6,Pipe20XS,0,43,Pipe20SCH30,1320,1320,2640,20,132,132,F,PIPE,104,172,172,6.91,6.91,0.465,0.5
0.234,Pipe1/2STD,0,8.32,Pipe1/2SCH40,0.016,0.016,0.032,0.84,0.0388,0.0388,F,PIPE,0.85,0.0555,0.0555,0.264,0.264,0.101,0.109
19.2,Pipe14XS,0,30.1,Pipe14XS,440,440,880,14,62.9,62.9,F,PIPE,72.2,82.7,82.7,4.79,4.79,0.465,0.5
17.5,Pipe12XS,0,27.4,Pipe12XS,339,339,678,12.75,53.2,53.2,F,PIPE,65.5,70.2,70.2,4.35,4.35,0.465,0.5
14.7,Pipe6XXS,0,8.23,Pipe6XXS,63.5,63.5,127,6.625,19.2,19.2,F,PIPE,53.2,27.4,27.4,2.08,2.08,0.805,0.864
7.66,Pipe4XXS,0,7.17,Pipe4XXS,14.7,14.7,29.4,4.5,6.53,6.53,F,PIPE,27.6,9.5,9.5,1.39,1.39,0.628,0.674
10.7,Pipe5XXS,0,7.96,Pipe5XXS,32.2,32.2,64.4,5.563,11.6,11.6,F,PIPE,38.6,16.7,16.7,1.74,1.74,0.699,0.75
5.17,Pipe3XXS,0,6.26,Pipe3XXS,5.79,5.79,11.6,3.5,3.31,3.31,F,PIPE,18.6,4.89,4.89,1.06,1.06,0.559,0.6
3.83,Pipe2-1/2XXS,0,5.59,Pipe2-1/2XXS,2.78,2.78,5.56,2.875,1.94,1.94,F,PIPE,13.7,2.91,2.91,0.854,0.854,0.514,0.552
2.51,Pipe2XXS,0,5.85,Pipe2XXS,1.27,1.27,2.54,2.375,1.07,1.07,F,PIPE,9.04,1.6,1.6,0.711,0.711,0.406,0.436
33.3,Pipe24XS,0,51.6,Pipe24XS,2310,2310,4620,24,192,192,F,PIPE,126,250,250,8.33,8.33,0.465,0.5
