A,AISC_name,Bout,C,EDI_Std_Nomenclature,Ht,Ix,Iy,J,Sx,Sy,T_F,Type,W,Zx,Zy,bin,b_tdes,h,h_tdes,rx,ry,tdes,tnom
32.1,HSS24X12X1/2,12,252,HSS24X12X.500,24,2420,829,1980,202,138,F,HSS,116.91,248,154,10.6,22.8,22.6,48.6,8.68,5.08,0.465,0.5
47.1,HSS24X12X3/4,12,366,HSS24X12X.750,24,3440,1170,2850,287,195,F,HSS,171.16,359,221,9.91,14.2,21.9,31.4,8.55,4.98,0.698,0.75
18.1,HSS20X12X5/16,12,134,HSS20X12X.313,20,1010,464,997,101,77.3,F,HSS,65.87,122,85.8,11.1,38.2,19.1,65.7,7.48,5.07,0.291,0.3125
30.3,HSS20X8X5/8,8,167,HSS20X8X.625,20,1440,338,916,144,84.6,F,HSS,110.36,185,96.4,6.26,10.8,18.3,31.4,6.89,3.34,0.581,0.625
39.6,HSS24X12X5/8,12,310,HSS24X12X.625,24,2940,1000,2430,245,167,F,HSS,144.39,304,188,10.3,17.7,22.3,38.4,8.62,5.03,0.581,0.625
18.7,HSS20X8X3/8,8,105,HSS20X8X.375,20,926,222,586,92.6,55.6,F,HSS,68.31,117,61.5,6.95,19.9,19,54.3,7.03,3.44,0.349,0.375
24.6,HSS20X8X1/2,8,137,HSS20X8X.500,20,1190,283,757,119,70.8,F,HSS,89.68,152,79.5,6.6,14.2,18.6,40,6.96,3.39,0.465,0.5
20.9,HSS20X4X1/2,4,63.8,HSS20X4X.500,20,838,58.7,195,83.8,29.3,F,HSS,76.07,115,34,2.6,5.6,18.6,40,6.33,1.68,0.465,0.5
15.7,HSS20X8X5/16,8,88.3,HSS20X8X.313,20,786,189,496,78.6,47.4,F,HSS,57.36,98.6,52,7.13,24.5,19.1,65.7,7.07,3.47,0.291,0.3125
16,HSS20X4X3/8,4,49.9,HSS20X4X.375,20,657,47.6,156,65.7,23.8,F,HSS,58.1,89.3,26.8,2.95,8.46,19,54.3,6.42,1.73,0.349,0.375
13.4,HSS20X4X5/16,4,42.4,HSS20X4X.313,20,560,41.2,134,56,20.6,F,HSS,48.86,75.6,22.9,3.13,10.7,19.1,65.7,6.46,1.75,0.291,0.3125
10.8,HSS20X4X1/4,4,34.7,HSS20X4X.250,20,458,34.3,111,45.8,17.1,F,HSS,39.43,61.5,18.7,3.3,14.2,19.3,82.8,6.5,1.78,0.233,0.25
44.3,HSS20X20X5/8,20,437,HSS20X20X.625,20,2750,2750,4320,275,275,F,HSS,161.4,320,320,18.3,31.5,18.3,31.5,7.88,7.88,0.581,0.625
67.3,HSS22X22X7/8,22,729,HSS22X22X.875,22,4970,4970,7890,452,452,F,HSS,244.88,530,530,19.6,24.1,19.6,24.1,8.59,8.59,0.814,0.875
58.2,HSS22X22X3/4,22,632,HSS22X22X.750,22,4350,4350,6860,395,395,F,HSS,212,462,462,19.9,28.5,19.9,28.5,8.65,8.65,0.698,0.75
60.8,HSS20X20X7/8,20,597,HSS20X20X.875,20,3670,3670,5870,367,367,F,HSS,221.06,433,433,17.6,21.6,17.6,21.6,7.77,7.77,0.814,0.875
52.6,HSS20X20X3/4,20,519,HSS20X20X.750,20,3230,3230,5110,323,323,F,HSS,191.58,378,378,17.9,25.6,17.9,25.6,7.84,7.84,0.698,0.75
47.1,HSS18X18X3/4,18,417,HSS18X18X.750,18,2320,2320,3690,258,258,F,HSS,171.16,302,302,15.9,22.8,15.9,22.8,7.02,7.02,0.698,0.75
21.5,HSS20X12X3/8,12,160,HSS20X12X.375,20,1200,547,1180,120,91.1,F,HSS,78.52,144,102,11,31.4,19,54.3,7.45,5.04,0.349,0.375
28.3,HSS20X12X1/2,12,209,HSS20X12X.500,20,1550,705,1540,155,117,F,HSS,103.3,188,132,10.6,22.8,18.6,40,7.39,4.99,0.465,0.5
54.3,HSS18X18X7/8,18,479,HSS18X18X.875,18,2630,2630,4220,292,292,F,HSS,197.24,346,346,15.6,19.2,15.6,19.2,6.96,6.96,0.814,0.875
35.8,HSS20X20X1/2,20,355,HSS20X20X.500,20,2260,2260,3510,226,226,F,HSS,130.52,261,261,18.6,40,18.6,40,7.95,7.95,0.465,0.5
35,HSS20X12X5/8,12,257,HSS20X12X.625,20,1880,851,1890,188,142,F,HSS,127.37,230,162,10.3,17.7,18.3,31.4,7.33,4.93,0.581,0.625
41.5,HSS20X12X3/4,12,303,HSS20X12X.750,20,2190,988,2220,219,165,F,HSS,150.75,270,190,9.91,14.2,17.9,25.6,7.26,4.88,0.698,0.75
25.7,HSS18X6X5/8,6,109,HSS18X6X.625,18,923,158,462,103,52.7,F,HSS,93.34,135,61,4.26,7.33,16.3,28,6,2.48,0.581,0.625
16,HSS18X6X3/8,6,69.5,HSS18X6X.375,18,602,106,302,66.9,35.5,F,HSS,58.1,86.4,39.5,4.95,14.2,17,48.6,6.15,2.58,0.349,0.375
20.9,HSS18X6X1/2,6,89.9,HSS18X6X.500,18,770,134,387,85.6,44.6,F,HSS,76.07,112,50.7,4.61,9.9,16.6,35.7,6.07,2.53,0.465,0.5
39.6,HSS18X18X5/8,18,352,HSS18X18X.625,18,1980,1980,3120,220,220,F,HSS,144.39,257,257,16.3,28.1,16.3,28.1,7.07,7.07,0.581,0.625
13.4,HSS18X6X5/16,6,58.7,HSS18X6X.313,18,513,91.3,257,57,30.4,F,HSS,48.86,73.1,33.5,5.13,17.6,17.1,58.9,6.18,2.61,0.291,0.3125
32.1,HSS18X18X1/2,18,286,HSS18X18X.500,18,1630,1630,2540,181,181,F,HSS,116.91,210,210,16.6,35.7,16.6,35.7,7.13,7.13,0.465,0.5
10.8,HSS18X6X1/4,6,47.7,HSS18X6X.250,18,419,75.1,210,46.5,25,F,HSS,39.43,59.4,27.3,5.3,22.8,17.3,74.3,6.22,2.63,0.233,0.25
41.5,HSS16X16X3/4,16,326,HSS16X16X.750,16,1590,1590,2560,199,199,F,HSS,150.75,235,235,13.9,19.9,13.9,19.9,6.19,6.19,0.698,0.75
35,HSS16X16X5/8,16,276,HSS16X16X.625,16,1370,1370,2170,171,171,F,HSS,127.37,200,200,14.3,24.5,14.3,24.5,6.25,6.25,0.581,0.625
28.3,HSS16X16X1/2,16,224,HSS16X16X.500,16,1130,1130,1770,141,141,F,HSS,103.3,164,164,14.6,31.4,14.6,31.4,6.31,6.31,0.465,0.5
21.5,HSS16X16X3/8,16,171,HSS16X16X.375,16,873,873,1350,109,109,F,HSS,78.52,126,126,15,42.8,15,42.8,6.37,6.37,0.349,0.375
18.1,HSS16X16X5/16,16,144,HSS16X16X.313,16,739,739,1140,92.3,92.3,F,HSS,65.87,106,106,15.1,52,15.1,52,6.39,6.39,0.291,0.3125
35.9,HSS16X12X3/4,12,240,HSS16X12X.750,16,1270,810,1610,159,135,F,HSS,130.33,193,158,9.91,14.2,13.9,19.9,5.95,4.75,0.698,0.75
30.3,HSS16X12X5/8,12,204,HSS16X12X.625,16,1090,700,1370,136,117,F,HSS,110.36,165,135,10.3,17.7,14.3,24.5,6,4.8,0.581,0.625
24.6,HSS16X12X1/2,12,166,HSS16X12X.500,16,904,581,1120,113,96.8,F,HSS,89.68,135,111,10.6,22.8,14.6,31.4,6.06,4.86,0.465,0.5
18.7,HSS16X12X3/8,12,127,HSS16X12X.375,16,702,452,862,87.7,75.3,F,HSS,68.31,104,85.5,11,31.4,15,42.8,6.12,4.91,0.349,0.375
15.7,HSS16X12X5/16,12,107,HSS16X12X.313,16,595,384,727,74.4,64,F,HSS,57.36,87.7,72.2,11.1,38.2,15.1,52,6.15,4.94,0.291,0.3125
25.7,HSS16X8X5/8,8,132,HSS16X8X.625,16,815,274,681,102,68.6,F,HSS,93.34,129,79.2,6.26,10.8,14.3,24.5,5.64,3.27,0.581,0.625
20.9,HSS16X8X1/2,8,108,HSS16X8X.500,16,679,230,563,84.9,57.6,F,HSS,76.07,106,65.5,6.6,14.2,14.6,31.4,5.7,3.32,0.465,0.5
16,HSS16X8X3/8,8,83.4,HSS16X8X.375,16,531,181,436,66.3,45.3,F,HSS,58.1,82.1,50.8,6.95,19.9,15,42.8,5.77,3.37,0.349,0.375
13.4,HSS16X8X5/16,8,70.4,HSS16X8X.313,16,451,155,369,56.4,38.7,F,HSS,48.86,69.4,43,7.13,24.5,15.1,52,5.8,3.4,0.291,0.3125
10.8,HSS16X8X1/4,8,57,HSS16X8X.250,16,368,127,300,46.1,31.7,F,HSS,39.43,56.4,35,7.3,31.3,15.3,65.7,5.83,3.42,0.233,0.25
21,HSS16X4X5/8,4,60.5,HSS16X4X.625,16,539,54.1,174,67.3,27,F,HSS,76.33,92.9,32.5,2.26,3.88,14.3,24.5,5.06,1.6,0.581,0.625
17.2,HSS16X4X1/2,4,50.7,HSS16X4X.500,16,455,47,150,56.9,23.5,F,HSS,62.46,77.3,27.4,2.6,5.6,14.6,31.4,5.15,1.65,0.465,0.5
13.2,HSS16X4X3/8,4,39.7,HSS16X4X.375,16,360,38.3,120,45,19.1,F,HSS,47.9,60.2,21.7,2.95,8.46,15,42.8,5.23,1.71,0.349,0.375
11.1,HSS16X4X5/16,4,33.8,HSS16X4X.313,16,308,33.2,103,38.5,16.6,F,HSS,40.35,51.1,18.5,3.13,10.7,15.1,52,5.27,1.73,0.291,0.3125
47.7,HSS16X16X7/8,16,373,HSS16X16X.875,16,1800,1800,2920,225,225,F,HSS,173.43,268,268,13.6,16.7,13.6,16.7,6.14,6.14,0.814,0.875
8.96,HSS16X4X1/4,4,27.6,HSS16X4X.250,16,253,27.7,85.2,31.6,13.8,F,HSS,32.63,41.7,15.2,3.3,14.2,15.3,65.7,5.31,1.76,0.233,0.25
6.76,HSS16X4X3/16,4,21.1,HSS16X4X.188,16,193,21.5,65.5,24.2,10.8,F,HSS,24.73,31.7,11.7,3.48,20,15.5,89,5.35,1.78,0.174,0.1875
41.2,HSS14X14X7/8,14,281,HSS14X14X.875,14,1170,1170,1910,167,167,F,HSS,149.61,201,201,11.6,14.3,11.6,14.3,5.33,5.33,0.814,0.875
35.9,HSS14X14X3/4,14,246,HSS14X14X.750,14,1040,1040,1680,149,149,F,HSS,130.33,177,177,11.9,17,11.9,17,5.38,5.38,0.698,0.75
30.3,HSS14X14X5/8,14,208,HSS14X14X.625,14,897,897,1430,128,128,F,HSS,110.36,151,151,12.3,21.1,12.3,21.1,5.44,5.44,0.581,0.625
24.6,HSS14X14X1/2,14,170,HSS14X14X.500,14,743,743,1170,106,106,F,HSS,89.68,124,124,12.6,27.1,12.6,27.1,5.49,5.49,0.465,0.5
18.7,HSS14X14X3/8,14,130,HSS14X14X.375,14,577,577,900,82.5,82.5,F,HSS,68.31,95.4,95.4,13,37.1,13,37.1,5.55,5.55,0.349,0.375
15.7,HSS14X14X5/16,14,109,HSS14X14X.313,14,490,490,759,69.9,69.9,F,HSS,57.36,80.5,80.5,13.1,45.1,13.1,45.1,5.58,5.58,0.291,0.3125
25.7,HSS14X10X5/8,10,146,HSS14X10X.625,14,687,407,832,98.2,81.5,F,HSS,93.34,120,95.1,8.26,14.2,12.3,21.1,5.17,3.98,0.581,0.625
20.9,HSS14X10X1/2,10,120,HSS14X10X.500,14,573,341,685,81.8,68.1,F,HSS,76.07,98.8,78.5,8.6,18.5,12.6,27.1,5.23,4.04,0.465,0.5
16,HSS14X10X3/8,10,91.8,HSS14X10X.375,14,447,267,528,63.9,53.4,F,HSS,58.1,76.3,60.7,8.95,25.7,13,37.1,5.29,4.09,0.349,0.375
21,HSS14X6X5/8,6,83.7,HSS14X6X.625,14,478,124,334,68.3,41.2,F,HSS,76.33,88.7,48.4,4.26,7.33,12.3,21.1,4.77,2.43,0.581,0.625
13.4,HSS14X10X5/16,10,77.4,HSS14X10X.313,14,380,227,446,54.3,45.5,F,HSS,48.86,64.6,51.4,9.13,31.4,13.1,45.1,5.32,4.12,0.291,0.3125
10.8,HSS14X10X1/4,10,62.6,HSS14X10X.250,14,310,186,362,44.3,37.2,F,HSS,39.43,52.4,41.8,9.3,39.9,13.3,57.1,5.35,4.14,0.233,0.25
11.1,HSS14X6X5/16,6,45.5,HSS14X6X.313,14,271,72.3,186,38.7,24.1,F,HSS,40.35,48.6,26.9,5.13,17.6,13.1,45.1,4.94,2.55,0.291,0.3125
17.2,HSS14X6X1/2,6,69.3,HSS14X6X.500,14,402,105,279,57.4,35.1,F,HSS,62.46,73.6,40.4,4.61,9.9,12.6,27.1,4.84,2.48,0.465,0.5
13.2,HSS14X6X3/8,6,53.7,HSS14X6X.375,14,317,84.1,219,45.3,28,F,HSS,47.9,57.3,31.6,4.95,14.2,13,37.1,4.91,2.53,0.349,0.375
18.7,HSS14X4X5/8,4,52.6,HSS14X4X.625,14,373,47.2,148,53.3,23.6,F,HSS,67.82,73.1,28.5,2.26,3.88,12.3,21.1,4.47,1.59,0.581,0.625
8.96,HSS14X6X1/4,6,36.9,HSS14X6X.250,14,222,59.6,152,31.7,19.9,F,HSS,32.63,39.6,22,5.3,22.8,13.3,57.1,4.98,2.58,0.233,0.25
6.76,HSS14X6X3/16,6,28,HSS14X6X.188,14,170,45.9,116,24.3,15.3,F,HSS,24.73,30.1,16.7,5.48,31.5,13.5,77.5,5.01,2.61,0.174,0.1875
9.92,HSS14X4X5/16,4,29.5,HSS14X4X.313,14,216,29.2,87.7,30.9,14.6,F,HSS,36.1,40.6,16.4,3.13,10.7,13.1,45.1,4.67,1.72,0.291,0.3125
6.06,HSS14X4X3/16,4,18.4,HSS14X4X.188,14,137,19,55.8,19.5,9.48,F,HSS,22.18,25.3,10.3,3.48,20,13.5,77.5,4.74,1.77,0.174,0.1875
8.03,HSS14X4X1/4,4,24.1,HSS14X4X.250,14,178,24.4,72.4,25.4,12.2,F,HSS,29.23,33.2,13.5,3.3,14.2,13.3,57.1,4.71,1.74,0.233,0.25
15.3,HSS14X4X1/2,4,44.1,HSS14X4X.500,14,317,41.2,127,45.3,20.6,F,HSS,55.66,61,24.1,2.6,5.6,12.6,27.1,4.55,1.64,0.465,0.5
25.7,HSS12X12X5/8,12,151,HSS12X12X.625,12,548,548,885,91.4,91.4,F,HSS,93.34,109,109,10.3,17.7,10.3,17.7,4.62,4.62,0.581,0.625
11.8,HSS14X4X3/8,4,34.6,HSS14X4X.375,14,252,33.6,102,36,16.8,F,HSS,42.79,47.8,19.1,2.95,8.46,13,37.1,4.63,1.69,0.349,0.375
30.3,HSS12X12X3/4,12,177,HSS12X12X.750,12,631,631,1030,105,105,F,HSS,109.91,127,127,9.91,14.2,9.91,14.2,4.56,4.56,0.698,0.75
20.9,HSS12X12X1/2,12,123,HSS12X12X.500,12,457,457,728,76.2,76.2,F,HSS,76.07,89.6,89.6,10.6,22.8,10.6,22.8,4.68,4.68,0.465,0.5
13.4,HSS12X12X5/16,12,79.7,HSS12X12X.313,12,304,304,474,50.7,50.7,F,HSS,48.86,58.6,58.6,11.1,38.2,11.1,38.2,4.76,4.76,0.291,0.3125
19,HSS12X10X1/2,10,102,HSS12X10X.500,12,395,298,545,65.9,59.7,F,HSS,69.27,78.8,69.6,8.6,18.5,10.6,22.8,4.56,3.96,0.465,0.5
12.2,HSS12X10X5/16,10,66.1,HSS12X10X.313,12,264,200,356,44,40,F,HSS,44.6,51.7,45.7,9.13,31.4,11.1,38.2,4.64,4.04,0.291,0.3125
14.6,HSS12X10X3/8,10,78.3,HSS12X10X.375,12,310,234,421,51.6,46.9,F,HSS,53,61.1,54,8.95,25.7,11,31.4,4.61,4.01,0.349,0.375
10.8,HSS12X12X1/4,12,64.5,HSS12X12X.250,12,248,248,384,41.4,41.4,F,HSS,39.43,47.6,47.6,11.3,48.5,11.3,48.5,4.79,4.79,0.233,0.25
8.15,HSS12X12X3/16,12,48.6,HSS12X12X.188,12,189,189,290,31.5,31.5,F,HSS,29.84,36,36,11.5,66,11.5,66,4.82,4.82,0.174,0.1875
16,HSS12X12X3/8,12,94.6,HSS12X12X.375,12,357,357,561,59.5,59.5,F,HSS,58.1,69.2,69.2,11,31.4,11,31.4,4.73,4.73,0.349,0.375
17.2,HSS12X8X1/2,8,80.4,HSS12X8X.500,12,333,178,377,55.6,44.4,F,HSS,62.46,68.1,51.5,6.6,14.2,10.6,22.8,4.41,3.21,0.465,0.5
21,HSS12X8X5/8,8,97.7,HSS12X8X.625,12,397,210,454,66.1,52.5,F,HSS,76.33,82.1,61.9,6.26,10.8,10.3,17.7,4.34,3.16,0.581,0.625
9.9,HSS12X10X1/4,10,53.5,HSS12X10X.250,12,216,164,289,36,32.7,F,HSS,36.03,42.1,37.2,9.3,39.9,11.3,48.5,4.67,4.07,0.233,0.25
11.1,HSS12X8X5/16,8,52.4,HSS12X8X.313,12,224,120,248,37.4,30.1,F,HSS,40.35,44.9,34.1,7.13,24.5,11.1,38.2,4.5,3.29,0.291,0.3125
8.96,HSS12X8X1/4,8,42.5,HSS12X8X.250,12,184,98.8,202,30.6,24.7,F,HSS,32.63,36.6,27.8,7.3,31.3,11.3,48.5,4.53,3.32,0.233,0.25
13.2,HSS12X8X3/8,8,62.1,HSS12X8X.375,12,262,140,293,43.7,35.1,F,HSS,47.9,53,40.1,6.95,19.9,11,31.4,4.47,3.27,0.349,0.375
18.7,HSS12X6X5/8,6,71.1,HSS12X6X.625,12,321,107,271,53.4,35.5,F,HSS,67.82,68.8,42.1,4.26,7.33,10.3,17.7,4.14,2.39,0.581,0.625
6.76,HSS12X8X3/16,8,32.2,HSS12X8X.188,12,140,75.7,153,23.4,18.9,F,HSS,24.73,27.8,21.1,7.48,43,11.5,66,4.56,3.35,0.174,0.1875
15.3,HSS12X6X1/2,6,59,HSS12X6X.500,12,271,91.1,227,45.2,30.4,F,HSS,55.66,57.4,35.2,4.61,9.9,10.6,22.8,4.21,2.44,0.465,0.5
11.8,HSS12X6X3/8,6,45.8,HSS12X6X.375,12,215,72.9,178,35.9,24.3,F,HSS,42.79,44.8,27.7,4.95,14.2,11,31.4,4.28,2.49,0.349,0.375
9.92,HSS12X6X5/16,6,38.8,HSS12X6X.313,12,184,62.8,152,30.7,20.9,F,HSS,36.1,38.1,23.6,5.13,17.6,11.1,38.2,4.31,2.52,0.291,0.3125
8.03,HSS12X6X1/4,6,31.6,HSS12X6X.250,12,151,51.9,124,25.2,17.3,F,HSS,29.23,31.1,19.3,5.3,22.8,11.3,48.5,4.34,2.54,0.233,0.25
6.06,HSS12X6X3/16,6,24,HSS12X6X.188,12,116,40,94.6,19.4,13.3,F,HSS,22.18,23.7,14.7,5.48,31.5,11.5,66,4.38,2.57,0.174,0.1875
16.4,HSS12X4X5/8,4,44.6,HSS12X4X.625,12,245,40.4,122,40.8,20.2,F,HSS,59.32,55.5,24.5,2.26,3.88,10.3,17.7,3.87,1.57,0.581,0.625
13.5,HSS12X4X1/2,4,37.5,HSS12X4X.500,12,210,35.3,105,34.9,17.7,F,HSS,48.85,46.7,20.9,2.6,5.6,10.6,22.8,3.95,1.62,0.465,0.5
10.4,HSS12X4X3/8,4,29.5,HSS12X4X.375,12,168,28.9,84.1,28,14.5,F,HSS,37.69,36.7,16.6,2.95,8.46,11,31.4,4.02,1.67,0.349,0.375
8.76,HSS12X4X5/16,4,25.2,HSS12X4X.313,12,144,25.2,72.4,24.1,12.6,F,HSS,31.84,31.3,14.2,3.13,10.7,11.1,38.2,4.06,1.7,0.291,0.3125
7.1,HSS12X4X1/4,4,20.6,HSS12X4X.250,12,119,21,59.8,19.9,10.5,F,HSS,25.82,25.6,11.7,3.3,14.2,11.3,48.5,4.1,1.72,0.233,0.25
5.37,HSS12X4X3/16,4,15.7,HSS12X4X.188,12,91.8,16.4,46.1,15.3,8.2,F,HSS,19.63,19.6,9,3.48,20,11.5,66,4.13,1.75,0.174,0.1875
10,HSS12X3-1/2X3/8,3.5,25.5,HSS12X3-1/2X.375,12,156,21.3,64.7,26,12.2,F,HSS,36.41,34.7,14,2.45,7.03,11,31.4,3.94,1.46,0.349,0.375
8.46,HSS12X3-1/2X5/16,3.5,21.8,HSS12X3-1/2X.313,12,134,18.6,56,22.4,10.6,F,HSS,30.78,29.6,12.1,2.63,9.03,11.1,38.2,3.98,1.48,0.291,0.3125
8.17,HSS12X3X5/16,3,18.4,HSS12X3X.313,12,124,13.1,41.3,20.7,8.73,F,HSS,29.72,27.9,10,2.13,7.31,11.1,38.2,3.9,1.27,0.291,0.3125
6.63,HSS12X3X1/4,3,15.1,HSS12X3X.250,12,103,11.1,34.5,17.2,7.38,F,HSS,24.12,22.9,8.28,2.3,9.88,11.3,48.5,3.94,1.29,0.233,0.25
5.02,HSS12X3X3/16,3,11.6,HSS12X3X.188,12,79.6,8.72,26.8,13.3,5.81,F,HSS,18.35,17.5,6.4,2.48,14.2,11.5,66,3.98,1.32,0.174,0.1875
6.17,HSS12X2X1/4,2,9.64,HSS12X2X.250,12,86.9,4.41,15.1,14.5,4.41,F,HSS,22.42,20.1,5.08,1.3,5.58,11.3,48.5,3.75,0.845,0.233,0.25
7.59,HSS12X2X5/16,2,11.6,HSS12X2X.313,12,104,5.1,17.6,17.4,5.1,F,HSS,27.59,24.5,6.05,1.13,3.87,11.1,38.2,3.71,0.82,0.291,0.3125
4.67,HSS12X2X3/16,2,7.49,HSS12X2X.188,12,67.4,3.55,12,11.2,3.55,F,HSS,17.08,15.5,3.97,1.48,8.49,11.5,66,3.8,0.872,0.174,0.1875
24.7,HSS10X10X3/4,10,119,HSS10X10X.750,10,347,347,578,69.4,69.4,T,HSS,89.5,84.7,84.7,7.91,11.3,7.91,11.3,3.75,3.75,0.698,0.75
21,HSS10X10X5/8,10,102,HSS10X10X.625,10,304,304,498,60.8,60.8,F,HSS,76.33,73.2,73.2,8.26,14.2,8.26,14.2,3.8,3.8,0.581,0.625
17.2,HSS10X10X1/2,10,84.2,HSS10X10X.500,10,256,256,412,51.2,51.2,F,HSS,62.46,60.7,60.7,8.6,18.5,8.6,18.5,3.86,3.86,0.465,0.5
13.2,HSS10X10X3/8,10,64.8,HSS10X10X.375,10,202,202,320,40.4,40.4,F,HSS,47.9,47.2,47.2,8.95,25.7,8.95,25.7,3.92,3.92,0.349,0.375
8.96,HSS10X10X1/4,10,44.4,HSS10X10X.250,10,141,141,220,28.3,28.3,F,HSS,32.63,32.7,32.7,9.3,39.9,9.3,39.9,3.97,3.97,0.233,0.25
11.1,HSS10X10X5/16,10,54.8,HSS10X10X.313,10,172,172,271,34.5,34.5,F,HSS,40.35,40.1,40.1,9.13,31.4,9.13,31.4,3.94,3.94,0.291,0.3125
6.76,HSS10X10X3/16,10,33.6,HSS10X10X.188,10,108,108,167,21.6,21.6,F,HSS,24.73,24.8,24.8,9.48,54.5,9.48,54.5,4,4,0.174,0.1875
18.7,HSS10X8X5/8,8,80.4,HSS10X8X.625,10,253,178,346,50.5,44.5,F,HSS,67.82,62.2,53.3,6.26,10.8,8.26,14.2,3.68,3.09,0.581,0.625
15.3,HSS10X8X1/2,8,66.4,HSS10X8X.500,10,214,151,288,42.7,37.8,F,HSS,55.66,51.9,44.5,6.6,14.2,8.6,18.5,3.73,3.14,0.465,0.5
11.8,HSS10X8X3/8,8,51.4,HSS10X8X.375,10,169,120,224,33.9,30,F,HSS,42.79,40.5,34.8,6.95,19.9,8.95,25.7,3.79,3.19,0.349,0.375
9.92,HSS10X8X5/16,8,43.5,HSS10X8X.313,10,145,103,190,29,25.7,F,HSS,36.1,34.4,29.6,7.13,24.5,9.13,31.4,3.82,3.22,0.291,0.3125
8.03,HSS10X8X1/4,8,35.3,HSS10X8X.250,10,119,84.7,155,23.8,21.2,F,HSS,29.23,28.1,24.2,7.3,31.3,9.3,39.9,3.85,3.25,0.233,0.25
6.06,HSS10X8X3/16,8,26.7,HSS10X8X.188,10,91.4,65.1,118,18.3,16.3,F,HSS,22.18,21.4,18.4,7.48,43,9.48,54.5,3.88,3.28,0.174,0.1875
16.4,HSS10X6X5/8,6,58.6,HSS10X6X.625,10,201,89.4,209,40.2,29.8,F,HSS,59.32,51.3,35.8,4.26,7.33,8.26,14.2,3.5,2.34,0.581,0.625
13.5,HSS10X6X1/2,6,48.7,HSS10X6X.500,10,171,76.8,176,34.3,25.6,F,HSS,48.85,43,30.1,4.61,9.9,8.6,18.5,3.57,2.39,0.465,0.5
10.4,HSS10X6X3/8,6,37.9,HSS10X6X.375,10,137,61.8,139,27.4,20.6,F,HSS,37.69,33.8,23.7,4.95,14.2,8.95,25.7,3.63,2.44,0.349,0.375
8.76,HSS10X6X5/16,6,32.2,HSS10X6X.313,10,118,53.3,118,23.5,17.8,F,HSS,31.84,28.8,20.2,5.13,17.6,9.13,31.4,3.66,2.47,0.291,0.3125
7.1,HSS10X6X1/4,6,26.2,HSS10X6X.250,10,96.9,44.1,96.7,19.4,14.7,F,HSS,25.82,23.6,16.6,5.3,22.8,9.3,39.9,3.69,2.49,0.233,0.25
9.67,HSS10X5X3/8,5,31.2,HSS10X5X.375,10,120,40.6,100,24.1,16.2,F,HSS,35.13,30.4,18.7,3.95,11.3,8.95,25.7,3.53,2.05,0.349,0.375
5.37,HSS10X6X3/16,6,19.9,HSS10X6X.188,10,74.6,34.1,73.8,14.9,11.4,F,HSS,19.63,18,12.7,5.48,31.5,9.48,54.5,3.73,2.52,0.174,0.1875
6.63,HSS10X5X1/4,5,21.6,HSS10X5X.250,10,85.8,29.3,70.7,17.2,11.7,F,HSS,24.12,21.3,13.2,4.3,18.5,9.3,39.9,3.6,2.1,0.233,0.25
8.17,HSS10X5X5/16,5,26.5,HSS10X5X.313,10,104,35.2,86,20.8,14.1,F,HSS,29.72,26,16,4.13,14.2,9.13,31.4,3.56,2.07,0.291,0.3125
14,HSS10X4X5/8,4,36.7,HSS10X4X.625,10,149,33.5,95.7,29.9,16.8,F,HSS,50.81,40.3,20.6,2.26,3.88,8.26,14.2,3.26,1.54,0.581,0.625
5.02,HSS10X5X3/16,5,16.5,HSS10X5X.188,10,66.2,22.7,54.1,13.2,9.09,F,HSS,18.35,16.3,10.1,4.48,25.7,9.48,54.5,3.63,2.13,0.174,0.1875
8.97,HSS10X4X3/8,4,24.4,HSS10X4X.375,10,104,24.3,66.5,20.8,12.1,F,HSS,32.58,27,14,2.95,8.46,8.95,25.7,3.41,1.64,0.349,0.375
11.6,HSS10X4X1/2,4,31,HSS10X4X.500,10,129,29.5,82.6,25.8,14.7,F,HSS,42.05,34.1,17.6,2.6,5.6,8.6,18.5,3.34,1.59,0.465,0.5
6.17,HSS10X4X1/4,4,17.1,HSS10X4X.250,10,74.7,17.7,47.4,14.9,8.87,F,HSS,22.42,19,10,3.3,14.2,9.3,39.9,3.48,1.7,0.233,0.25
7.59,HSS10X4X5/16,4,20.9,HSS10X4X.313,10,90.1,21.2,57.3,18,10.6,F,HSS,27.59,23.1,12.1,3.13,10.7,9.13,31.4,3.44,1.67,0.291,0.3125
4.67,HSS10X4X3/16,4,13.1,HSS10X4X.188,10,57.8,13.9,36.5,11.6,6.93,F,HSS,17.08,14.6,7.66,3.48,20,9.48,54.5,3.52,1.72,0.174,0.1875
11.1,HSS10X3-1/2X1/2,3.5,26.5,HSS10X3-1/2X.500,10,118,21.4,63.2,23.7,12.2,F,HSS,40.34,31.9,14.7,2.1,4.53,8.6,18.5,3.26,1.39,0.465,0.5
8.62,HSS10X3-1/2X3/8,3.5,21.1,HSS10X3-1/2X.375,10,96.1,17.8,51.5,19.2,10.2,F,HSS,31.31,25.3,11.8,2.45,7.03,8.95,25.7,3.34,1.44,0.349,0.375
3.16,HSS10X4X1/8,4,8.9,HSS10X4X.125,10,39.8,9.65,25.1,7.97,4.83,F,HSS,11.56,10,5.26,3.65,31.5,9.65,83.2,3.55,1.75,0.116,0.125
7.3,HSS10X3-1/2X5/16,3.5,18,HSS10X3-1/2X.313,10,83.2,15.6,44.6,16.6,8.92,F,HSS,26.53,21.7,10.2,2.63,9.03,9.13,31.4,3.38,1.46,0.291,0.3125
4.5,HSS10X3-1/2X3/16,3.5,11.4,HSS10X3-1/2X.188,10,53.6,10.3,28.6,10.7,5.89,F,HSS,16.44,13.7,6.52,2.98,17.1,9.48,54.5,3.45,1.51,0.174,0.1875
5.93,HSS10X3-1/2X1/4,3.5,14.8,HSS10X3-1/2X.250,10,69.1,13.1,37,13.8,7.51,F,HSS,21.57,17.9,8.45,2.8,12,9.3,39.9,3.41,1.49,0.233,0.25
3.04,HSS10X3-1/2X1/8,3.5,7.75,HSS10X3-1/2X.125,10,37,7.22,19.8,7.4,4.12,F,HSS,11.13,9.37,4.48,3.15,27.2,9.65,83.2,3.49,1.54,0.116,0.125
8.27,HSS10X3X3/8,3,17.7,HSS10X3X.375,10,88,12.4,37.8,17.6,8.28,F,HSS,30.03,23.7,9.73,1.95,5.6,8.95,25.7,3.26,1.22,0.349,0.375
5.7,HSS10X3X1/4,3,12.5,HSS10X3X.250,10,63.6,9.28,27.6,12.7,6.19,F,HSS,20.72,16.7,6.99,2.3,9.88,9.3,39.9,3.34,1.28,0.233,0.25
7.01,HSS10X3X5/16,3,15.2,HSS10X3X.313,10,76.3,11,33,15.3,7.3,F,HSS,25.46,20.3,8.42,2.13,7.31,9.13,31.4,3.3,1.25,0.291,0.3125
4.32,HSS10X3X3/16,3,9.64,HSS10X3X.188,10,49.4,7.33,21.5,9.87,4.89,F,HSS,15.8,12.8,5.41,2.48,14.2,9.48,54.5,3.38,1.3,0.174,0.1875
2.93,HSS10X3X1/8,3,6.61,HSS10X3X.125,10,34.2,5.16,14.9,6.83,3.44,F,HSS,10.71,8.8,3.74,2.65,22.9,9.65,83.2,3.42,1.33,0.116,0.125
7.58,HSS10X2X3/8,2,11,HSS10X2X.375,10,71.7,4.7,15.9,14.3,4.7,F,HSS,27.48,20.3,5.76,0.953,2.73,8.95,25.7,3.08,0.787,0.349,0.375
6.43,HSS10X2X5/16,2,9.56,HSS10X2X.313,10,62.6,4.24,14.2,12.5,4.24,F,HSS,23.34,17.5,5.06,1.13,3.87,9.13,31.4,3.12,0.812,0.291,0.3125
5.24,HSS10X2X1/4,2,7.99,HSS10X2X.250,10,52.5,3.67,12.2,10.5,3.67,F,HSS,19.02,14.4,4.26,1.3,5.58,9.3,39.9,3.17,0.838,0.233,0.25
3.98,HSS10X2X3/16,2,6.22,HSS10X2X.188,10,41,2.97,9.74,8.19,2.97,F,HSS,14.53,11.1,3.34,1.48,8.49,9.48,54.5,3.21,0.864,0.174,0.1875
2.7,HSS10X2X1/8,2,4.31,HSS10X2X.125,10,28.5,2.14,6.9,5.7,2.14,F,HSS,9.86,7.65,2.33,1.65,14.2,9.65,83.2,3.25,0.89,0.116,0.125
18.7,HSS9X9X5/8,9,81.6,HSS9X9X.625,9,216,216,356,47.9,47.9,F,HSS,67.82,58.1,58.1,7.26,12.5,7.26,12.5,3.4,3.4,0.581,0.625
15.3,HSS9X9X1/2,9,67.4,HSS9X9X.500,9,183,183,296,40.6,40.6,F,HSS,55.66,48.4,48.4,7.6,16.4,7.6,16.4,3.45,3.45,0.465,0.5
11.8,HSS9X9X3/8,9,52.1,HSS9X9X.375,9,145,145,231,32.2,32.2,F,HSS,42.79,37.8,37.8,7.95,22.8,7.95,22.8,3.51,3.51,0.349,0.375
6.06,HSS9X9X3/16,9,27.1,HSS9X9X.188,9,78.2,78.2,121,17.4,17.4,F,HSS,22.18,20,20,8.48,48.7,8.48,48.7,3.59,3.59,0.174,0.1875
9.92,HSS9X9X5/16,9,44,HSS9X9X.313,9,124,124,196,27.6,27.6,F,HSS,36.1,32.1,32.1,8.13,27.9,8.13,27.9,3.54,3.54,0.291,0.3125
8.03,HSS9X9X1/4,9,35.8,HSS9X9X.250,9,102,102,159,22.7,22.7,F,HSS,29.23,26.2,26.2,8.3,35.6,8.3,35.6,3.56,3.56,0.233,0.25
10.4,HSS9X7X3/8,7,40,HSS9X7X.375,9,119,80.4,154,26.4,23,F,HSS,37.69,31.8,26.7,5.95,17.1,7.95,22.8,3.38,2.78,0.349,0.375
13.5,HSS9X7X1/2,7,51.5,HSS9X7X.500,9,149,100,197,33,28.7,F,HSS,48.85,40.5,34,5.6,12.1,7.6,16.4,3.32,2.73,0.465,0.5
16.4,HSS9X7X5/8,7,62,HSS9X7X.625,9,174,117,235,38.7,33.5,F,HSS,59.32,48.3,40.5,5.26,9.05,7.26,12.5,3.26,2.68,0.581,0.625
4.09,HSS9X9X1/8,9,18.3,HSS9X9X.125,9,53.5,53.5,82,11.9,11.9,F,HSS,14.96,13.6,13.6,8.65,74.6,8.65,74.6,3.62,3.62,0.116,0.125
5.37,HSS9X7X3/16,7,20.9,HSS9X7X.188,9,64.7,44.1,81.7,14.4,12.6,F,HSS,19.63,16.9,14.3,6.48,37.2,8.48,48.7,3.47,2.87,0.174,0.1875
8.76,HSS9X7X5/16,7,33.9,HSS9X7X.313,9,102,69.2,131,22.6,19.8,F,HSS,31.84,27.1,22.8,6.13,21.1,8.13,27.9,3.41,2.81,0.291,0.3125
7.1,HSS9X7X1/4,7,27.6,HSS9X7X.250,9,84.1,57.2,107,18.7,16.3,F,HSS,25.82,22.2,18.7,6.3,27,8.3,35.6,3.44,2.84,0.233,0.25
8.97,HSS9X5X3/8,5,27.9,HSS9X5X.375,9,92.5,36.8,86.9,20.5,14.7,F,HSS,32.58,25.7,17.1,3.95,11.3,7.95,22.8,3.21,2.03,0.349,0.375
7.59,HSS9X5X5/16,5,23.8,HSS9X5X.313,9,79.8,32,74.4,17.7,12.8,F,HSS,27.59,22,14.6,4.13,14.2,8.13,27.9,3.24,2.05,0.291,0.3125
11.6,HSS9X5X1/2,5,35.6,HSS9X5X.500,9,115,45.2,109,25.5,18.1,F,HSS,42.05,32.5,21.5,3.6,7.75,7.6,16.4,3.14,1.97,0.465,0.5
6.17,HSS9X5X1/4,5,19.4,HSS9X5X.250,9,66.1,26.6,61.2,14.7,10.6,F,HSS,22.42,18.1,12,4.3,18.5,8.3,35.6,3.27,2.08,0.233,0.25
4.67,HSS9X5X3/16,5,14.8,HSS9X5X.188,9,51.1,20.7,46.9,11.4,8.28,F,HSS,17.08,13.8,9.25,4.48,25.7,8.48,48.7,3.31,2.1,0.174,0.1875
9.74,HSS9X3X1/2,3,19.7,HSS9X3X.500,9,80.8,13.2,40,18,8.81,F,HSS,35.24,24.6,10.8,1.6,3.45,7.6,16.4,2.88,1.17,0.465,0.5
7.58,HSS9X3X3/8,3,15.8,HSS9X3X.375,9,66.3,11.2,33.1,14.7,7.45,F,HSS,27.48,19.7,8.8,1.95,5.6,7.95,22.8,2.96,1.21,0.349,0.375
6.43,HSS9X3X5/16,3,13.6,HSS9X3X.313,9,57.7,9.88,28.9,12.8,6.59,F,HSS,23.34,16.9,7.63,2.13,7.31,8.13,27.9,3,1.24,0.291,0.3125
5.24,HSS9X3X1/4,3,11.3,HSS9X3X.250,9,48.2,8.38,24.2,10.7,5.59,F,HSS,19.02,14,6.35,2.3,9.88,8.3,35.6,3.04,1.27,0.233,0.25
3.98,HSS9X3X3/16,3,8.66,HSS9X3X.188,9,37.6,6.64,18.9,8.35,4.42,F,HSS,14.53,10.8,4.92,2.48,14.2,8.48,48.7,3.07,1.29,0.174,0.1875
16.4,HSS8X8X5/8,8,63.2,HSS8X8X.625,8,146,146,244,36.5,36.5,F,HSS,59.32,44.7,44.7,6.26,10.8,6.26,10.8,2.99,2.99,0.581,0.625
13.5,HSS8X8X1/2,8,52.4,HSS8X8X.500,8,125,125,204,31.2,31.2,F,HSS,48.85,37.5,37.5,6.6,14.2,6.6,14.2,3.04,3.04,0.465,0.5
10.4,HSS8X8X3/8,8,40.7,HSS8X8X.375,8,100,100,160,24.9,24.9,F,HSS,37.69,29.4,29.4,6.95,19.9,6.95,19.9,3.1,3.1,0.349,0.375
8.76,HSS8X8X5/16,8,34.5,HSS8X8X.313,8,85.6,85.6,136,21.4,21.4,F,HSS,31.84,25.1,25.1,7.13,24.5,7.13,24.5,3.13,3.13,0.291,0.3125
7.1,HSS8X8X1/4,8,28.1,HSS8X8X.250,8,70.7,70.7,111,17.7,17.7,F,HSS,25.82,20.5,20.5,7.3,31.3,7.3,31.3,3.15,3.15,0.233,0.25
5.37,HSS8X8X3/16,8,21.3,HSS8X8X.188,8,54.4,54.4,84.5,13.6,13.6,F,HSS,19.63,15.7,15.7,7.48,43,7.48,43,3.18,3.18,0.174,0.1875
3.62,HSS8X8X1/8,8,14.4,HSS8X8X.125,8,37.4,37.4,57.3,9.34,9.34,F,HSS,13.26,10.7,10.7,7.65,66,7.65,66,3.21,3.21,0.116,0.125
14,HSS8X6X5/8,6,46,HSS8X6X.625,8,114,72.3,150,28.5,24.1,F,HSS,50.81,36.1,29.5,4.26,7.33,6.26,10.8,2.85,2.27,0.581,0.625
14,HSS9X5X5/8,5,42.5,HSS9X5X.625,9,133,52,128,29.6,20.8,F,HSS,50.81,38.5,25.3,3.26,5.61,7.26,12.5,3.08,1.92,0.581,0.625
11.6,HSS8X6X1/2,6,38.4,HSS8X6X.500,8,98.2,62.5,127,24.6,20.8,F,HSS,42.05,30.5,24.9,4.61,9.9,6.6,14.2,2.91,2.32,0.465,0.5
8.97,HSS8X6X3/8,6,30,HSS8X6X.375,8,79.1,50.6,100,19.8,16.9,F,HSS,32.58,24.1,19.8,4.95,14.2,6.95,19.9,2.97,2.38,0.349,0.375
7.59,HSS8X6X5/16,6,25.5,HSS8X6X.313,8,68.3,43.8,85.8,17.1,14.6,F,HSS,27.59,20.6,16.9,5.13,17.6,7.13,24.5,3,2.4,0.291,0.3125
6.17,HSS8X6X1/4,6,20.8,HSS8X6X.250,8,56.6,36.4,70.3,14.2,12.1,F,HSS,22.42,16.9,13.9,5.3,22.8,7.3,31.3,3.03,2.43,0.233,0.25
4.67,HSS8X6X3/16,6,15.8,HSS8X6X.188,8,43.7,28.2,53.7,10.9,9.39,F,HSS,17.08,13,10.7,5.48,31.5,7.48,43,3.06,2.46,0.174,0.1875
11.7,HSS8X4X5/8,4,28.7,HSS8X4X.625,8,82,26.6,70.3,20.5,13.3,F,HSS,42.3,27.4,16.6,2.26,3.88,6.26,10.8,2.64,1.51,0.581,0.625
9.74,HSS8X4X1/2,4,24.4,HSS8X4X.500,8,71.8,23.6,61.1,17.9,11.8,F,HSS,35.24,23.5,14.3,2.6,5.6,6.6,14.2,2.71,1.56,0.465,0.5
6.43,HSS8X4X5/16,4,16.5,HSS8X4X.313,8,51,17.2,42.6,12.8,8.58,F,HSS,23.34,16.1,9.91,3.13,10.7,7.13,24.5,2.82,1.63,0.291,0.3125
7.58,HSS8X4X3/8,4,19.3,HSS8X4X.375,8,58.7,19.6,49.3,14.7,9.8,F,HSS,27.48,18.8,11.5,2.95,8.46,6.95,19.9,2.78,1.61,0.349,0.375
2.7,HSS8X4X1/8,4,7.1,HSS8X4X.125,8,22.9,7.9,18.7,5.73,3.95,F,HSS,9.86,7.02,4.36,3.65,31.5,7.65,66,2.92,1.71,0.116,0.125
5.24,HSS8X4X1/4,4,13.6,HSS8X4X.250,8,42.5,14.4,35.3,10.6,7.21,F,HSS,19.02,13.3,8.2,3.3,14.2,7.3,31.3,2.85,1.66,0.233,0.25
3.98,HSS8X4X3/16,4,10.4,HSS8X4X.188,8,33.1,11.3,27.2,8.27,5.65,F,HSS,14.53,10.2,6.33,3.48,20,7.48,43,2.88,1.69,0.174,0.1875
4.77,HSS8X3X1/4,3,10,HSS8X3X.250,8,35.5,7.49,20.8,8.88,4.99,F,HSS,17.32,11.5,5.7,2.3,9.88,7.3,31.3,2.73,1.25,0.233,0.25
8.81,HSS8X3X1/2,3,17.4,HSS8X3X.500,8,58.6,11.7,34.3,14.6,7.81,F,HSS,31.84,20,9.64,1.6,3.45,6.6,14.2,2.58,1.15,0.465,0.5
6.88,HSS8X3X3/8,3,14,HSS8X3X.375,8,48.5,10,28.5,12.1,6.63,F,HSS,24.93,16.1,7.88,1.95,5.6,6.95,19.9,2.65,1.2,0.349,0.375
7.59,HSS7X7X5/16,7,26.1,HSS7X7X.313,7,56.1,56.1,89.7,16,16,F,HSS,27.59,18.9,18.9,6.13,21.1,6.13,21.1,2.72,2.72,0.291,0.3125
6.17,HSS7X7X1/4,7,21.3,HSS7X7X.250,7,46.5,46.5,73.5,13.3,13.3,F,HSS,22.42,15.5,15.5,6.3,27,6.3,27,2.75,2.75,0.233,0.25
4.67,HSS7X7X3/16,7,16.2,HSS7X7X.188,7,36,36,56.1,10.3,10.3,F,HSS,17.08,11.9,11.9,6.48,37.2,6.48,37.2,2.77,2.77,0.174,0.1875
3.16,HSS7X7X1/8,7,11,HSS7X7X.125,7,24.8,24.8,38.2,7.09,7.09,F,HSS,11.56,8.13,8.13,6.65,57.3,6.65,57.3,2.8,2.8,0.116,0.125
9.74,HSS7X5X1/2,5,27.2,HSS7X5X.500,7,60.6,35.6,75.8,17.3,14.2,F,HSS,35.24,21.9,17.3,3.6,7.75,5.6,12.1,2.5,1.91,0.465,0.5
7.58,HSS7X5X3/8,5,21.4,HSS7X5X.375,7,49.5,29.3,60.6,14.1,11.7,F,HSS,27.48,17.5,13.8,3.95,11.3,5.95,17.1,2.56,1.97,0.349,0.375
6.43,HSS7X5X5/16,5,18.3,HSS7X5X.313,7,43,25.5,52.1,12.3,10.2,F,HSS,23.34,15,11.9,4.13,14.2,6.13,21.1,2.59,1.99,0.291,0.3125
5.24,HSS7X5X1/4,5,15,HSS7X5X.250,7,35.9,21.3,42.9,10.2,8.53,F,HSS,19.02,12.4,9.83,4.3,18.5,6.3,27,2.62,2.02,0.233,0.25
3.98,HSS7X5X3/16,5,11.4,HSS7X5X.188,7,27.9,16.6,32.9,7.96,6.65,F,HSS,14.53,9.52,7.57,4.48,25.7,6.48,37.2,2.65,2.05,0.174,0.1875
2.7,HSS7X5X1/8,5,7.79,HSS7X5X.125,7,19.3,11.6,22.5,5.52,4.63,F,HSS,9.86,6.53,5.2,4.65,40.1,6.65,57.3,2.68,2.07,0.116,0.125
8.81,HSS7X4X1/2,4,21.1,HSS7X4X.500,7,50.7,20.7,50.5,14.5,10.4,F,HSS,31.84,18.8,12.6,2.6,5.6,5.6,12.1,2.4,1.53,0.465,0.5
4.3,HSS8X2X1/4,2,6.35,HSS8X2X.250,8,28.5,2.94,9.36,7.12,2.94,F,HSS,15.62,9.68,3.43,1.3,5.58,7.3,31.3,2.57,0.827,0.233,0.25
6.88,HSS7X4X3/8,4,16.8,HSS7X4X.375,7,41.8,17.3,41,11.9,8.63,F,HSS,24.93,15.1,10.2,2.95,8.46,5.95,17.1,2.46,1.58,0.349,0.375
4.77,HSS7X4X1/4,4,11.8,HSS7X4X.250,7,30.5,12.8,29.3,8.72,6.38,F,HSS,17.32,10.8,7.33,3.3,14.2,6.3,27,2.53,1.64,0.233,0.25
5.85,HSS7X4X5/16,4,14.4,HSS7X4X.313,7,36.5,15.2,35.4,10.4,7.58,F,HSS,21.21,13.1,8.83,3.13,10.7,6.13,21.1,2.5,1.61,0.291,0.3125
3.63,HSS7X4X3/16,4,9.07,HSS7X4X.188,7,23.8,10,22.7,6.81,5.02,F,HSS,13.25,8.33,5.67,3.48,20,6.48,37.2,2.56,1.66,0.174,0.1875
2.46,HSS7X4X1/8,4,6.2,HSS7X4X.125,7,16.6,7.03,15.6,4.73,3.51,F,HSS,9.01,5.73,3.91,3.65,31.5,6.65,57.3,2.59,1.69,0.116,0.125
3.63,HSS8X3X3/16,3,7.68,HSS8X3X.188,8,27.8,5.94,16.2,6.94,3.96,F,HSS,13.25,8.87,4.43,2.48,14.2,7.48,43,2.77,1.28,0.174,0.1875
7.88,HSS7X3X1/2,3,15,HSS7X3X.500,7,40.7,10.2,28.6,11.6,6.8,F,HSS,28.43,15.8,8.46,1.6,3.45,5.6,12.1,2.27,1.14,0.465,0.5
2.46,HSS8X3X1/8,3,5.27,HSS8X3X.125,8,19.3,4.2,11.3,4.83,2.8,F,HSS,9.01,6.11,3.07,2.65,22.9,7.65,66,2.8,1.31,0.116,0.125
5.26,HSS8X2X5/16,2,7.57,HSS8X2X.313,8,33.7,3.38,10.9,8.43,3.38,F,HSS,19.08,11.6,4.06,1.13,3.87,7.13,24.5,2.53,0.802,0.291,0.3125
6.18,HSS8X2X3/8,2,8.65,HSS8X2X.375,8,38.2,3.73,12.1,9.56,3.73,F,HSS,22.37,13.4,4.61,0.953,2.73,6.95,19.9,2.49,0.777,0.349,0.375
5.85,HSS8X3X5/16,3,12.1,HSS8X3X.313,8,42.4,8.81,24.9,10.6,5.87,F,HSS,21.21,13.9,6.84,2.13,7.31,7.13,24.5,2.69,1.23,0.291,0.3125
14,HSS7X7X5/8,7,47.1,HSS7X7X.625,7,93.4,93.4,158,26.7,26.7,F,HSS,50.81,33.1,33.1,5.26,9.05,5.26,9.05,2.58,2.58,0.581,0.625
2.23,HSS8X2X1/8,2,3.44,HSS8X2X.125,8,15.7,1.72,5.3,3.93,1.72,F,HSS,8.16,5.19,1.9,1.65,14.2,7.65,66,2.65,0.879,0.116,0.125
3.28,HSS8X2X3/16,2,4.95,HSS8X2X.188,8,22.4,2.39,7.48,5.61,2.39,F,HSS,11.97,7.51,2.7,1.48,8.49,7.48,43,2.61,0.853,0.174,0.1875
6.18,HSS7X3X3/8,3,12.1,HSS7X3X.375,7,34.1,8.71,23.9,9.73,5.81,F,HSS,22.37,12.8,6.95,1.95,5.6,5.95,17.1,2.35,1.19,0.349,0.375
5.26,HSS7X3X5/16,3,10.5,HSS7X3X.313,7,29.9,7.74,20.9,8.54,5.16,F,HSS,19.08,11.1,6.05,2.13,7.31,6.13,21.1,2.38,1.21,0.291,0.3125
11.6,HSS7X7X1/2,7,39.3,HSS7X7X.500,7,80.5,80.5,133,23,23,F,HSS,42.05,27.9,27.9,5.6,12.1,5.6,12.1,2.63,2.63,0.465,0.5
4.3,HSS7X3X1/4,3,8.68,HSS7X3X.250,7,25.2,6.6,17.5,7.19,4.4,F,HSS,15.62,9.22,5.06,2.3,9.88,6.3,27,2.42,1.24,0.233,0.25
2.23,HSS7X3X1/8,3,4.6,HSS7X3X.125,7,13.8,3.71,9.48,3.95,2.48,F,HSS,8.16,4.93,2.73,2.65,22.9,6.65,57.3,2.49,1.29,0.116,0.125
3.28,HSS7X3X3/16,3,6.69,HSS7X3X.188,7,19.8,5.24,13.7,5.65,3.5,F,HSS,11.97,7.14,3.94,2.48,14.2,6.48,37.2,2.45,1.26,0.174,0.1875
2,HSS7X2X1/8,2,3,HSS7X2X.125,7,11.1,1.52,4.51,3.16,1.52,F,HSS,7.31,4.13,1.68,1.65,14.2,6.65,57.3,2.35,0.871,0.116,0.125
2.93,HSS7X2X3/16,2,4.32,HSS7X2X.188,7,15.7,2.1,6.35,4.49,2.1,F,HSS,10.7,5.95,2.39,1.48,8.49,6.48,37.2,2.31,0.845,0.174,0.1875
9.74,HSS6X6X1/2,6,28.1,HSS6X6X.500,6,48.3,48.3,81.1,16.1,16.1,F,HSS,35.24,19.8,19.8,4.61,9.9,4.61,9.9,2.23,2.23,0.465,0.5
3.84,HSS7X2X1/4,2,5.52,HSS7X2X.250,7,19.8,2.58,7.95,5.67,2.58,F,HSS,13.91,7.64,3.02,1.3,5.58,6.3,27,2.27,0.819,0.233,0.25
7.58,HSS6X6X3/8,6,22.1,HSS6X6X.375,6,39.5,39.5,64.6,13.2,13.2,F,HSS,27.48,15.8,15.8,4.95,14.2,4.95,14.2,2.28,2.28,0.349,0.375
11.7,HSS6X6X5/8,6,33.4,HSS6X6X.625,6,55.2,55.2,94.9,18.4,18.4,F,HSS,42.3,23.2,23.2,4.26,7.33,4.26,7.33,2.17,2.17,0.581,0.625
6.43,HSS6X6X5/16,6,18.9,HSS6X6X.313,6,34.3,34.3,55.4,11.4,11.4,F,HSS,23.34,13.6,13.6,5.13,17.6,5.13,17.6,2.31,2.31,0.291,0.3125
5.24,HSS6X6X1/4,6,15.4,HSS6X6X.250,6,28.6,28.6,45.6,9.54,9.54,F,HSS,19.02,11.2,11.2,5.3,22.8,5.3,22.8,2.34,2.34,0.233,0.25
3.98,HSS6X6X3/16,6,11.8,HSS6X6X.188,6,22.3,22.3,35,7.42,7.42,F,HSS,14.53,8.63,8.63,5.48,31.5,5.48,31.5,2.37,2.37,0.174,0.1875
8.97,HSS7X7X3/8,7,30.7,HSS7X7X.375,7,65,65,105,18.6,18.6,F,HSS,32.58,22.1,22.1,5.95,17.1,5.95,17.1,2.69,2.69,0.349,0.375
2.7,HSS6X6X1/8,6,8.03,HSS6X6X.125,6,15.5,15.5,23.9,5.15,5.15,F,HSS,9.86,5.92,5.92,5.65,48.7,5.65,48.7,2.39,2.39,0.116,0.125
8.81,HSS6X5X1/2,5,23,HSS6X5X.500,6,41.1,30.8,59.8,13.7,12.3,F,HSS,31.84,17.2,15.2,3.6,7.75,4.61,9.9,2.16,1.87,0.465,0.5
6.88,HSS6X5X3/8,5,18.2,HSS6X5X.375,6,33.9,25.5,48.1,11.3,10.2,F,HSS,24.93,13.8,12.2,3.95,11.3,4.95,14.2,2.22,1.92,0.349,0.375
5.85,HSS6X5X5/16,5,15.6,HSS6X5X.313,6,29.6,22.3,41.4,9.85,8.91,F,HSS,21.21,11.9,10.5,4.13,14.2,5.13,17.6,2.25,1.95,0.291,0.3125
4.77,HSS6X5X1/4,5,12.8,HSS6X5X.250,6,24.7,18.7,34.2,8.25,7.47,F,HSS,17.32,9.87,8.72,4.3,18.5,5.3,22.8,2.28,1.98,0.233,0.25
3.63,HSS6X5X3/16,5,9.76,HSS6X5X.188,6,19.3,14.6,26.3,6.44,5.84,F,HSS,13.25,7.62,6.73,4.48,25.7,5.48,31.5,2.31,2.01,0.174,0.1875
2.46,HSS6X5X1/8,5,6.66,HSS6X5X.125,6,13.4,10.2,18,4.48,4.07,F,HSS,9.01,5.24,4.63,4.65,40.1,5.65,48.7,2.34,2.03,0.116,0.125
5.26,HSS6X4X5/16,4,12.2,HSS6X4X.313,6,24.8,13.2,28.4,8.27,6.58,F,HSS,19.08,10.3,7.75,3.13,10.7,5.13,17.6,2.17,1.58,0.291,0.3125
2.23,HSS6X4X1/8,4,5.3,HSS6X4X.125,6,11.4,6.15,12.6,3.81,3.08,F,HSS,8.16,4.56,3.46,3.65,31.5,5.65,48.7,2.26,1.66,0.116,0.125
4.3,HSS6X4X1/4,4,10.1,HSS6X4X.250,6,20.9,11.1,23.6,6.96,5.56,F,HSS,15.62,8.53,6.45,3.3,14.2,5.3,22.8,2.2,1.61,0.233,0.25
3.28,HSS6X4X3/16,4,7.74,HSS6X4X.188,6,16.4,8.76,18.2,5.46,4.38,F,HSS,11.97,6.6,5,3.48,20,5.48,31.5,2.23,1.63,0.174,0.1875
3.84,HSS6X3X1/4,3,7.39,HSS6X3X.250,6,17,5.7,14.2,5.66,3.8,F,HSS,13.91,7.19,4.41,2.3,9.88,5.3,22.8,2.1,1.22,0.233,0.25
5.48,HSS6X3X3/8,3,10.3,HSS6X3X.375,6,22.7,7.48,19.3,7.57,4.99,F,HSS,19.82,9.9,6.03,1.95,5.6,4.95,14.2,2.04,1.17,0.349,0.375
7.88,HSS6X4X1/2,4,17.8,HSS6X4X.500,6,34,17.8,40.3,11.3,8.89,F,HSS,28.43,14.6,11,2.6,5.6,4.61,9.9,2.08,1.5,0.465,0.5
2,HSS6X3X1/8,3,3.93,HSS6X3X.125,6,9.43,3.23,7.73,3.14,2.15,F,HSS,7.31,3.87,2.4,2.65,22.9,5.65,48.7,2.17,1.27,0.116,0.125
2.93,HSS6X3X3/16,3,5.71,HSS6X3X.188,6,13.4,4.55,11.1,4.47,3.03,F,HSS,10.7,5.59,3.45,2.48,14.2,5.48,31.5,2.14,1.25,0.174,0.1875
4.78,HSS6X2X3/8,2,6.35,HSS6X2X.375,6,17.1,2.77,8.42,5.71,2.77,F,HSS,17.27,7.93,3.46,0.953,2.73,4.95,14.2,1.89,0.76,0.349,0.375
4.1,HSS6X2X5/16,2,5.58,HSS6X2X.313,6,15.3,2.52,7.6,5.11,2.52,F,HSS,14.83,6.95,3.07,1.13,3.87,5.13,17.6,1.93,0.785,0.291,0.3125
6.88,HSS5-1/2X5-1/2X3/8,5.5,18.4,HSS5-1/2X5-1/2X.375,5.5,29.7,29.7,49,10.8,10.8,F,HSS,24.93,13.1,13.1,4.45,12.8,4.45,12.8,2.08,2.08,0.349,0.375
6.18,HSS5X5X3/8,5,14.9,HSS5X5X.375,5,21.7,21.7,36.1,8.68,8.68,F,HSS,22.37,10.6,10.6,3.95,11.3,3.95,11.3,1.87,1.87,0.349,0.375
4.68,HSS6X3X5/16,3,8.91,HSS6X3X.313,6,20.1,6.67,16.9,6.69,4.45,F,HSS,16.96,8.61,5.27,2.13,7.31,5.13,17.6,2.07,1.19,0.291,0.3125
4.77,HSS5-1/2X5-1/2X1/4,5.5,12.9,HSS5-1/2X5-1/2X.250,5.5,21.7,21.7,34.8,7.9,7.9,F,HSS,17.32,9.32,9.32,4.8,20.6,4.8,20.6,2.13,2.13,0.233,0.25
6.18,HSS6X4X3/8,4,14.2,HSS6X4X.375,6,28.3,14.9,32.8,9.43,7.47,F,HSS,22.37,11.9,8.94,2.95,8.46,4.95,14.2,2.14,1.55,0.349,0.375
6.95,HSS6X3X1/2,3,12.7,HSS6X3X.500,6,26.8,8.69,23.1,8.95,5.79,F,HSS,25.03,12.1,7.28,1.6,3.45,4.61,9.9,1.97,1.12,0.465,0.5
5.26,HSS5X5X5/16,5,12.8,HSS5X5X.313,5,19,19,31.2,7.62,7.62,F,HSS,19.08,9.16,9.16,4.13,14.2,4.13,14.2,1.9,1.9,0.291,0.3125
2.58,HSS6X2X3/16,2,3.68,HSS6X2X.188,6,10.5,1.8,5.24,3.49,1.8,F,HSS,9.42,4.58,2.07,1.48,8.49,5.48,31.5,2.01,0.836,0.174,0.1875
5.85,HSS5-1/2X5-1/2X5/16,5.5,15.7,HSS5-1/2X5-1/2X.313,5.5,25.9,25.9,42.2,9.43,9.43,F,HSS,21.21,11.3,11.3,4.63,15.9,4.63,15.9,2.11,2.11,0.291,0.3125
1.77,HSS6X2X1/8,2,2.57,HSS6X2X.125,6,7.42,1.31,3.72,2.47,1.31,F,HSS,6.46,3.19,1.46,1.65,14.2,5.65,48.7,2.05,0.861,0.116,0.125
3.63,HSS5-1/2X5-1/2X3/16,5.5,9.85,HSS5-1/2X5-1/2X.188,5.5,17,17,26.7,6.17,6.17,F,HSS,13.25,7.19,7.19,4.98,28.6,4.98,28.6,2.16,2.16,0.174,0.1875
3.37,HSS6X2X1/4,2,4.7,HSS6X2X.250,6,13.1,2.21,6.55,4.37,2.21,F,HSS,12.21,5.84,2.61,1.3,5.58,5.3,22.8,1.97,0.81,0.233,0.25
2.46,HSS5-1/2X5-1/2X1/8,5.5,6.72,HSS5-1/2X5-1/2X.125,5.5,11.8,11.8,18.3,4.3,4.3,F,HSS,9.01,4.95,4.95,5.15,44.4,5.15,44.4,2.19,2.19,0.116,0.125
4.3,HSS5X5X1/4,5,10.5,HSS5X5X.250,5,16,16,25.8,6.41,6.41,F,HSS,15.62,7.61,7.61,4.3,18.5,4.3,18.5,1.93,1.93,0.233,0.25
2.23,HSS5X5X1/8,5,5.53,HSS5X5X.125,5,8.8,8.8,13.7,3.52,3.52,F,HSS,8.16,4.07,4.07,4.65,40.1,4.65,40.1,1.99,1.99,0.116,0.125
7.88,HSS5X5X1/2,5,18.7,HSS5X5X.500,5,26,26,44.6,10.4,10.4,F,HSS,28.43,13.1,13.1,3.6,7.75,3.6,7.75,1.82,1.82,0.465,0.5
6.95,HSS5X4X1/2,4,14.5,HSS5X4X.500,5,21.2,14.9,30.3,8.49,7.43,F,HSS,25.03,10.9,9.35,2.6,5.6,3.6,7.75,1.75,1.46,0.465,0.5
5.48,HSS5X4X3/8,4,11.7,HSS5X4X.375,5,17.9,12.6,24.9,7.17,6.3,F,HSS,19.82,8.96,7.67,2.95,8.46,3.95,11.3,1.81,1.52,0.349,0.375
4.68,HSS5X4X5/16,4,10.1,HSS5X4X.313,5,15.8,11.1,21.7,6.32,5.57,F,HSS,16.96,7.79,6.67,3.13,10.7,4.13,14.2,1.84,1.54,0.291,0.3125
2.93,HSS5X4X3/16,4,6.41,HSS5X4X.188,5,10.6,7.48,14,4.22,3.74,F,HSS,10.7,5.05,4.34,3.48,20,4.48,25.7,1.9,1.6,0.174,0.1875
3.84,HSS5X4X1/4,4,8.32,HSS5X4X.250,5,13.4,9.46,18,5.35,4.73,F,HSS,13.91,6.49,5.57,3.3,14.2,4.3,18.5,1.87,1.57,0.233,0.25
3.28,HSS5X5X3/16,5,8.08,HSS5X5X.188,5,12.6,12.6,19.9,5.03,5.03,F,HSS,11.97,5.89,5.89,4.48,25.7,4.48,25.7,1.96,1.96,0.174,0.1875
2,HSS5X4X1/8,4,4.39,HSS5X4X.125,5,7.42,5.27,9.66,2.97,2.64,F,HSS,7.31,3.5,3.01,3.65,31.5,4.65,40.1,1.93,1.62,0.116,0.125
4.78,HSS5X3X3/8,3,8.44,HSS5X3X.375,5,14.1,6.25,14.9,5.65,4.16,F,HSS,17.27,7.34,5.1,1.95,5.6,3.95,11.3,1.72,1.14,0.349,0.375
6.02,HSS5X3X1/2,3,10.3,HSS5X3X.500,5,16.4,7.18,17.6,6.57,4.78,F,HSS,21.63,8.83,6.1,1.6,3.45,3.6,7.75,1.65,1.09,0.465,0.5
2.58,HSS5X3X3/16,3,4.73,HSS5X3X.188,5,8.53,3.85,8.64,3.41,2.57,F,HSS,9.42,4.21,2.96,2.48,14.2,4.48,25.7,1.82,1.22,0.174,0.1875
3.14,HSS5X2-1/2X1/4,2.5,4.99,HSS5X2-1/2X.250,5,9.4,3.13,7.93,3.76,2.5,F,HSS,11.36,4.83,2.95,1.8,7.73,4.3,18.5,1.73,0.999,0.233,0.25
4.1,HSS5X3X5/16,3,7.33,HSS5X3X.313,5,12.6,5.6,13.1,5.03,3.73,F,HSS,14.83,6.42,4.48,2.13,7.31,4.13,14.2,1.75,1.17,0.291,0.3125
1.77,HSS5X3X1/8,3,3.26,HSS5X3X.125,5,6.03,2.75,6.02,2.41,1.83,F,HSS,6.46,2.93,2.07,2.65,22.9,4.65,40.1,1.85,1.25,0.116,0.125
4.09,HSS5X2X3/8,2,5.2,HSS5X2X.375,5,10.4,2.28,6.61,4.14,2.28,F,HSS,14.72,5.71,2.88,0.953,2.73,3.95,11.3,1.59,0.748,0.349,0.375
3.37,HSS5X3X1/4,3,6.1,HSS5X3X.250,5,10.7,4.81,11,4.29,3.21,F,HSS,12.21,5.38,3.77,2.3,9.88,4.3,18.5,1.78,1.19,0.233,0.25
1.54,HSS5X2X1/8,2,2.13,HSS5X2X.125,5,4.65,1.1,2.95,1.86,1.1,F,HSS,5.61,2.37,1.24,1.65,14.2,4.65,40.1,1.74,0.848,0.116,0.125
2.24,HSS5X2X3/16,2,3.05,HSS5X2X.188,5,6.5,1.51,4.15,2.6,1.51,F,HSS,8.15,3.37,1.75,1.48,8.49,4.48,25.7,1.7,0.823,0.174,0.1875
2.91,HSS5X2X1/4,2,3.88,HSS5X2X.250,5,8.08,1.84,5.17,3.23,1.84,F,HSS,10.51,4.27,2.2,1.3,5.58,4.3,18.5,1.67,0.797,0.233,0.25
1.65,HSS5X2-1/2X1/8,2.5,2.7,HSS5X2-1/2X.125,5,5.34,1.82,4.4,2.14,1.46,F,HSS,6.03,2.65,1.64,2.15,18.6,4.65,40.1,1.8,1.05,0.116,0.125
2.41,HSS5X2-1/2X3/16,2.5,3.89,HSS5X2-1/2X.188,5,7.51,2.53,6.26,3.01,2.03,F,HSS,8.78,3.79,2.33,1.98,11.4,4.48,25.7,1.77,1.02,0.174,0.1875
3.52,HSS5X2X5/16,2,4.59,HSS5X2X.313,5,9.35,2.1,5.99,3.74,2.1,F,HSS,12.7,5.05,2.57,1.13,3.87,4.13,14.2,1.63,0.772,0.291,0.3125
1.77,HSS4X4X1/8,4,3.49,HSS4X4X.125,4,4.4,4.4,6.91,2.2,2.2,F,HSS,6.46,2.56,2.56,3.65,31.5,3.65,31.5,1.58,1.58,0.116,0.125
4.68,HSS4-1/2X4-1/2X5/16,4.5,10.2,HSS4-1/2X4-1/2X.313,4.5,13.5,13.5,22.3,6,6,F,HSS,16.96,7.27,7.27,3.63,12.5,3.63,12.5,1.7,1.7,0.291,0.3125
2.93,HSS4-1/2X4-1/2X3/16,4.5,6.49,HSS4-1/2X4-1/2X.188,4.5,9.02,9.02,14.4,4.01,4.01,F,HSS,10.7,4.71,4.71,3.98,22.9,3.98,22.9,1.75,1.75,0.174,0.1875
4.09,HSS4X3X3/8,3,6.59,HSS4X3X.375,4,7.93,5.01,10.6,3.97,3.34,F,HSS,14.72,5.12,4.18,1.95,5.6,2.95,8.46,1.39,1.11,0.349,0.375
3.52,HSS4X3X5/16,3,5.75,HSS4X3X.313,4,7.14,4.52,9.41,3.57,3.02,F,HSS,12.7,4.51,3.69,2.13,7.31,3.13,10.7,1.42,1.13,0.291,0.3125
5.48,HSS4-1/2X4-1/2X3/8,4.5,11.9,HSS4-1/2X4-1/2X.375,4.5,15.3,15.3,25.7,6.79,6.79,F,HSS,19.82,8.36,8.36,3.45,9.89,3.45,9.89,1.67,1.67,0.349,0.375
2.24,HSS4X3X3/16,3,3.74,HSS4X3X.188,4,4.93,3.16,6.26,2.47,2.1,F,HSS,8.15,3,2.46,2.48,14.2,3.48,20,1.49,1.19,0.174,0.1875
3.84,HSS4-1/2X4-1/2X1/4,4.5,8.44,HSS4-1/2X4-1/2X.250,4.5,11.4,11.4,18.5,5.08,5.08,F,HSS,13.91,6.06,6.06,3.8,16.3,3.8,16.3,1.73,1.73,0.233,0.25
2.91,HSS4X3X1/4,3,4.81,HSS4X3X.250,4,6.15,3.91,7.96,3.07,2.61,F,HSS,10.51,3.81,3.12,2.3,9.88,3.3,14.2,1.45,1.16,0.233,0.25
1.54,HSS4X3X1/8,3,2.59,HSS4X3X.125,4,3.52,2.27,4.38,1.76,1.51,F,HSS,5.61,2.11,1.73,2.65,22.9,3.65,31.5,1.52,1.21,0.116,0.125
3.74,HSS4X2-1/2X3/8,2.5,5.32,HSS4X2-1/2X.375,4,6.77,3.17,7.57,3.38,2.54,F,HSS,13.44,4.48,3.2,1.45,4.16,2.95,8.46,1.35,0.922,0.349,0.375
3.23,HSS4X2-1/2X5/16,2.5,4.67,HSS4X2-1/2X.313,4,6.13,2.89,6.77,3.07,2.32,F,HSS,11.64,3.97,2.85,1.63,5.59,3.13,10.7,1.38,0.947,0.291,0.3125
6.95,HSS4-1/2X4-1/2X1/2,4.5,14.8,HSS4-1/2X4-1/2X.500,4.5,18.1,18.1,31.3,8.03,8.03,F,HSS,25.03,10.2,10.2,3.1,6.68,3.1,6.68,1.61,1.61,0.465,0.5
4.78,HSS4X4X3/8,4,9.14,HSS4X4X.375,4,10.3,10.3,17.5,5.13,5.13,F,HSS,17.27,6.39,6.39,2.95,8.46,2.95,8.46,1.47,1.47,0.349,0.375
2,HSS4-1/2X4-1/2X1/8,4.5,4.45,HSS4-1/2X4-1/2X.125,4.5,6.35,6.35,9.92,2.82,2.82,F,HSS,7.31,3.27,3.27,4.15,35.8,4.15,35.8,1.78,1.78,0.116,0.125
4.1,HSS4X4X5/16,4,7.91,HSS4X4X.313,4,9.14,9.14,15.3,4.57,4.57,F,HSS,14.83,5.59,5.59,3.13,10.7,3.13,10.7,1.49,1.49,0.291,0.3125
6.02,HSS4X4X1/2,4,11.2,HSS4X4X.500,4,11.9,11.9,21,5.97,5.97,F,HSS,21.63,7.7,7.7,2.6,5.6,2.6,5.6,1.41,1.41,0.465,0.5
2.58,HSS4X4X3/16,4,5.07,HSS4X4X.188,4,6.21,6.21,10,3.1,3.1,F,HSS,9.42,3.67,3.67,3.48,20,3.48,20,1.55,1.55,0.174,0.1875
3.37,HSS4X4X1/4,4,6.56,HSS4X4X.250,4,7.8,7.8,12.8,3.9,3.9,F,HSS,12.21,4.69,4.69,3.3,14.2,3.3,14.2,1.52,1.52,0.233,0.25
2.67,HSS4X2-1/2X1/4,2.5,3.93,HSS4X2-1/2X.250,4,5.32,2.53,5.78,2.66,2.02,F,HSS,9.66,3.38,2.43,1.8,7.73,3.3,14.2,1.41,0.973,0.233,0.25
2.06,HSS4X2-1/2X3/16,2.5,3.08,HSS4X2-1/2X.188,4,4.3,2.06,4.59,2.15,1.65,F,HSS,7.51,2.67,1.93,1.98,11.4,3.48,20,1.44,0.999,0.174,0.1875
1.42,HSS4X2-1/2X1/8,2.5,2.14,HSS4X2-1/2X.125,4,3.09,1.49,3.23,1.54,1.19,F,HSS,5.18,1.88,1.36,2.15,18.6,3.65,31.5,1.47,1.03,0.116,0.125
3.39,HSS4X2X3/8,2,4.04,HSS4X2X.375,4,5.6,1.8,4.83,2.8,1.8,F,HSS,12.17,3.84,2.31,0.953,2.73,2.95,8.46,1.29,0.729,0.349,0.375
2.44,HSS4X2X1/4,2,3.05,HSS4X2X.250,4,4.49,1.48,3.82,2.25,1.48,F,HSS,8.81,2.94,1.79,1.3,5.58,3.3,14.2,1.36,0.779,0.233,0.25
2.94,HSS4X2X5/16,2,3.59,HSS4X2X.313,4,5.13,1.67,4.4,2.56,1.67,F,HSS,10.58,3.43,2.08,1.13,3.87,3.13,10.7,1.32,0.754,0.291,0.3125
1.3,HSS4X2X1/8,2,1.69,HSS4X2X.125,4,2.65,0.898,2.2,1.32,0.898,F,HSS,4.75,1.66,1.02,1.65,14.2,3.65,31.5,1.43,0.83,0.116,0.125
4.09,HSS3-1/2X3-1/2X3/8,3.5,6.77,HSS3-1/2X3-1/2X.375,3.5,6.49,6.49,11.2,3.71,3.71,F,HSS,14.72,4.69,4.69,2.45,7.03,2.45,7.03,1.26,1.26,0.349,0.375
3.52,HSS3-1/2X3-1/2X5/16,3.5,5.9,HSS3-1/2X3-1/2X.313,3.5,5.84,5.84,9.89,3.34,3.34,F,HSS,12.7,4.14,4.14,2.63,9.03,2.63,9.03,1.29,1.29,0.291,0.3125
1.54,HSS3-1/2X3-1/2X1/8,3.5,2.65,HSS3-1/2X3-1/2X.125,3.5,2.9,2.9,4.58,1.66,1.66,F,HSS,5.61,1.93,1.93,3.15,27.2,3.15,27.2,1.37,1.37,0.116,0.125
1.89,HSS4X2X3/16,2,2.41,HSS4X2X.188,4,3.66,1.22,3.08,1.83,1.22,F,HSS,6.87,2.34,1.43,1.48,8.49,3.48,20,1.39,0.804,0.174,0.1875
2.24,HSS3-1/2X3-1/2X3/16,3.5,3.83,HSS3-1/2X3-1/2X188,3.5,4.05,4.05,6.56,2.31,2.31,F,HSS,8.15,2.76,2.76,2.98,17.1,2.98,17.1,1.35,1.35,0.174,0.1875
2.91,HSS3-1/2X3-1/2X1/4,3.5,4.92,HSS3-1/2X3-1/2X.250,3.5,5.04,5.04,8.35,2.88,2.88,F,HSS,10.51,3.5,3.5,2.8,12,2.8,12,1.32,1.32,0.233,0.25
3.39,HSS3-1/2X2-1/2X3/8,2.5,4.57,HSS3-1/2X2-1/2X.375,3.5,4.75,2.77,6.16,2.72,2.21,F,HSS,12.17,3.59,2.82,1.45,4.16,2.45,7.03,1.18,0.904,0.349,0.375
2.94,HSS3-1/2X2-1/2X5/16,2.5,4.03,HSS3-1/2X2-1/2X.313,3.5,4.34,2.54,5.53,2.48,2.03,F,HSS,10.58,3.2,2.52,1.63,5.59,2.63,9.03,1.22,0.93,0.291,0.3125
2.44,HSS3-1/2X2-1/2X1/4,2.5,3.4,HSS3-1/2X2-1/2X.250,3.5,3.79,2.23,4.75,2.17,1.78,F,HSS,8.81,2.74,2.16,1.8,7.73,2.8,12,1.25,0.956,0.233,0.25
1.89,HSS3-1/2X2-1/2X3/16,2.5,2.67,HSS3-1/2X2-1/2X.188,3.5,3.09,1.82,3.78,1.76,1.46,F,HSS,6.87,2.18,1.72,1.98,11.4,2.98,17.1,1.28,0.983,0.174,0.1875
1.3,HSS3-1/2X2-1/2X1/8,2.5,1.87,HSS3-1/2X2-1/2X.125,3.5,2.23,1.33,2.67,1.28,1.06,F,HSS,4.75,1.54,1.22,2.15,18.6,3.15,27.2,1.31,1.01,0.116,0.125
1.71,HSS3-1/2X2X3/16,2,2.09,HSS3-1/2X2X.188,3.5,2.61,1.08,2.55,1.49,1.08,F,HSS,6.23,1.89,1.27,1.48,8.49,2.98,17.1,1.23,0.792,0.174,0.1875
2.21,HSS3-1/2X2X1/4,2,2.64,HSS3-1/2X2X.250,3.5,3.17,1.3,3.16,1.81,1.3,F,HSS,7.96,2.36,1.58,1.3,5.58,2.8,12,1.2,0.766,0.233,0.25
1.97,HSS3-1/2X1-1/2X1/4,1.5,1.88,HSS3-1/2X1-1/2X.250,3.5,2.55,0.638,1.79,1.46,0.851,F,HSS,7.11,1.98,1.06,0.801,3.44,2.8,12,1.14,0.569,0.233,0.25
1.19,HSS3-1/2X2X1/8,2,1.47,HSS3-1/2X2X.125,3.5,1.9,0.795,1.83,1.09,0.795,F,HSS,4.33,1.34,0.912,1.65,14.2,3.15,27.2,1.27,0.818,0.116,0.125
1.54,HSS3-1/2X1-1/2X3/16,1.5,1.51,HSS3-1/2X1-1/2X.188,3.5,2.12,0.544,1.49,1.21,0.725,F,HSS,5.59,1.6,0.867,0.978,5.62,2.98,17.1,1.17,0.594,0.174,0.1875
1.07,HSS3-1/2X1-1/2X1/8,1.5,1.08,HSS3-1/2X1-1/2X.125,3.5,1.57,0.411,1.09,0.896,0.548,F,HSS,3.9,1.15,0.63,1.15,9.93,3.15,27.2,1.21,0.619,0.116,0.125
3.39,HSS3X3X3/8,3,4.74,HSS3X3X.375,3,3.78,3.78,6.64,2.52,2.52,F,HSS,12.17,3.25,3.25,1.95,5.6,1.95,5.6,1.06,1.06,0.349,0.375
2.94,HSS3X3X5/16,3,4.18,HSS3X3X.313,3,3.45,3.45,5.94,2.3,2.3,F,HSS,10.58,2.9,2.9,2.13,7.31,2.13,7.31,1.08,1.08,0.291,0.3125
2.44,HSS3X3X1/4,3,3.52,HSS3X3X.250,3,3.02,3.02,5.08,2.01,2.01,F,HSS,8.81,2.48,2.48,2.3,9.88,2.3,9.88,1.11,1.11,0.233,0.25
1.89,HSS3X3X3/16,3,2.76,HSS3X3X.188,3,2.46,2.46,4.03,1.64,1.64,F,HSS,6.87,1.97,1.97,2.48,14.2,2.48,14.2,1.14,1.14,0.174,0.1875
1.3,HSS3X3X1/8,3,1.92,HSS3X3X.125,3,1.78,1.78,2.84,1.19,1.19,F,HSS,4.75,1.4,1.4,2.65,22.9,2.65,22.9,1.17,1.17,0.116,0.125
2.64,HSS3X2-1/2X5/16,2.5,3.39,HSS3X2-1/2X.313,3,2.92,2.18,4.34,1.94,1.74,F,HSS,9.51,2.51,2.2,1.63,5.59,2.13,7.31,1.05,0.908,0.291,0.3125
2.21,HSS3X2-1/2X1/4,2.5,2.87,HSS3X2-1/2X.250,3,2.57,1.93,3.74,1.72,1.54,F,HSS,7.96,2.16,1.9,1.8,7.73,2.3,9.88,1.08,0.935,0.233,0.25
1.71,HSS3X2-1/2X3/16,2.5,2.27,HSS3X2-1/2X.188,3,2.11,1.59,3,1.41,1.27,F,HSS,6.23,1.73,1.52,1.98,11.4,2.48,14.2,1.11,0.963,0.174,0.1875
1.19,HSS3X2-1/2X1/8,2.5,1.59,HSS3X2-1/2X.125,3,1.54,1.16,2.13,1.03,0.931,F,HSS,4.33,1.23,1.09,2.15,18.6,2.65,22.9,1.14,0.99,0.116,0.125
2.35,HSS3X2X5/16,2,2.6,HSS3X2X.313,3,2.38,1.24,2.87,1.59,1.24,F,HSS,8.45,2.11,1.58,1.13,3.87,2.13,7.31,1.01,0.725,0.291,0.3125
1.97,HSS3X2X1/4,2,2.23,HSS3X2X.250,3,2.13,1.11,2.52,1.42,1.11,F,HSS,7.11,1.83,1.38,1.3,5.58,2.3,9.88,1.04,0.751,0.233,0.25
1.54,HSS3X2X3/16,2,1.78,HSS3X2X.188,3,1.77,0.932,2.05,1.18,0.932,F,HSS,5.59,1.48,1.12,1.48,8.49,2.48,14.2,1.07,0.778,0.174,0.1875
1.07,HSS3X2X1/8,2,1.25,HSS3X2X.125,3,1.3,0.692,1.47,0.867,0.692,F,HSS,3.9,1.06,0.803,1.65,14.2,2.65,22.9,1.1,0.804,0.116,0.125
1.74,HSS3X1-1/2X1/4,1.5,1.58,HSS3X1-1/2X.250,3,1.68,0.543,1.44,1.12,0.725,F,HSS,6.26,1.51,0.911,0.801,3.44,2.3,9.88,0.982,0.559,0.233,0.25
1.37,HSS3X1-1/2X3/16,1.5,1.28,HSS3X1-1/2X.188,3,1.42,0.467,1.21,0.945,0.622,F,HSS,4.96,1.24,0.752,0.978,5.62,2.48,14.2,1.02,0.584,0.174,0.1875
0.956,HSS3X1-1/2X1/8,1.5,0.92,HSS3X1-1/2X.125,3,1.06,0.355,0.886,0.706,0.474,F,HSS,3.48,0.895,0.55,1.15,9.93,2.65,22.9,1.05,0.61,0.116,0.125
0.84,HSS3X1X1/8,1,0.585,HSS3X1X.125,3,0.817,0.138,0.408,0.545,0.276,F,HSS,3.05,0.728,0.325,0.652,5.62,2.65,22.9,0.987,0.405,0.116,0.125
1.19,HSS3X1X3/16,1,0.792,HSS3X1X.188,3,1.07,0.173,0.526,0.713,0.345,F,HSS,4.32,0.989,0.432,0.478,2.75,2.48,14.2,0.947,0.38,0.174,0.1875
1.97,HSS2-1/2X2-1/2X1/4,2.5,2.35,HSS2-1/2X2-1/2X.250,2.5,1.63,1.63,2.79,1.3,1.3,F,HSS,7.11,1.63,1.63,1.8,7.73,1.8,7.73,0.908,0.908,0.233,0.25
2.35,HSS2-1/2X2-1/2X5/16,2.5,2.74,HSS2-1/2X2-1/2X.313,2.5,1.82,1.82,3.2,1.46,1.46,F,HSS,8.45,1.88,1.88,1.63,5.59,1.63,5.59,0.88,0.88,0.291,0.3125
1.54,HSS2-1/2X2-1/2X3/16,2.5,1.86,HSS2-1/2X2-1/2X.188,2.5,1.35,1.35,2.25,1.08,1.08,F,HSS,5.59,1.32,1.32,1.98,11.4,1.98,11.4,0.937,0.937,0.174,0.1875
1.07,HSS2-1/2X2-1/2X1/8,2.5,1.31,HSS2-1/2X2-1/2X.125,2.5,0.998,0.998,1.61,0.799,0.799,F,HSS,3.9,0.947,0.947,2.15,18.6,2.15,18.6,0.965,0.965,0.116,0.125
0.956,HSS2-1/2X2X1/8,2,1.04,HSS2-1/2X2X.125,2.5,0.833,0.589,1.12,0.667,0.589,F,HSS,3.48,0.809,0.694,1.65,14.2,2.15,18.6,0.934,0.785,0.116,0.125
1.74,HSS2-1/2X2X1/4,2,1.82,HSS2-1/2X2X.250,2.5,1.33,0.93,1.9,1.06,0.93,F,HSS,6.26,1.37,1.17,1.3,5.58,1.8,7.73,0.874,0.731,0.233,0.25
1.37,HSS2-1/2X2X3/16,2,1.46,HSS2-1/2X2X.188,2.5,1.12,0.786,1.55,0.894,0.786,F,HSS,4.96,1.12,0.956,1.48,8.49,1.98,11.4,0.904,0.758,0.174,0.1875
0.84,HSS2-1/2X1-1/2X1/8,1.5,0.759,HSS2-1/2X1-1/2X.125,2.5,0.668,0.3,0.687,0.535,0.399,F,HSS,3.05,0.671,0.469,1.15,9.93,2.15,18.6,0.892,0.597,0.116,0.125
1.02,HSS2-1/2X1X3/16,1,0.648,HSS2-1/2X1X.188,2.5,0.646,0.143,0.412,0.517,0.285,F,HSS,3.68,0.713,0.36,0.478,2.75,1.98,11.4,0.796,0.374,0.174,0.1875
1.51,HSS2-1/2X1-1/2X1/4,1.5,1.29,HSS2-1/2X1-1/2X.250,2.5,1.03,0.449,1.1,0.822,0.599,F,HSS,5.41,1.11,0.764,0.801,3.44,1.8,7.73,0.826,0.546,0.233,0.25
1.74,HSS2-1/4X2-1/4X1/4,2.25,1.85,HSS2-1/4X2-1/4X.250,2.25,1.13,1.13,1.96,1.01,1.01,F,HSS,6.26,1.28,1.28,1.55,6.66,1.55,6.66,0.806,0.806,0.233,0.25
0.724,HSS2-1/2X1X1/8,1,0.483,HSS2-1/2X1X.125,2.5,0.503,0.115,0.322,0.403,0.23,F,HSS,2.63,0.532,0.274,0.652,5.62,2.15,18.6,0.834,0.399,0.116,0.125
1.19,HSS2-1/2X1-1/2X3/16,1.5,1.05,HSS2-1/2X1-1/2X.188,2.5,0.882,0.39,0.929,0.705,0.52,F,HSS,4.32,0.915,0.636,0.978,5.62,1.98,11.4,0.86,0.572,0.174,0.1875
0.956,HSS2-1/4X2-1/4X1/8,2.25,1.05,HSS2-1/4X2-1/4X.125,2.25,0.712,0.712,1.15,0.633,0.633,F,HSS,3.48,0.755,0.755,1.9,16.4,1.9,16.4,0.863,0.863,0.116,0.125
1.28,HSS2-1/4X2X3/16,2,1.3,HSS2-1/4X2X.188,2.25,0.859,0.713,1.32,0.764,0.713,F,HSS,4.64,0.952,0.877,1.48,8.49,1.73,9.93,0.819,0.747,0.174,0.1875
1.37,HSS2-1/4X2-1/4X3/16,2.25,1.48,HSS2-1/4X2-1/4X.188,2.25,0.953,0.953,1.6,0.847,0.847,F,HSS,4.96,1.04,1.04,1.73,9.93,1.73,9.93,0.835,0.835,0.174,0.1875
0.898,HSS2-1/4X2X1/8,2,0.927,HSS2-1/4X2X.125,2.25,0.646,0.538,0.957,0.574,0.538,F,HSS,3.27,0.693,0.639,1.65,14.2,1.9,16.4,0.848,0.774,0.116,0.125
1.19,HSS2X2X3/16,2,1.14,HSS2X2X.188,2,0.641,0.641,1.09,0.641,0.641,F,HSS,4.32,0.797,0.797,1.48,8.49,1.48,8.49,0.733,0.733,0.174,0.1875
1.51,HSS2X2X1/4,2,1.41,HSS2X2X.250,2,0.747,0.747,1.31,0.747,0.747,F,HSS,5.41,0.964,0.964,1.3,5.58,1.3,5.58,0.704,0.704,0.233,0.25
1.02,HSS2X1-1/2X3/16,1.5,0.822,HSS2X1-1/2X.188,2,0.495,0.313,0.664,0.495,0.417,F,HSS,3.68,0.639,0.521,0.978,5.62,1.48,8.49,0.697,0.554,0.174,0.1875
0.84,HSS2X2X1/8,2,0.817,HSS2X2X.125,2,0.486,0.486,0.796,0.486,0.486,F,HSS,3.05,0.584,0.584,1.65,14.2,1.65,14.2,0.761,0.761,0.116,0.125
0.724,HSS2X1-1/2X1/8,1.5,0.599,HSS2X1-1/2X.125,2,0.383,0.244,0.496,0.383,0.325,F,HSS,2.63,0.475,0.389,1.15,9.93,1.65,14.2,0.728,0.581,0.116,0.125
0.608,HSS2X1X1/8,1,0.38,HSS2X1X.125,2,0.28,0.0922,0.238,0.28,0.184,F,HSS,2.2,0.366,0.223,0.652,5.62,1.65,14.2,0.679,0.39,0.116,0.125
0.845,HSS2X1X3/16,1,0.505,HSS2X1X.188,2,0.35,0.112,0.301,0.35,0.225,F,HSS,3.04,0.48,0.288,0.478,2.75,1.48,8.49,0.643,0.365,0.174,0.1875
1.28,HSS6X2X14Ga,2,1.88,HSS6X2X14Ga,6,5.49,0.99,2.75,1.83,0.99,F,HSS,4.63,2.34,1.08,1.75,21.09,5.75,69.29,2.07,0.88,0.083,0.0892
0.62,HSS2X2X14Ga,2,0.6,HSS2X2X14Ga,2,0.37,0.37,0.6,0.37,0.37,F,HSS,2.24,0.44,0.44,1.75,21.1,1.75,21.1,0.78,0.78,0.083,0.0892
0.95,HSS4X2X14Ga,2,1.27,HSS4X2X14Ga,4,1.99,0.68,1.64,0.99,0.68,F,HSS,3.44,1.22,0.76,1.75,21.1,3.75,45.19,1.45,0.84,0.083,0.0892
