A,AISC_name,Cw,EDI_Std_Nomenclature,Ix,Iy,J,PA,PB,PC,PD,Qf,Qw,Sw1,Sx,Sy,T,T_F,Type,W,WGi,Wno,Zx,Zy,bf,bfdet,bf_2tf,d,ddet,h_tw,ho,k1,kdes,kdet,rts,rx,ry,tf,tfdet,tw,twdet,twdet_2
98.5,W44X335,535000,W44X335,31100,1200,74.7,132,148,104,120,278,805,1180,1410,150,38,F,W,335,5.5,168,1620,236,15.9,16,4.5,44,44,38,42.2,1.75,2.56,3,4.24,17.8,3.49,1.77,1.75,1.03,1,0.5
85.4,W44X290,461000,W44X290,27000,1040,50.9,131,147,103,119,248,701,1040,1240,132,38,F,W,290,5.5,166,1410,205,15.8,15.875,5.02,43.6,43.625,45,42,1.625,2.36,2.813,4.2,17.8,3.49,1.58,1.563,0.865,0.875,0.438
77.2,W44X262,405000,W44X262,24100,923,37.3,131,147,102,118,223,630,928,1110,117,38,F,W,262,5.5,165,1270,182,15.8,15.75,5.57,43.3,43.25,49.6,41.9,1.625,2.2,2.625,4.17,17.7,3.47,1.42,1.438,0.785,0.813,0.438
193,W40X655,1150000,W40X655,56500,2870,589,132,149,104,121,529,1530,2530,2590,340,34,T,W,655,7.5,169,3080,542,16.9,16.875,2.39,43.6,43.625,17.3,40.1,2.188,4.72,4.813,4.71,17.1,3.86,3.54,3.563,1.97,2,1
67.8,W44X230,346000,W44X230,20800,796,24.9,130,146,102,118,192,547,793,971,101,38,F,W,230,5.5,165,1100,157,15.8,15.75,6.45,42.9,42.875,54.8,41.7,1.563,2.01,2.438,4.13,17.5,3.43,1.22,1.25,0.71,0.688,0.375
148,W40X503,789000,W40X503,41600,2040,277,129,145,101,117,403,1150,1830,1980,249,34,T,W,503,7.5,161,2320,394,16.4,16.375,2.98,42.1,42,22.3,39.3,2,3.94,4,4.5,16.8,3.72,2.76,2.75,1.54,1.563,0.813
174,W40X593,997000,W40X593,50400,2520,445,130,147,103,120,479,1370,2240,2340,302,34,T,W,593,7.5,166,2760,481,16.7,16.75,2.58,43,43,19.1,39.8,2.125,4.41,4.5,4.63,17,3.8,3.23,3.25,1.79,1.813,0.938
127,W40X431,638000,W40X431,34800,1690,177,127,143,98.8,115,341,969,1510,1690,208,34,T,W,431,7.5,158,1960,328,16.2,16.25,3.44,41.3,41.25,25.5,38.9,1.875,3.54,3.625,4.41,16.6,3.65,2.36,2.375,1.34,1.313,0.688
117,W40X397,579000,W40X397,32000,1540,142,126,142,98.1,114,318,891,1380,1560,191,34,T,W,397,7.5,156,1800,300,16.1,16.125,3.66,41,41,28,38.8,1.813,3.38,3.5,4.38,16.6,3.64,2.2,2.188,1.22,1.25,0.625
110,W40X372,528000,W40X372,29600,1420,116,125,141,97.3,113,295,829,1280,1460,177,34,T,W,372,7.5,155,1680,277,16.1,16.125,3.93,40.6,40.625,29.5,38.6,1.813,3.23,3.313,4.33,16.5,3.6,2.05,2.063,1.16,1.188,0.625
87.3,W40X297,399000,W40X297,23200,1090,61.2,123,139,95.4,111,234,652,982,1170,138,34,F,W,297,7.5,151,1330,215,15.8,15.875,4.8,39.8,39.875,36.8,38.2,1.688,2.83,2.938,4.22,16.3,3.54,1.65,1.625,0.93,0.938,0.5
106,W40X362,513000,W40X362,28900,1380,109,125,141,97.2,113,289,808,1240,1420,173,34,T,W,362,7.5,154,1640,270,16,16,3.99,40.6,40.5,30.5,38.6,1.75,3.19,3.25,4.33,16.5,3.6,2.01,2,1.12,1.125,0.563
81.5,W40X277,379000,W40X277,21900,1040,51.5,123,139,95.2,111,225,614,940,1100,132,34,F,W,277,7.5,151,1250,204,15.8,15.875,5.03,39.7,39.75,41.2,38.1,1.625,2.76,2.875,4.25,16.4,3.58,1.58,1.563,0.83,0.813,0.438
73.5,W40X249,334000,W40X249,19600,926,38.1,122,138,94.6,110,203,551,841,993,118,34,F,W,249,7.5,150,1120,182,15.8,15.75,5.55,39.4,39.375,45.6,38,1.563,2.6,2.688,4.21,16.3,3.55,1.42,1.438,0.75,0.75,0.375
63.5,W40X215,284000,W40X215,16700,803,24.8,122,138,93.8,110,175,473,719,859,101,34,F,W,215,7.5,149,964,156,15.8,15.75,6.45,39,39,52.6,37.8,1.563,2.4,2.5,4.19,16.2,3.54,1.22,1.25,0.65,0.625,0.313
58.8,W40X199,246000,W40X199,14900,695,18.3,121,137,93.2,109,153,427,628,770,88.2,34,F,W,199,7.5,149,869,137,15.8,15.75,7.39,38.7,38.625,52.6,37.6,1.563,2.25,2.313,4.12,16,3.45,1.07,1.063,0.65,0.625,0.313
95.3,W40X324,448000,W40X324,25600,1220,79.4,124,140,96.3,112,259,720,1100,1280,153,34,F,W,324,7.5,153,1460,239,15.9,15.875,4.4,40.2,40.125,34.2,38.4,1.688,2.99,3.063,4.27,16.4,3.58,1.81,1.813,1,1,0.5
116,W40X392,306000,W40X392,29900,803,172,116,128,95.6,108,270,848,946,1440,130,34,T,W,392,7.5,121,1710,212,12.4,12.375,2.45,41.6,41.625,24.1,39.1,1.938,3.7,3.813,3.3,16.1,2.64,2.52,2.5,1.42,1.438,0.75
97.7,W40X331,241000,W40X331,24700,644,105,114,126,93.8,106,226,706,766,1210,106,34,T,W,331,7.5,118,1430,172,12.2,12.125,2.86,40.8,40.75,28,38.7,1.813,3.31,3.375,3.21,15.9,2.57,2.13,2.125,1.22,1.25,0.625
95.9,W40X327,239000,W40X327,24500,640,103,114,126,93.7,106,225,695,754,1200,105,34,T,W,327,7.5,117,1410,170,12.1,12.125,2.85,40.8,40.75,29,38.7,1.813,3.31,3.375,3.21,16,2.58,2.13,2.125,1.18,1.188,0.625
86.2,W40X294,208000,W40X294,21900,562,76.6,113,125,92.8,105,203,622,668,1080,93.5,34,F,W,294,7.5,115,1270,150,12,12,3.11,40.4,40.375,32.2,38.5,1.75,3.11,3.188,3.16,15.9,2.55,1.93,1.938,1.06,1.063,0.563
82.3,W40X278,192000,W40X278,20500,521,65,112,124,92.4,104,190,587,622,1020,87.1,34,F,W,278,7.5,115,1190,140,12,12,3.31,40.2,40.125,33.3,38.4,1.75,2.99,3.063,3.13,15.8,2.52,1.81,1.813,1.03,1,0.5
77.4,W40X264,181000,W40X264,19400,493,56.1,112,124,91.9,104,182,555,589,971,82.6,34,F,W,264,7.5,114,1130,132,11.9,11.875,3.45,40,40,35.6,38.3,1.688,2.91,3,3.12,15.8,2.52,1.73,1.75,0.96,0.938,0.5
69.1,W40X235,161000,W40X235,17400,444,41.3,111,123,91.3,103,166,495,530,875,74.6,34,F,W,235,7.5,113,1010,118,11.9,11.875,3.77,39.7,39.75,41.2,38.1,1.625,2.76,2.875,3.11,15.9,2.54,1.58,1.563,0.83,0.813,0.438
62.1,W40X211,141000,W40X211,15500,390,30.4,110,122,90.6,102,148,442,468,786,66.1,34,F,W,211,7.5,112,906,105,11.8,11.75,4.17,39.4,39.375,45.6,38,1.563,2.6,2.688,3.07,15.8,2.51,1.42,1.438,0.75,0.75,0.375
53.3,W40X183,118000,W40X183,13200,331,19.3,110,122,89.8,102,126,376,395,675,56,34,F,W,183,7.5,112,774,88.3,11.8,11.75,4.92,39,39,52.6,37.8,1.563,2.38,2.5,3.04,15.7,2.49,1.2,1.188,0.65,0.625,0.313
43.8,W40X149,80000,W40X149,9800,229,9.36,108,120,88.2,100,86.7,288,270,513,38.8,34,F,W,149,7.5,110,598,62.2,11.8,11.75,7.11,38.2,38.25,54.3,37.4,1.5,2.01,2.125,2.89,15,2.29,0.83,0.813,0.63,0.625,0.313
49.3,W40X167,99700,W40X167,11600,283,14,109,121,89,101,107,336,336,600,47.9,34,F,W,167,7.5,111,693,76,11.8,11.75,5.76,38.6,38.625,52.6,37.6,1.563,2.21,2.313,2.98,15.3,2.4,1.03,1,0.65,0.625,0.313
251,W36X853,1710000,W36X853,70000,4600,1240,135,153,104,122,685,1950,3620,3250,505,32.375,T,W,853,7.5,175,3920,805,18.2,18.25,2.01,43.1,43.125,12.9,38.6,2.063,5.28,5.375,5.22,16.7,4.28,4.53,4.5,2.52,2.5,1.25
236,W36X802,1540000,W36X802,64800,4210,1050,133,151,103,121,642,1820,3330,3040,468,32.375,T,W,802,7.5,172,3660,744,18,18,2.1,42.6,42.625,13.7,38.3,2,5.04,5.125,5.15,16.6,4.22,4.29,4.313,2.38,2.375,1.188
213,W36X723,1330000,W36X723,57300,3700,785,131,149,101,119,578,1630,2930,2740,416,32.375,T,W,723,7.5,169,3270,658,17.8,17.75,2.28,41.8,41.75,15,37.9,1.875,4.65,4.688,5.06,16.4,4.17,3.9,3.875,2.17,2.188,1.125
192,W36X652,1130000,W36X652,50600,3230,593,129,147,99.8,117,518,1450,2560,2460,367,31.375,T,W,652,7.5,165,2910,581,17.6,17.625,2.48,41.1,41,16.3,37.6,2.188,4.49,4.813,4.96,16.2,4.1,3.54,3.563,1.97,2,1
156,W36X529,846000,W36X529,39600,2490,327,127,144,96.8,114,419,1160,1990,1990,289,31.375,T,W,529,7.5,159,2330,454,17.2,17.25,2.96,39.8,39.75,19.9,36.9,2,3.86,4.188,4.8,16,4,2.91,2.938,1.61,1.625,0.813
143,W36X487,754000,W36X487,36000,2250,258,125,142,95.7,113,383,1060,1800,1830,263,31.375,T,W,487,7.5,157,2130,412,17.1,17.125,3.19,39.3,39.375,21.4,36.6,1.875,3.63,4,4.74,15.8,3.96,2.68,2.688,1.5,1.5,0.75
272,W36X925,1840000,W36X925,73000,4940,1430,134,153,105,124,681,2060,3780,3390,531,32.375,T,W,925,7.5,179,4130,862,18.6,18.625,2.05,43.1,43.125,10.8,38.6,2.313,5.28,5.375,5.3,16.4,4.26,4.53,4.5,3.02,3,1.5
130,W36X441,661000,W36X441,32100,1990,194,124,141,94.8,112,347,950,1600,1650,235,31.375,T,W,441,7.5,154,1910,368,17,17,3.48,38.9,38.875,23.6,36.5,1.875,3.39,3.75,4.69,15.7,3.92,2.44,2.438,1.36,1.375,0.688
116,W36X395,575000,W36X395,28500,1750,142,123,140,93.6,110,311,847,1410,1490,208,31.375,T,W,395,7.5,152,1710,325,16.8,16.875,3.83,38.4,38.375,26.3,36.2,1.813,3.15,3.438,4.61,15.7,3.88,2.2,2.188,1.22,1.25,0.625
106,W36X361,509000,W36X361,25700,1570,109,122,139,92.7,109,282,767,1270,1350,188,31.375,T,W,361,7.5,150,1550,293,16.7,16.75,4.16,38,38,28.6,36,1.75,2.96,3.313,4.58,15.6,3.85,2.01,2,1.12,1.125,0.563
96.9,W36X330,456000,W36X330,23300,1420,84.3,121,138,92,109,259,698,1150,1240,171,31.375,F,W,330,7.5,149,1410,265,16.6,16.625,4.49,37.7,37.625,31.4,35.9,1.75,2.8,3.125,4.53,15.5,3.83,1.85,1.875,1.02,1,0.5
89,W36X302,412000,W36X302,21100,1300,64.3,121,138,91.3,108,235,635,1040,1130,156,31.375,F,W,302,7.5,148,1280,241,16.7,16.625,4.96,37.3,37.375,33.9,35.6,1.688,2.63,3,4.53,15.4,3.82,1.68,1.688,0.945,0.938,0.5
77.2,W36X262,342000,W36X262,17900,1090,41.6,120,137,90.4,107,200,543,873,972,132,31.375,F,W,262,7.5,147,1100,204,16.6,16.5,5.75,36.9,36.875,38.2,35.5,1.625,2.39,2.75,4.46,15.3,3.76,1.44,1.438,0.84,0.813,0.438
82.9,W36X282,378000,W36X282,19600,1200,52.7,120,137,90.8,107,219,591,960,1050,144,31.375,F,W,282,7.5,147,1190,223,16.6,16.625,5.29,37.1,37.125,36.2,35.5,1.625,2.52,2.875,4.5,15.4,3.8,1.57,1.563,0.885,0.875,0.438
68.2,W36X231,292000,W36X231,15600,940,28.7,120,136,89.5,106,175,476,756,854,114,31.375,F,W,231,7.5,145,963,176,16.5,16.5,6.54,36.5,36.5,42.2,35.2,1.563,2.21,2.563,4.4,15.1,3.71,1.26,1.25,0.76,0.75,0.375
72.5,W36X247,316000,W36X247,16700,1010,34.7,120,136,89.9,106,187,509,812,913,123,31.375,F,W,247,7.5,146,1030,190,16.5,16.5,6.11,36.7,36.625,40.1,35.4,1.625,2.3,2.625,4.42,15.2,3.74,1.35,1.375,0.8,0.813,0.438
75.3,W36X256,168000,W36X256,16800,528,52.9,108,120,87,99.2,174,516,576,895,86.5,31.5,F,W,256,5.5,109,1040,137,12.2,12.25,3.53,37.4,37.375,33.8,35.7,1.688,2.48,2.938,3.24,14.9,2.65,1.73,1.75,0.96,0.938,0.5
68,W36X232,148000,W36X232,15000,468,39.6,108,120,86.3,98.4,157,464,512,809,77.2,31.5,F,W,232,5.5,108,936,122,12.1,12.125,3.86,37.1,37.125,37.3,35.5,1.625,2.32,2.813,3.21,14.8,2.62,1.57,1.563,0.87,0.875,0.438
61.9,W36X210,128000,W36X210,13200,411,28,107,119,85.6,97.8,136,412,446,719,67.5,31.5,F,W,210,5.5,108,833,107,12.2,12.125,4.48,36.7,36.75,39.1,35.3,1.625,2.11,2.625,3.18,14.6,2.58,1.36,1.375,0.83,0.813,0.438
57,W36X194,116000,W36X194,12100,375,22.2,107,119,85.1,97.2,126,379,407,664,61.9,31.5,F,W,194,5.5,107,767,97.7,12.1,12.125,4.81,36.5,36.5,42.4,35.2,1.563,2.01,2.5,3.15,14.6,2.56,1.26,1.25,0.765,0.75,0.375
53.6,W36X182,107000,W36X182,11300,347,18.5,106,118,84.7,96.8,118,355,378,623,57.6,31.5,F,W,182,5.5,106,718,90.7,12.1,12.125,5.12,36.3,36.375,44.8,35.1,1.563,1.93,2.375,3.13,14.5,2.55,1.18,1.188,0.725,0.75,0.375
50,W36X170,98500,W36X170,10500,320,15.1,106,118,84.4,96.4,109,330,349,581,53.2,31.5,F,W,170,5.5,105,668,83.8,12,12,5.47,36.2,36.125,47.7,35.1,1.563,1.85,2.375,3.11,14.5,2.53,1.1,1.125,0.68,0.688,0.375
47,W36X160,90200,W36X160,9760,295,12.4,105,117,84,96,101,308,321,542,49.1,31.5,F,W,160,5.5,105,624,77.3,12,12,5.88,36,36,49.9,35,1.563,1.77,2.25,3.09,14.4,2.5,1.02,1,0.65,0.625,0.313
44.3,W36X150,82200,W36X150,9040,270,10.1,105,117,83.8,95.8,93.1,287,294,504,45.1,31.5,F,W,150,5.5,105,581,70.9,12,12,6.37,35.9,35.875,51.9,35,1.5,1.69,2.188,3.06,14.3,2.47,0.94,0.938,0.625,0.625,0.313
39.9,W36X135,68100,W36X135,7800,225,7,105,117,83.2,95.2,77.9,251,245,439,37.7,31.5,F,W,135,5.5,104,509,59.7,12,12,7.56,35.6,35.5,54.1,34.8,1.5,1.54,2.063,2.99,14,2.38,0.79,0.813,0.6,0.625,0.313
114,W33X387,459000,W33X387,24300,1620,148,117,133,88.2,104,287,778,1260,1350,200,28.875,T,W,387,5.5,137,1560,312,16.2,16.25,3.55,36,36,23.7,33.7,1.813,3.07,3.563,4.49,14.6,3.77,2.28,2.25,1.26,1.25,0.625
104,W33X354,408000,W33X354,22000,1460,115,116,132,87.3,103,262,707,1130,1240,181,28.875,T,W,354,5.5,135,1420,282,16.1,16.125,3.85,35.6,35.5,25.7,33.5,1.813,2.88,3.375,4.44,14.5,3.74,2.09,2.063,1.16,1.188,0.625
85.6,W33X291,319000,W33X291,17700,1160,65.1,114,130,85.5,101,214,573,904,1020,146,28.875,F,W,291,5.5,131,1160,226,15.9,15.875,4.6,34.8,34.875,31,33.1,1.688,2.52,2.938,4.34,14.4,3.68,1.73,1.75,0.96,0.938,0.5
93.7,W33X318,357000,W33X318,19500,1290,84.4,115,131,86.4,102,235,632,1010,1110,161,28.875,F,W,318,5.5,133,1270,250,16,16,4.23,35.2,35.125,28.7,33.3,1.75,2.68,3.188,4.4,14.5,3.71,1.89,1.875,1.04,1.063,0.563
71.1,W33X241,251000,W33X241,14200,933,36.2,113,129,84.3,100,173,467,726,831,118,28.875,F,W,241,5.5,130,940,182,15.9,15.875,5.66,34.2,34.125,35.9,32.8,1.625,2.19,2.688,4.29,14.1,3.62,1.4,1.375,0.83,0.813,0.438
77.4,W33X263,281000,W33X263,15900,1040,48.7,113,129,84.8,101,193,515,807,919,131,28.875,F,W,263,5.5,130,1040,202,15.8,15.75,5.03,34.5,34.5,34.3,32.9,1.625,2.36,2.813,4.31,14.3,3.66,1.57,1.563,0.87,0.875,0.438
65.3,W33X221,224000,W33X221,12900,840,27.8,112,128,83.6,99.4,156,423,647,759,106,28.875,F,W,221,5.5,129,857,164,15.8,15.75,6.2,33.9,33.875,38.5,32.6,1.625,2.06,2.5,4.25,14.1,3.59,1.28,1.25,0.775,0.75,0.375
59.1,W33X201,198000,W33X201,11600,749,20.8,111,127,83.1,98.8,140,382,577,686,95.2,28.875,F,W,201,5.5,128,773,147,15.7,15.75,6.85,33.7,33.625,41.7,32.6,1.563,1.94,2.438,4.21,14,3.56,1.15,1.125,0.715,0.688,0.375
49.5,W33X169,82400,W33X169,9290,310,17.7,99.5,111,79.1,90.6,108,311,329,549,53.9,28.875,F,W,169,5.5,93.7,629,84.4,11.5,11.5,4.71,33.8,33.875,44.7,32.6,1.563,1.92,2.438,3.03,13.7,2.5,1.22,1.25,0.67,0.688,0.375
44.9,W33X152,71700,W33X152,8160,273,12.4,99.4,111,78.6,90.2,94.3,278,289,487,47.2,28.875,F,W,152,5.5,94.1,559,73.9,11.6,11.625,5.48,33.5,33.5,47.2,32.4,1.5,1.76,2.313,3.01,13.5,2.47,1.06,1.063,0.635,0.625,0.313
41.5,W33X141,64400,W33X141,7450,246,9.7,98.5,110,78.1,89.6,84.6,253,257,448,42.7,28.875,F,W,141,5.5,93,514,66.9,11.5,11.5,6.01,33.3,33.25,49.6,32.3,1.5,1.66,2.188,2.98,13.4,2.43,0.96,0.938,0.605,0.625,0.313
38.3,W33X130,56600,W33X130,6710,218,7.37,98.5,110,77.7,89.2,75.3,230,228,406,37.9,28.875,F,W,130,5.5,92.7,467,59.5,11.5,11.5,6.73,33.1,33.125,51.7,32.2,1.5,1.56,2.125,2.94,13.2,2.39,0.855,0.875,0.58,0.563,0.313
34.7,W33X118,48300,W33X118,5900,187,5.3,97.5,109,77.3,88.8,65.1,205,197,359,32.6,28.875,F,W,118,5.5,92.5,415,51.3,11.5,11.5,7.76,32.9,32.875,54.5,32.2,1.5,1.44,2,2.89,13,2.32,0.74,0.75,0.55,0.563,0.313
105,W30X357,324000,W30X357,18700,1390,134,108,124,81.1,96.6,244,655,1030,1140,179,25.75,T,W,357,5.5,118,1320,279,15.5,15.5,3.45,32.8,32.75,21.6,30.6,1.813,3.03,3.5,4.31,13.3,3.64,2.24,2.25,1.24,1.25,0.625
115,W30X391,366000,W30X391,20700,1550,173,109,125,82,97.6,267,722,1140,1250,198,25.75,T,W,391,5.5,120,1450,310,15.6,15.625,3.19,33.2,33.25,19.7,30.8,1.875,3.23,3.75,4.37,13.4,3.67,2.44,2.438,1.36,1.375,0.688
95.9,W30X326,287000,W30X326,16800,1240,103,108,123,80.2,95.6,222,593,922,1040,162,25.75,T,W,326,5.5,117,1190,252,15.4,15.375,3.75,32.4,32.375,23.4,30.4,1.75,2.84,3.313,4.26,13.2,3.6,2.05,2.063,1.14,1.125,0.563
86,W30X292,250000,W30X292,14900,1100,75.2,107,122,79.3,94.6,199,529,816,930,144,25.75,F,W,292,5.5,115,1060,223,15.3,15.25,4.12,32,32,26.2,30.2,1.75,2.64,3.125,4.22,13.2,3.58,1.85,1.875,1.02,1,0.5
69.3,W30X235,190000,W30X235,11700,855,40.3,105,120,77.7,92.8,159,421,637,748,114,25.75,F,W,235,5.5,112,847,175,15.1,15,5.02,31.3,31.25,32.2,29.8,1.625,2.29,2.75,4.13,13,3.51,1.5,1.5,0.83,0.813,0.438
77,W30X261,215000,W30X261,13100,959,54.1,106,121,78.4,93.6,176,469,714,829,127,25.75,F,W,261,5.5,114,943,196,15.2,15.125,4.59,31.6,31.625,28.7,30,1.688,2.44,2.938,4.16,13.1,3.53,1.65,1.625,0.93,0.938,0.5
56.1,W30X191,146000,W30X191,9200,673,21,104,119,76.4,91.4,125,335,494,600,89.5,25.75,F,W,191,5.5,111,675,138,15,15,6.35,30.7,30.63,37.7,29.5,1.56,1.97,2.5,4.06,12.8,3.46,1.19,1.19,0.71,0.69,0.38
62.3,W30X211,166000,W30X211,10300,757,28.4,104,119,76.9,92,140,372,556,665,100,25.75,F,W,211,5.5,112,751,155,15.1,15.13,5.74,30.9,31,34.5,29.6,1.63,2.1,2.56,4.11,12.9,3.49,1.32,1.31,0.775,0.75,0.38
50.9,W30X173,129000,W30X173,8230,598,15.6,103,118,75.8,90.8,113,301,441,541,79.8,25.75,F,W,173,5.5,110,607,123,15,15,7.04,30.4,30.5,40.8,29.3,1.56,1.85,2.31,4.03,12.7,3.42,1.07,1.06,0.655,0.63,0.31
43.6,W30X148,49400,W30X148,6680,227,14.5,90.5,101,71.9,82.4,85.8,248,240,436,43.3,25.75,F,W,148,5.5,77.5,500,68,10.5,10.5,4.44,30.7,30.63,41.6,29.5,1.56,1.83,2.5,2.77,12.4,2.28,1.18,1.19,0.65,0.63,0.31
36.5,W30X124,38600,W30X124,5360,181,7.99,89.5,100,70.9,81.4,67.5,202,188,355,34.4,25.75,F,W,124,5.5,76.8,408,54,10.5,10.5,5.65,30.2,30.13,46.2,29.3,1.5,1.58,2.25,2.73,12.1,2.23,0.93,0.94,0.585,0.56,0.31
38.8,W30X132,42100,W30X132,5770,196,9.72,89.5,100,71.1,81.6,72.4,215,202,380,37.2,25.75,F,W,132,5.5,76.9,437,58.4,10.5,10.5,5.27,30.3,30.25,43.9,29.3,1.5,1.65,2.25,2.75,12.2,2.25,1,1,0.615,0.63,0.31
34.2,W30X116,34900,W30X116,4930,164,6.43,89.3,100,70.5,81,61.5,187,171,329,31.3,25.75,F,W,116,5.5,76.5,378,49.2,10.5,10.5,6.17,30,30,47.8,29.2,1.5,1.5,2.13,2.7,12,2.19,0.85,0.88,0.565,0.56,0.31
31.7,W30X108,30900,W30X108,4470,146,4.99,88.9,99.4,70.1,80.6,54.9,170,152,299,27.9,25.75,F,W,108,5.5,76.2,346,43.9,10.5,10.5,6.89,29.8,29.88,49.6,29,1.5,1.41,2,2.67,11.9,2.15,0.76,0.75,0.545,0.56,0.31
29,W30X99,26800,W30X99,3990,128,3.77,88.7,99.2,69.9,80.4,48.5,154,134,269,24.5,25.75,F,W,99,5.5,76.2,312,38.6,10.5,10.5,7.8,29.7,29.63,51.9,29,1.5,1.32,2,2.62,11.7,2.1,0.67,0.69,0.52,0.5,0.25
26.3,W30X90,24000,W30X90,3610,115,2.84,88.1,98.5,69.4,79.8,43.7,139,119,245,22.1,25.75,F,W,90,5.5,75.1,283,34.7,10.4,10.38,8.52,29.5,29.5,57.5,28.9,1.44,1.26,1.88,2.6,11.7,2.09,0.61,0.63,0.47,0.5,0.25
109,W27X368,255000,W27X368,16200,1310,170,100,115,75.5,90.2,231,621,935,1060,179,23,T,W,368,5.5,103,1240,279,14.7,14.63,2.96,30.4,30.38,17.3,27.9,1.88,3.27,3.69,4.15,12.2,3.48,2.48,2.5,1.38,1.38,0.69
159,W27X539,443000,W27X539,25600,2110,496,106,121,80.3,95.6,342,943,1500,1570,277,23,T,W,539,5.5,111,1890,437,15.3,15.25,2.15,32.5,32.5,12.1,29,1.81,4.33,4.44,4.41,12.7,3.65,3.54,3.56,1.97,2,1
99.2,W27X336,226000,W27X336,14600,1180,131,100,115,74.6,89.2,211,563,842,972,162,23,T,W,336,5.5,101,1130,252,14.6,14.5,3.19,30,30,18.9,27.7,1.81,3.07,3.5,4.1,12.1,3.45,2.28,2.25,1.26,1.25,0.63
90.2,W27X307,199000,W27X307,13100,1050,101,98.6,113,73.6,88,190,508,745,887,146,23,T,W,307,5.5,99,1030,227,14.4,14.5,3.46,29.6,29.63,20.6,27.5,1.81,2.88,3.31,4.04,12,3.41,2.09,2.06,1.16,1.19,0.63
83.1,W27X281,178000,W27X281,11900,953,79.5,98.6,113,73,87.4,176,466,685,814,133,23,F,W,281,5.5,98.5,936,206,14.4,14.38,3.72,29.3,29.25,22.5,27.4,1.75,2.72,3.13,4,12,3.39,1.93,1.94,1.06,1.06,0.56
76.1,W27X258,159000,W27X258,10800,859,61.6,97.7,112,72.3,86.6,160,424,616,745,120,23,F,W,258,5.5,97.3,852,187,14.3,14.25,4.03,29,29,24.4,27.2,1.69,2.56,3,3.96,11.9,3.36,1.77,1.75,0.98,1,0.5
69.4,W27X235,141000,W27X235,9700,769,47,96.8,111,71.6,85.8,145,384,550,677,108,23,F,W,235,5.5,96.2,772,168,14.2,14.25,4.41,28.7,28.63,26.2,27.1,1.69,2.4,2.88,3.92,11.8,3.33,1.61,1.63,0.91,0.94,0.5
57.1,W27X194,111000,W27X194,7860,619,27.1,95,109,70.2,84.2,119,312,439,559,88.1,23,F,W,194,5.5,93.7,631,136,14,14,5.24,28.1,28.13,31.8,26.8,1.56,2.13,2.56,3.85,11.7,3.29,1.34,1.31,0.75,0.75,0.38
63.9,W27X217,128000,W27X217,8910,704,37.6,95.9,110,70.9,85,134,351,501,627,100,23,F,W,217,5.5,94.8,711,154,14.1,14.13,4.71,28.4,28.38,28.7,26.9,1.63,2.29,2.69,3.89,11.8,3.32,1.5,1.5,0.83,0.81,0.44
52.5,W27X178,98400,W27X178,7020,555,20.1,94.9,109,69.7,83.8,106,282,393,505,78.8,23,F,W,178,5.5,93.8,570,122,14.1,14.13,5.92,27.8,27.75,32.9,26.6,1.56,1.98,2.38,3.83,11.6,3.25,1.19,1.19,0.725,0.75,0.38
47.6,W27X161,87300,W27X161,6310,497,15.1,95,109,69.2,83.2,95.5,254,351,458,70.9,23,F,W,161,5.5,92.8,515,109,14,14,6.49,27.6,27.63,36.1,26.5,1.56,1.87,2.31,3.79,11.5,3.23,1.08,1.06,0.66,0.69,0.38
37.8,W27X129,32500,W27X129,4760,184,11.1,83,93,65.2,75.2,68.4,195,182,345,36.8,23,F,W,129,5.5,66.3,395,57.6,10,10,4.55,27.6,27.63,39.7,26.5,1.5,1.7,2.31,2.66,11.2,2.21,1.1,1.13,0.61,0.63,0.31
43.2,W27X146,77200,W27X146,5660,443,11.3,94,108,68.8,82.8,86.3,229,316,414,63.5,23,F,W,146,5.5,92.5,464,97.7,14,14,7.16,27.4,27.38,39.4,26.4,1.5,1.76,2.19,3.76,11.5,3.2,0.975,1,0.605,0.63,0.31
33.6,W27X114,27600,W27X114,4080,159,7.33,82.7,92.8,64.7,74.8,58.4,170,156,299,31.5,23,F,W,114,5.5,66.6,343,49.3,10.1,10.13,5.41,27.3,27.25,42.5,26.4,1.5,1.53,2.13,2.65,11,2.18,0.93,0.94,0.57,0.56,0.31
30,W27X102,24000,W27X102,3620,139,5.28,82.1,92.1,64.2,74.2,51.7,151,136,267,27.8,23,F,W,102,5.5,65.7,305,43.4,10,10,6.03,27.1,27.13,47.1,26.3,1.44,1.43,2.06,2.62,11,2.15,0.83,0.81,0.515,0.5,0.25
24.7,W27X84,17900,W27X84,2850,106,2.81,81.5,91.5,63.4,73.4,39.8,121,104,213,21.2,23,F,W,84,5.5,65.2,244,33.2,10,10,7.78,26.7,26.75,52.7,26.1,1.44,1.24,1.88,2.54,10.7,2.07,0.64,0.63,0.46,0.44,0.25
109,W24X370,186000,W24X370,13400,1160,201,93.3,107,69.7,83.4,209,568,807,957,170,20,T,W,370,5.5,86.6,1130,267,13.7,13.63,2.51,28,28,14.2,25.3,2,3.22,4,3.92,11.1,3.27,2.72,2.75,1.52,1.5,0.75
27.6,W27X94,21300,W27X94,3270,124,4.03,81.8,91.8,63.8,73.8,46.3,137,122,243,24.8,23,F,W,94,5.5,65.4,278,38.8,10,10,6.7,26.9,26.88,49.5,26.2,1.44,1.34,1.94,2.59,10.9,2.12,0.745,0.75,0.49,0.5,0.25
98.3,W24X335,161000,W24X335,11900,1030,152,91.5,105,68.5,82,188,506,707,864,152,20,T,W,335,5.5,84.4,1020,238,13.5,13.5,2.73,27.5,27.5,15.6,25,1.88,2.98,3.75,3.86,11,3.23,2.48,2.5,1.38,1.38,0.69
89.7,W24X306,142000,W24X306,10700,919,117,90.6,104,67.6,81,172,459,635,789,137,20,T,W,306,5.5,83.1,922,214,13.4,13.38,2.94,27.1,27.13,17.1,24.8,1.81,2.78,3.56,3.81,10.9,3.2,2.28,2.25,1.26,1.25,0.63
81.9,W24X279,125000,W24X279,9600,823,90.5,89.7,103,66.7,80,156,416,569,718,124,20,T,W,279,5.5,81.8,835,193,13.3,13.25,3.18,26.7,26.75,18.6,24.6,1.81,2.59,3.38,3.76,10.8,3.17,2.09,2.06,1.16,1.19,0.63
73.5,W24X250,108000,W24X250,8490,724,66.6,88.8,102,65.8,79,140,370,502,644,110,20,F,W,250,5.5,80.6,744,171,13.2,13.13,3.49,26.3,26.38,20.7,24.4,1.75,2.39,3.13,3.71,10.7,3.14,1.89,1.88,1.04,1.06,0.56
67.2,W24X229,96100,W24X229,7650,651,51.3,88.9,102,65.1,78.2,127,336,450,588,99.4,20,F,W,229,5.5,79.5,675,154,13.1,13.13,3.79,26,26,22.5,24.3,1.69,2.23,3,3.67,10.7,3.11,1.73,1.75,0.96,0.94,0.5
56.5,W24X192,76300,W24X192,6260,530,30.8,88,101,64,77,107,280,371,491,81.8,20,F,W,192,5.5,78.1,559,126,13,13,4.43,25.5,25.5,26.6,24,1.63,1.96,2.75,3.6,10.5,3.07,1.46,1.44,0.81,0.81,0.44
60.7,W24X207,84100,W24X207,6820,578,38.3,88,101,64.4,77.4,115,302,400,531,88.8,20,F,W,207,5.5,78.4,606,137,13,13,4.14,25.7,25.75,24.8,24.1,1.63,2.07,2.88,3.62,10.6,3.08,1.57,1.56,0.87,0.88,0.44
51.7,W24X176,68400,W24X176,5680,479,23.9,86.7,100,63.3,76.2,97.1,254,333,450,74.3,20,F,W,176,5.5,76.9,511,115,12.9,12.88,4.81,25.2,25.25,28.7,23.9,1.56,1.84,2.63,3.57,10.5,3.04,1.34,1.31,0.75,0.75,0.38
47.8,W24X162,62600,W24X162,5170,443,18.5,86.7,100,63,76,89.2,233,306,414,68.4,20,F,W,162,5.5,77.3,468,105,13,13,5.31,25,25,30.6,23.8,1.56,1.72,2.5,3.57,10.4,3.05,1.22,1.25,0.705,0.69,0.38
43,W24X146,54600,W24X146,4580,391,13.4,85.9,98.8,62.3,75.2,78.8,207,268,371,60.5,20,F,W,146,5.5,76.1,418,93.2,12.9,12.88,5.92,24.7,24.75,33.2,23.6,1.56,1.59,2.38,3.53,10.3,3.01,1.09,1.06,0.65,0.63,0.31
34.4,W24X117,40800,W24X117,3540,297,6.72,85,97.8,61.4,74.2,61,163,204,291,46.5,20,F,W,117,5.5,75,327,71.4,12.8,12.75,7.53,24.3,24.25,39.2,23.5,1.5,1.35,2.13,3.46,10.1,2.94,0.85,0.88,0.55,0.56,0.31
38.6,W24X131,47100,W24X131,4020,340,9.5,85.6,98.5,61.9,74.8,69.5,184,235,329,53,20,F,W,131,5.5,75.9,370,81.5,12.9,12.88,6.7,24.5,24.5,35.6,23.5,1.5,1.46,2.25,3.49,10.2,2.97,0.96,0.94,0.605,0.63,0.31
30.7,W24X104,35200,W24X104,3100,259,4.72,84.7,97.5,61,73.8,53.9,144,179,258,40.7,20,F,W,104,5.5,74.7,289,62.4,12.8,12.75,8.5,24.1,24,43.1,23.4,1.44,1.25,2.06,3.42,10.1,2.91,0.75,0.75,0.5,0.5,0.25
27.7,W24X94,15000,W24X94,2700,109,5.26,73.9,83,57.7,66.7,43.8,126,105,222,24,20,F,W,94,5.5,53.1,254,37.5,9.07,9.13,5.18,24.3,24.25,41.9,23.4,1.44,1.38,2.13,2.4,9.87,1.98,0.875,0.88,0.515,0.5,0.25
30.3,W24X103,16600,W24X103,3000,119,7.07,74,83,58,67,48.7,139,117,245,26.5,20,F,W,103,5.5,52.9,280,41.5,9,9,4.59,24.5,24.5,39.2,23.5,1.5,1.48,2.25,2.4,10,1.99,0.98,1,0.55,0.56,0.31
24.7,W24X84,12800,W24X84,2370,94.4,3.7,73.5,82.5,57.2,66.2,38.4,111,91.3,196,20.9,20,F,W,84,5.5,52.6,224,32.6,9.02,9,5.86,24.1,24.13,45.9,23.3,1.44,1.27,2.06,2.37,9.79,1.95,0.77,0.75,0.47,0.5,0.25
20.1,W24X68,9430,W24X68,1830,70.4,1.87,72.6,81.6,56.4,65.3,28.9,87,68,154,15.7,20,F,W,68,5.5,51.8,177,24.5,8.97,9,7.66,23.7,23.75,52,23.1,1.44,1.09,1.88,2.3,9.55,1.87,0.585,0.56,0.415,0.44,0.25
22.4,W24X76,11100,W24X76,2100,82.5,2.68,73,82,56.8,65.8,33.8,98.9,79.8,176,18.4,20,F,W,76,5.5,52.2,200,28.6,8.99,9,6.61,23.9,23.88,49,23.2,1.44,1.18,1.94,2.33,9.69,1.92,0.68,0.69,0.44,0.44,0.25
18.2,W24X62,4620,W24X62,1550,34.5,1.71,66.8,73.8,54.4,61.5,22.5,75.3,42.2,131,9.8,20.75,F,W,62,3.5,40.7,153,15.7,7.04,7,5.97,23.7,23.75,50.1,23.1,1.06,1.09,1.5,1.75,9.23,1.38,0.59,0.56,0.43,0.44,0.25
16.2,W24X55,3870,W24X55,1350,29.1,1.18,66.6,73.6,54.2,61.2,19.3,66.1,35.8,114,8.3,20.75,F,W,55,3.5,40.5,134,13.3,7.01,7,6.94,23.6,23.63,54.6,23.1,1,1.01,1.44,1.72,9.11,1.34,0.505,0.5,0.395,0.38,0.19
81.8,W21X275,94400,W21X275,7690,787,107,82.4,95.3,61.1,74,140,369,499,638,122,17.25,T,W,275,5.5,70.7,749,191,12.9,12.88,2.95,24.1,24.13,14.2,21.9,1.81,3.37,3.44,3.68,9.7,3.1,2.19,2.19,1.22,1.25,0.63
73.8,W21X248,82400,W21X248,6830,699,80.7,81.6,94.4,60.2,73,126,330,442,576,109,17.25,F,W,248,5.5,69.5,671,170,12.8,12.75,3.22,23.7,23.75,15.8,21.7,1.75,3.17,3.25,3.63,9.62,3.08,1.99,2,1.1,1.13,0.56
59.3,W21X201,62000,W21X201,5310,542,40.9,81.1,93.7,58.6,71.2,102,264,346,461,86.1,17.25,F,W,201,5.5,67.3,530,133,12.6,12.63,3.86,23,23,20.6,21.4,1.69,2.13,2.88,3.55,9.47,3.02,1.63,1.63,0.91,0.94,0.5
66.5,W21X223,71700,W21X223,6080,614,59.5,80.9,93.6,59.5,72.2,113,295,390,520,96.7,17.25,F,W,223,5.5,68.6,601,150,12.7,12.63,3.55,23.4,23.38,17.5,21.6,1.69,2.97,3.06,3.57,9.56,3.04,1.79,1.81,1,1,0.5
53.6,W21X182,54400,W21X182,4730,483,30.7,80.4,92.9,57.9,70.4,91.6,237,307,417,77.2,17.25,F,W,182,5.5,66.3,476,119,12.5,12.5,4.22,22.7,22.75,22.6,21.2,1.63,1.98,2.75,3.51,9.4,3,1.48,1.5,0.83,0.81,0.44
48.8,W21X166,48500,W21X166,4280,435,23.6,79.8,92.2,57.4,69.8,83.7,215,276,380,70,17.25,F,W,166,5.5,65.5,432,108,12.4,12.38,4.57,22.5,22.5,25,21.1,1.56,1.86,2.63,3.48,9.36,2.99,1.36,1.38,0.75,0.75,0.38
43.2,W21X147,41100,W21X147,3630,376,15.4,79.4,91.9,56.7,69.2,71,186,235,329,60.1,17.25,F,W,147,5.5,65.5,373,92.6,12.5,12.5,5.44,22.1,22,26.1,21,1.56,1.65,2.44,3.46,9.17,2.95,1.15,1.13,0.72,0.75,0.38
38.8,W21X132,36000,W21X132,3220,333,11.3,78.6,91,56,68.4,62.8,164,206,295,53.5,17.25,F,W,132,5.5,64.4,333,82.3,12.4,12.5,6.01,21.8,21.88,28.9,20.8,1.56,1.54,2.25,3.43,9.12,2.93,1.04,1.06,0.65,0.63,0.31
32.6,W21X111,29200,W21X111,2670,274,6.83,77.9,90.2,55.3,67.6,53,138,171,249,44.5,17.25,F,W,111,5.5,63.4,279,68.2,12.3,12.38,7.05,21.5,21.5,34.1,20.6,1.5,1.38,2.13,3.37,9.05,2.9,0.875,0.88,0.55,0.56,0.31
27.3,W21X93,9940,W21X93,2070,92.9,6.03,66.5,74.9,51.6,60,37.7,109,85.2,192,22.1,18.38,F,W,93,5.5,43.5,221,34.7,8.42,8.38,4.53,21.6,21.63,32.3,20.7,0.94,1.43,1.63,2.24,8.7,1.84,0.93,0.94,0.58,0.56,0.31
21.5,W21X73,7410,W21X73,1600,70.6,3.02,65.5,73.8,50.7,59,29.7,85,65.2,151,17,18.38,F,W,73,5.5,42.5,172,26.6,8.3,8.25,5.6,21.2,21.25,41.2,20.5,0.88,1.24,1.44,2.19,8.64,1.81,0.74,0.75,0.455,0.44,0.25
35.9,W21X122,32700,W21X122,2960,305,8.98,78.5,90.9,55.8,68.2,58.7,153,191,273,49.2,17.25,F,W,122,5.5,64.3,307,75.6,12.4,12.38,6.45,21.7,21.63,31.3,20.7,1.5,1.46,2.25,3.4,9.09,2.92,0.96,0.94,0.6,0.63,0.31
24.4,W21X83,8630,W21X83,1830,81.4,4.34,66,74.4,51.2,59.5,33.7,96.8,75,171,19.5,18.38,F,W,83,5.5,43,196,30.5,8.36,8.38,5,21.4,21.38,36.4,20.6,0.88,1.34,1.5,2.21,8.67,1.83,0.835,0.81,0.515,0.5,0.25
20,W21X68,6760,W21X68,1480,64.7,2.45,65.3,73.6,50.5,58.7,27.4,78.7,59.8,140,15.7,18.38,F,W,68,5.5,42.2,160,24.4,8.27,8.25,6.04,21.1,21.13,43.6,20.4,0.88,1.19,1.38,2.17,8.6,1.8,0.685,0.69,0.43,0.44,0.25
18.3,W21X62,5960,W21X62,1330,57.5,1.83,65.1,73.3,50.2,58.5,24.6,71.2,53.2,127,14,18.38,F,W,62,5.5,42,144,21.7,8.24,8.25,6.7,21,21,46.9,20.4,0.81,1.12,1.31,2.15,8.54,1.77,0.615,0.63,0.4,0.38,0.19
29.8,W21X101,26200,W21X101,2420,248,5.21,77.8,90.1,55.1,67.4,48.6,126,156,227,40.3,17.25,F,W,101,5.5,63.3,253,61.7,12.3,12.25,7.68,21.4,21.38,37.5,20.6,1.44,1.3,2.06,3.35,9.02,2.89,0.8,0.81,0.5,0.5,0.25
16.2,W21X55,4980,W21X55,1140,48.4,1.24,64.7,72.9,49.8,58,20.8,61.8,44.7,110,11.8,18.38,F,W,55,5.5,41.7,126,18.4,8.22,8.25,7.87,20.8,20.75,50,20.3,0.81,1.02,1.19,2.11,8.4,1.73,0.522,0.5,0.375,0.38,0.19
14.1,W21X48,3950,W21X48,959,38.7,0.803,64.1,72.2,49.3,57.5,16.9,52.3,35.9,93,9.52,18.38,F,W,48,5.5,41,107,14.9,8.14,8.13,9.47,20.6,20.63,53.6,20.2,0.81,0.93,1.13,2.05,8.24,1.66,0.43,0.44,0.35,0.38,0.19
14.7,W21X50,2570,W21X50,984,24.9,1.14,59.6,66.1,48.1,54.7,16.7,53.9,28.9,94.5,7.64,18.38,F,W,50,3.5,33.1,110,12.2,6.53,6.5,6.1,20.8,20.88,49.4,20.3,0.81,1.04,1.25,1.64,8.18,1.3,0.535,0.56,0.38,0.38,0.19
16.7,W21X57,3190,W21X57,1170,30.6,1.77,60.2,66.8,48.8,55.3,20.5,63.4,35.8,111,9.35,18.38,F,W,57,3.5,33.5,129,14.8,6.56,6.5,5.04,21.1,21,46.3,20.5,0.81,1.15,1.31,1.68,8.36,1.35,0.65,0.63,0.405,0.38,0.19
91.6,W18X311,76200,W18X311,6970,795,176,76.7,88.7,56.6,68.6,140,375,482,624,132,15.13,T,W,311,5.5,58.7,754,207,12,12,2.19,22.3,22.38,10.4,19.6,1.56,3.24,3.56,3.53,8.72,2.95,2.74,2.75,1.52,1.5,0.75
13,W21X44,2110,W21X44,843,20.7,0.77,59.3,65.8,47.9,54.4,14,46.8,24.1,81.6,6.37,18.38,F,W,44,3.5,32.9,95.4,10.2,6.5,6.5,7.22,20.7,20.63,53.6,20.3,0.81,0.95,1.13,1.6,8.06,1.26,0.45,0.44,0.35,0.38,0.19
83.3,W18X283,65900,W18X283,6170,704,134,75.8,87.7,55.7,67.6,127,339,429,565,118,15.13,T,W,283,5.5,57.7,676,185,11.9,11.88,2.38,21.9,21.88,11.3,19.4,1.5,3,3.38,3.47,8.61,2.91,2.5,2.5,1.4,1.38,0.69
76,W18X258,57600,W18X258,5510,628,103,75.1,86.9,54.8,66.6,116,306,384,514,107,15.13,T,W,258,5.5,56.6,611,166,11.8,11.75,2.56,21.5,21.5,12.5,19.2,1.44,2.7,3.19,3.42,8.53,2.88,2.3,2.31,1.28,1.25,0.63
68.6,W18X234,50100,W18X234,4900,558,78.7,74.3,86,53.9,65.6,106,276,343,466,95.8,15.13,T,W,234,5.5,55.5,549,149,11.7,11.63,2.76,21.1,21,13.8,19,1.38,2.51,3,3.37,8.44,2.85,2.11,2.13,1.16,1.19,0.63
56.2,W18X192,38000,W18X192,3870,440,44.7,72.7,84.2,52.3,63.8,86,222,270,380,76.8,15.13,F,W,192,5.5,53.6,442,119,11.5,11.5,3.27,20.4,20.38,16.7,18.7,1.31,2.15,2.63,3.28,8.28,2.79,1.75,1.75,0.96,0.94,0.5
62.3,W18X211,43400,W18X211,4330,493,58.6,73.4,85,53,64.6,94.6,246,302,419,85.3,15.13,F,W,211,5.5,54.5,490,132,11.6,11.5,3.02,20.7,20.63,15.1,18.8,1.38,2.31,2.81,3.32,8.35,2.82,1.91,1.94,1.06,1.06,0.56
51.4,W18X175,33300,W18X175,3450,391,33.8,71.7,83.1,51.4,62.8,76.9,198,238,344,68.8,15.13,F,W,175,5.5,52.5,398,106,11.4,11.38,3.58,20,20,18,18.4,1.25,1.99,2.44,3.24,8.2,2.76,1.59,1.56,0.89,0.88,0.44
46.3,W18X158,29000,W18X158,3060,347,25.2,71,82.3,50.7,62,69,177,210,310,61.4,15.13,F,W,158,5.5,51.6,356,94.8,11.3,11.25,3.92,19.7,19.75,19.8,18.3,1.25,1.84,2.38,3.2,8.12,2.74,1.44,1.44,0.81,0.81,0.44
42,W18X143,25700,W18X143,2750,311,19.2,70.4,81.6,50.2,61.4,62.8,160,188,282,55.5,15.13,F,W,143,5.5,50.9,322,85.4,11.2,11.25,4.25,19.5,19.5,22,18.2,1.19,1.72,2.19,3.17,8.09,2.72,1.32,1.31,0.73,0.75,0.38
38.3,W18X130,22700,W18X130,2460,278,14.5,70.2,81.4,49.8,61,57.2,146,170,256,49.9,15.13,F,W,130,5.5,50.7,290,76.7,11.2,11.13,4.65,19.3,19.25,23.9,18.1,1.19,1.6,2.06,3.13,8.03,2.7,1.2,1.19,0.67,0.69,0.38
35.1,W18X119,20300,W18X119,2190,253,10.6,69.9,81.2,49.3,60.6,50.6,131,152,231,44.9,15.13,F,W,119,5.5,50.7,262,69.1,11.3,11.25,5.31,19,19,24.5,17.9,1.19,1.46,1.94,3.13,7.9,2.69,1.06,1.06,0.655,0.63,0.31
31.1,W18X106,17400,W18X106,1910,220,7.48,69.1,80.3,48.6,59.8,44.3,114,131,204,39.4,15.13,F,W,106,5.5,49.7,230,60.5,11.2,11.25,5.96,18.7,18.75,27.2,17.8,1.13,1.34,1.81,3.1,7.84,2.66,0.94,0.94,0.59,0.56,0.31
25.3,W18X86,13600,W18X86,1530,175,4.1,68.4,79.5,47.9,59,36,92.4,105,166,31.6,15.13,F,W,86,5.5,48.9,186,48.4,11.1,11.13,7.2,18.4,18.38,33.4,17.6,1.06,1.17,1.63,3.05,7.77,2.63,0.77,0.75,0.48,0.5,0.25
28.5,W18X97,15800,W18X97,1750,201,5.86,68.7,79.8,48.3,59.4,40.7,105,119,188,36.1,15.13,F,W,97,5.5,49.2,211,55.3,11.1,11.13,6.41,18.6,18.63,30,17.7,1.13,1.27,1.75,3.08,7.82,2.65,0.87,0.88,0.535,0.56,0.31
22.3,W18X76,11700,W18X76,1330,152,2.83,67.9,78.9,47.4,58.4,31.5,80.6,90.1,146,27.6,15.13,F,W,76,5.5,48.2,163,42.2,11,11,8.11,18.2,18.25,37.8,17.5,1.06,1.08,1.56,3.02,7.73,2.61,0.68,0.69,0.425,0.44,0.25
20.9,W18X71,4700,W18X71,1170,60.3,3.49,58.3,65.9,44.6,52.3,25.6,72.4,52.3,127,15.8,15.5,F,W,71,3.5,33.8,146,24.7,7.64,7.63,4.71,18.5,18.5,32.4,17.7,0.88,1.21,1.5,2.05,7.5,1.7,0.81,0.81,0.495,0.5,0.25
19.1,W18X65,4240,W18X65,1070,54.8,2.73,58,65.6,44.4,52,23.6,66.3,47.7,117,14.4,15.5,F,W,65,3.5,33.5,133,22.5,7.59,7.63,5.06,18.4,18.38,35.7,17.7,0.88,1.15,1.44,2.03,7.49,1.69,0.75,0.75,0.45,0.44,0.25
16.2,W18X55,3430,W18X55,890,44.9,1.66,57.3,64.8,43.7,51.3,19.6,55.3,39,98.3,11.9,15.5,F,W,55,3.5,32.9,112,18.5,7.53,7.5,5.98,18.1,18.13,41.1,17.5,0.81,1.03,1.31,2,7.41,1.67,0.63,0.63,0.39,0.38,0.19
17.6,W18X60,3850,W18X60,984,50.1,2.17,57.5,65.1,44,51.5,21.7,60.6,43.5,108,13.3,15.5,F,W,60,3.5,33.1,123,20.6,7.56,7.5,5.44,18.2,18.25,38.7,17.5,0.81,1.1,1.38,2.02,7.47,1.68,0.695,0.69,0.415,0.44,0.25
14.7,W18X50,3040,W18X50,800,40.1,1.24,57.1,64.6,43.5,51,17.7,49.9,34.9,88.9,10.7,15.5,F,W,50,3.5,32.7,101,16.6,7.5,7.5,6.57,18,18,45.2,17.4,0.81,0.972,1.25,1.98,7.38,1.65,0.57,0.56,0.355,0.38,0.19
13.5,W18X46,1720,W18X46,712,22.5,1.22,52.9,59,42.3,48.3,15.1,44.9,24.3,78.8,7.43,15.5,F,W,46,3.5,26.5,90.7,11.7,6.06,6,5.01,18.1,18,44.6,17.5,0.81,1.01,1.25,1.58,7.25,1.29,0.605,0.63,0.36,0.38,0.19
11.8,W18X40,1440,W18X40,612,19.1,0.81,52.6,58.6,41.8,47.8,13,38.6,20.7,68.4,6.35,15.5,F,W,40,3.5,26.1,78.4,10,6.02,6,5.73,17.9,17.88,50.9,17.4,0.81,0.927,1.19,1.56,7.21,1.27,0.525,0.5,0.315,0.31,0.19
10.3,W18X35,1140,W18X35,510,15.3,0.506,52.1,58.1,41.4,47.4,10.5,32.7,16.5,57.6,5.12,15.5,F,W,35,3.5,25.9,66.5,8.06,6,6,7.06,17.7,17.75,53.5,17.3,0.75,0.827,1.13,1.51,7.04,1.22,0.425,0.44,0.3,0.31,0.19
29.4,W16X100,11900,W16X100,1490,186,7.73,63.3,73.7,44.4,54.8,38.7,98.5,107,175,35.7,13.25,F,W,100,5.5,41.6,198,54.9,10.4,10.38,5.29,17,17,24.3,16,1.13,1.39,1.88,2.92,7.1,2.51,0.985,1,0.585,0.56,0.31
26.2,W16X89,10200,W16X89,1300,163,5.45,63.1,73.5,44,54.4,34.4,87.3,94.2,155,31.4,13.25,F,W,89,5.5,41.4,175,48.1,10.4,10.38,5.92,16.8,16.75,27,15.9,1.06,1.28,1.75,2.88,7.05,2.49,0.875,0.88,0.525,0.5,0.25
19.6,W16X67,7300,W16X67,954,119,2.39,61.7,71.9,42.8,53,25.5,64.1,67.6,117,23.2,13.25,F,W,67,5.5,39.9,130,35.5,10.2,10.25,7.7,16.3,16.38,35.9,15.6,1,1.07,1.56,2.82,6.96,2.46,0.665,0.69,0.395,0.38,0.19
22.6,W16X77,8590,W16X77,1110,138,3.57,62.3,72.6,43.3,53.6,29.4,74.4,79.3,134,26.9,13.25,F,W,77,5.5,40.5,150,41.1,10.3,10.25,6.77,16.5,16.5,31.2,15.7,1.06,1.16,1.63,2.85,7,2.47,0.76,0.75,0.455,0.44,0.25
16.8,W16X57,2660,W16X57,758,43.1,2.22,52.6,59.7,39.9,47,18.8,52,35.5,92.2,12.1,13.63,F,W,57,3.5,27.9,105,18.9,7.12,7.13,4.98,16.4,16.38,33,15.7,0.88,1.12,1.38,1.92,6.72,1.6,0.715,0.69,0.43,0.44,0.25
14.7,W16X50,2270,W16X50,659,37.2,1.52,52.3,59.4,39.7,46.7,16.5,45.6,30.8,81,10.5,13.63,F,W,50,3.5,27.7,92,16.3,7.07,7.13,5.61,16.3,16.25,37.4,15.7,0.81,1.03,1.31,1.89,6.68,1.59,0.63,0.63,0.38,0.38,0.19
11.8,W16X40,1730,W16X40,518,28.9,0.794,51.7,58.7,39,46,13.1,36,24,64.7,8.25,13.63,F,W,40,3.5,27.1,73,12.7,7,7,6.93,16,16,46.5,15.5,0.81,0.907,1.19,1.86,6.63,1.57,0.505,0.5,0.305,0.31,0.19
13.3,W16X45,1990,W16X45,586,32.8,1.11,52,59,39.2,46.3,14.7,40.6,27.2,72.7,9.34,13.63,F,W,45,3.5,27.3,82.3,14.5,7.04,7,6.23,16.1,16.13,41.1,15.5,0.81,0.967,1.25,1.87,6.65,1.57,0.565,0.56,0.345,0.38,0.19
10.6,W16X36,1460,W16X36,448,24.5,0.545,51.5,58.5,38.8,45.8,11.1,31.6,20.3,56.5,7,13.63,F,W,36,3.5,27,64,10.8,6.99,7,8.12,15.9,15.88,48.1,15.5,0.75,0.832,1.13,1.83,6.51,1.52,0.43,0.44,0.295,0.31,0.19
9.13,W16X31,739,W16X31,375,12.4,0.461,47.2,52.7,37.3,42.9,8.94,26.6,13,47.2,4.49,13.63,F,W,31,3.5,21.4,54,7.03,5.53,5.5,6.28,15.9,15.88,51.6,15.5,0.75,0.842,1.13,1.42,6.41,1.17,0.44,0.44,0.275,0.25,0.13
7.68,W16X26,565,W16X26,301,9.59,0.262,46.7,52.2,36.9,42.4,6.95,21.6,10,38.4,3.49,13.63,F,W,26,3.5,21.1,44.2,5.48,5.5,5.5,7.97,15.7,15.75,56.8,15.4,0.75,0.747,1.06,1.38,6.26,1.12,0.345,0.38,0.25,0.25,0.13
257,W14X873,505000,W14X873,18100,6170,2270,95.2,114,66,84.8,370,1010,2200,1530,656,11.25,T,W,873,8.5,85,2030,1020,18.8,18.75,1.71,23.6,23.63,2.89,18.1,2.56,6.1,6.19,6.04,8.39,4.9,5.51,5.5,3.94,3.94,2
238,W14X808,434000,W14X808,15900,5550,1840,93.4,112,64.2,82.8,336,916,1960,1390,597,11.25,T,W,808,8.5,82.2,1830,930,18.6,18.63,1.82,22.8,22.75,3.04,17.7,2.5,5.71,5.75,5.94,8.17,4.83,5.12,5.13,3.74,3.75,1.88
215,W14X730,362000,W14X730,14300,4720,1450,91.1,109,62.7,80.6,318,829,1720,1280,527,10,T,W,730,7.5,78.3,1660,816,17.9,17.88,1.82,22.4,22.38,3.71,17.5,2.75,5.51,6.19,5.68,8.17,4.69,4.91,4.94,3.07,3.06,1.56
196,W14X665,305000,W14X665,12400,4170,1120,89.3,107,60.9,78.6,287,739,1510,1150,472,10,T,W,665,7.5,75.6,1480,730,17.7,17.63,1.95,21.6,21.63,4.03,17.1,2.63,5.12,5.81,5.57,7.98,4.62,4.52,4.5,2.83,2.81,1.44
162,W14X550,219000,W14X550,9430,3250,669,85.8,103,57.6,74.8,232,585,1160,931,378,10,T,W,550,7.5,70.4,1180,583,17.2,17.25,2.25,20.2,20.25,4.79,16.4,2.38,4.42,5.13,5.35,7.63,4.49,3.82,3.81,2.38,2.38,1.19
178,W14X605,258000,W14X605,10800,3680,869,87.6,105,59.2,76.6,258,657,1320,1040,423,10,T,W,605,7.5,72.8,1320,652,17.4,17.38,2.09,20.9,20.88,4.39,16.7,2.5,4.76,5.44,5.44,7.8,4.55,4.16,4.19,2.6,2.63,1.31
147,W14X500,187000,W14X500,8210,2880,514,85,102,56.2,73.2,209,522,1020,838,339,10,T,W,500,7.5,68.4,1050,522,17,17,2.43,19.6,19.63,5.21,16.1,2.31,4.1,4.81,5.26,7.48,4.43,3.5,3.5,2.19,2.19,1.13
134,W14X455,160000,W14X455,7190,2560,395,83.2,100,54.8,71.6,187,466,894,756,304,10,T,W,455,7.5,66.3,936,468,16.8,16.88,2.62,19,19,5.66,15.8,2.25,3.81,4.5,5.17,7.33,4.38,3.21,3.19,2.02,2,1
125,W14X426,144000,W14X426,6600,2360,331,82.7,99.4,54.1,70.8,176,435,830,706,283,10,T,W,426,7.5,65.4,869,434,16.7,16.75,2.75,18.7,18.63,6.08,15.7,2.13,3.63,4.31,5.11,7.26,4.34,3.04,3.06,1.88,1.88,0.94
117,W14X398,129000,W14X398,6000,2170,273,81.8,98.4,53.2,69.8,163,401,758,656,262,10,T,W,398,7.5,64.1,801,402,16.6,16.63,2.92,18.3,18.25,6.44,15.5,2.13,3.44,4.13,5.05,7.16,4.31,2.85,2.88,1.77,1.75,0.88
109,W14X370,116000,W14X370,5440,1990,222,81,97.5,52.3,68.8,150,367,690,607,241,10,T,W,370,7.5,62.9,736,370,16.5,16.5,3.1,17.9,17.88,6.89,15.2,2.06,3.26,3.94,5,7.07,4.27,2.66,2.69,1.66,1.69,0.81
91.4,W14X311,89100,W14X311,4330,1610,136,79,95.2,50.4,66.6,124,300,550,506,199,10,T,W,311,7.5,60.1,603,304,16.2,16.25,3.59,17.1,17.13,8.09,14.8,1.94,2.86,3.56,4.87,6.88,4.2,2.26,2.25,1.41,1.44,0.75
101,W14X342,103000,W14X342,4900,1810,178,80.1,96.5,51.4,67.8,138,335,624,558,221,10,T,W,342,7.5,61.6,672,338,16.4,16.38,3.31,17.5,17.5,7.41,15,2,3.07,3.75,4.95,6.98,4.24,2.47,2.5,1.54,1.56,0.81
83.3,W14X283,77700,W14X283,3840,1440,104,78.1,94.2,49.5,65.6,112,269,491,459,179,10,T,W,283,7.5,58.9,542,274,16.1,16.13,3.89,16.7,16.75,8.84,14.6,1.88,2.67,3.38,4.8,6.79,4.17,2.07,2.06,1.29,1.31,0.69
75.6,W14X257,67800,W14X257,3400,1290,79.1,77.4,93.4,48.8,64.8,102,243,439,415,161,10,F,W,257,7.5,58,487,246,16,16,4.23,16.4,16.38,9.71,14.5,1.81,2.49,3.19,4.75,6.71,4.13,1.89,1.88,1.18,1.19,0.63
68.5,W14X233,59000,W14X233,3010,1150,59.5,76.5,92.4,47.9,63.8,91.1,216,388,375,145,10,F,W,233,7.5,56.8,436,221,15.9,15.88,4.62,16,16,10.7,14.3,1.75,2.32,3,4.69,6.63,4.1,1.72,1.75,1.07,1.06,0.56
62,W14X211,51500,W14X211,2660,1030,44.6,75.8,91.6,47.2,63,81.7,194,344,338,130,10,F,W,211,7.5,55.9,390,198,15.8,15.75,5.06,15.7,15.75,11.6,14.1,1.69,2.16,2.88,4.64,6.55,4.07,1.56,1.56,0.98,1,0.5
56.8,W14X193,45900,W14X193,2400,931,34.8,75.3,91,46.7,62.4,75,177,312,310,119,10,F,W,193,7.5,55.2,355,180,15.7,15.75,5.45,15.5,15.5,12.8,14.1,1.69,2.04,2.75,4.59,6.5,4.05,1.44,1.44,0.89,0.88,0.44
51.8,W14X176,40500,W14X176,2140,838,26.5,74.8,90.5,46.1,61.8,67.6,159,280,281,107,10,F,W,176,7.5,54.5,320,163,15.7,15.63,5.97,15.2,15.25,13.7,13.9,1.63,1.91,2.63,4.55,6.43,4.02,1.31,1.31,0.83,0.81,0.44
46.7,W14X159,35600,W14X159,1900,748,19.7,74.3,89.9,45.6,61.2,61,143,250,254,96.2,10,F,W,159,7.5,53.9,287,146,15.6,15.63,6.54,15,15,15.3,13.8,1.56,1.79,2.5,4.51,6.38,4,1.19,1.19,0.745,0.75,0.38
42.7,W14X145,31700,W14X145,1710,677,15.2,73.7,89.2,45.1,60.6,55.4,129,224,232,87.3,10,F,W,145,7.5,53.1,260,133,15.5,15.5,7.11,14.8,14.75,16.8,13.7,1.56,1.69,2.38,4.47,6.33,3.98,1.09,1.06,0.68,0.69,0.38
38.8,W14X132,25500,W14X132,1530,548,12.3,71.2,85.9,44.1,58.8,49.5,116,190,209,74.5,10,F,W,132,5.5,50.2,234,113,14.7,14.75,7.15,14.7,14.63,17.7,13.7,1.56,1.63,2.31,4.23,6.28,3.76,1.03,1,0.645,0.63,0.31
35.3,W14X120,22700,W14X120,1380,495,9.37,70.9,85.6,43.7,58.4,45,105,172,190,67.5,10,F,W,120,5.5,49.8,212,102,14.7,14.63,7.8,14.5,14.5,19.3,13.6,1.5,1.54,2.25,4.2,6.24,3.74,0.94,0.94,0.59,0.56,0.31
29.1,W14X99,18000,W14X99,1110,402,5.37,70.2,84.8,43,57.6,36.9,86.1,139,157,55.2,10,F,W,99,5.5,49,173,83.6,14.6,14.63,9.34,14.2,14.13,23.5,13.4,1.44,1.38,2.06,4.14,6.17,3.71,0.78,0.75,0.485,0.5,0.25
32,W14X109,20200,W14X109,1240,447,7.12,70.3,84.9,43.2,57.8,40.7,94.8,154,173,61.2,10,F,W,109,5.5,49.1,192,92.7,14.6,14.63,8.49,14.3,14.38,21.7,13.4,1.5,1.46,2.19,4.17,6.22,3.73,0.86,0.88,0.525,0.5,0.25
26.5,W14X90,16000,W14X90,999,362,4.06,69.6,84.1,42.5,57,33.2,77.1,124,143,49.9,10,F,W,90,5.5,48.2,157,75.6,14.5,14.5,10.2,14,14,25.9,13.3,1.44,1.31,2,4.1,6.14,3.7,0.71,0.69,0.44,0.44,0.25
24,W14X82,6710,W14X82,881,148,5.07,56.9,67,38.7,48.8,27.6,68.2,73.3,123,29.3,10.88,F,W,82,5.5,33.9,139,44.8,10.1,10.13,5.92,14.3,14.25,22.4,13.4,1.06,1.45,1.69,2.85,6.05,2.48,0.855,0.88,0.51,0.5,0.25
21.8,W14X74,5990,W14X74,795,134,3.87,56.8,66.9,38.5,48.6,25.4,62.2,67.1,112,26.6,10.88,F,W,74,5.5,33.9,126,40.5,10.1,10.13,6.41,14.2,14.13,25.4,13.4,1.06,1.38,1.63,2.83,6.04,2.48,0.785,0.81,0.45,0.44,0.25
20,W14X68,5380,W14X68,722,121,3.01,56.2,66.2,38,48,22.9,56,59.8,103,24.2,10.88,F,W,68,5.5,33.2,115,36.9,10,10,6.97,14,14,27.5,13.3,1.06,1.31,1.56,2.8,6.01,2.46,0.72,0.75,0.415,0.44,0.25
17.9,W14X61,4710,W14X61,640,107,2.19,56,66,37.8,47.8,20.6,50.2,53.4,92.1,21.5,10.88,F,W,61,5.5,33.1,102,32.8,10,10,7.75,13.9,13.88,30.4,13.3,1,1.24,1.5,2.78,5.98,2.45,0.645,0.63,0.375,0.38,0.19
15.6,W14X53,2540,W14X53,541,57.7,1.94,50.2,58.3,35.9,43.9,16.8,42.5,35.5,77.8,14.3,10.88,F,W,53,5.5,26.7,87.1,22,8.06,8,6.11,13.9,13.88,30.9,13.2,1,1.25,1.5,2.22,5.89,1.92,0.66,0.69,0.37,0.38,0.19
14.1,W14X48,2240,W14X48,484,51.4,1.45,50,58,35.6,43.7,15.1,38.3,31.7,70.2,12.8,10.88,F,W,48,5.5,26.5,78.4,19.6,8.03,8,6.75,13.8,13.75,33.6,13.2,1,1.19,1.44,2.2,5.85,1.91,0.595,0.63,0.34,0.31,0.19
12.6,W14X43,1950,W14X43,428,45.2,1.05,49.8,57.8,35.4,43.4,13.4,34,27.9,62.6,11.3,10.88,F,W,43,5.5,26.3,69.6,17.3,8,8,7.54,13.7,13.63,37.4,13.2,1,1.12,1.38,2.18,5.82,1.89,0.53,0.5,0.305,0.31,0.19
11.2,W14X38,1230,W14X38,385,26.7,0.798,47.2,54,35,41.7,11.3,30.3,20,54.6,7.88,11.63,F,W,38,3.5,23,61.5,12.1,6.77,6.75,6.57,14.1,14.13,39.6,13.6,0.81,0.915,1.25,1.82,5.87,1.55,0.515,0.5,0.31,0.31,0.19
10,W14X34,1070,W14X34,340,23.3,0.569,47,53.7,34.8,41.5,10,26.9,17.6,48.6,6.91,11.63,F,W,34,3.5,22.9,54.6,10.6,6.75,6.75,7.41,14,14,43.1,13.5,0.75,0.855,1.19,1.8,5.83,1.53,0.455,0.44,0.285,0.31,0.19
8.85,W14X30,887,W14X30,291,19.6,0.38,46.6,53.3,34.3,41.1,8.34,23.1,14.6,42,5.82,11.63,F,W,30,3.5,22.6,47.3,8.99,6.73,6.75,8.74,13.8,13.88,45.4,13.4,0.75,0.785,1.13,1.77,5.73,1.49,0.385,0.38,0.27,0.25,0.13
7.69,W14X26,405,W14X26,245,8.91,0.358,41.7,46.7,32.8,37.9,6.76,19.7,8.95,35.3,3.55,11.63,F,W,26,2.75,17,40.2,5.54,5.03,5,5.98,13.9,13.88,48.1,13.5,0.75,0.82,1.13,1.3,5.65,1.08,0.42,0.44,0.255,0.25,0.13
6.49,W14X22,314,W14X22,199,7,0.208,41.3,46.3,32.4,37.4,5.34,16.1,7,29,2.8,11.63,F,W,22,2.75,16.7,33.2,4.39,5,5,7.46,13.7,13.75,53.3,13.4,0.75,0.735,1.06,1.27,5.54,1.04,0.335,0.31,0.23,0.25,0.13
98.9,W12X336,57000,W12X336,4060,1190,243,69.2,82.6,47,60.4,119,301,460,483,177,9.13,T,W,336,5.5,46.4,603,274,13.4,13.38,2.26,16.8,16.88,5.47,13.8,1.69,3.55,3.88,4.13,6.41,3.47,2.96,2.94,1.78,1.75,0.88
89.5,W12X305,48600,W12X305,3550,1050,185,67.9,81.1,45.8,59,107,267,401,435,159,9.13,T,W,305,5.5,44.8,537,244,13.2,13.25,2.45,16.3,16.38,5.98,13.6,1.63,3.3,3.63,4.05,6.29,3.42,2.71,2.69,1.63,1.63,0.81
81.9,W12X279,42000,W12X279,3110,937,143,67,80.1,44.9,58,96,240,356,393,143,9.13,T,W,279,5.5,44,481,220,13.1,13.13,2.66,15.9,15.88,6.35,13.4,1.63,3.07,3.38,4,6.16,3.38,2.47,2.5,1.53,1.5,0.75
74.1,W12X252,35800,W12X252,2720,828,108,66,79,43.8,56.8,85.8,213,313,353,127,9.13,T,W,252,5.5,42.7,428,196,13,13,2.89,15.4,15.38,6.96,13.2,1.5,2.85,3.13,3.93,6.06,3.34,2.25,2.25,1.4,1.38,0.69
67.7,W12X230,31200,W12X230,2420,742,83.8,65.3,78.2,43.1,56,78.3,193,281,321,115,9.13,T,W,230,5.5,42,386,177,12.9,12.88,3.11,15.1,15,7.56,13,1.5,2.67,2.94,3.87,5.97,3.31,2.07,2.06,1.29,1.31,0.69
61.8,W12X210,27200,W12X210,2140,664,64.7,64.4,77.2,42.2,55,70.6,173,249,292,104,9.13,F,W,210,5.5,41,348,159,12.8,12.75,3.37,14.7,14.75,8.23,12.8,1.44,2.5,2.81,3.81,5.89,3.28,1.9,1.88,1.18,1.19,0.63
56,W12X190,23600,W12X190,1890,589,48.8,63.8,76.5,41.5,54.2,64.1,156,222,263,93,9.13,F,W,190,5.5,40.2,311,143,12.7,12.63,3.65,14.4,14.38,9.16,12.7,1.38,2.33,2.63,3.77,5.82,3.25,1.74,1.75,1.06,1.06,0.56
50,W12X170,20100,W12X170,1650,517,35.6,62.9,75.5,40.6,53.2,56.5,136,193,235,82.3,9.13,F,W,170,5.5,39.2,275,126,12.6,12.63,4.03,14,14,10.1,12.4,1.31,2.16,2.44,3.7,5.74,3.22,1.56,1.56,0.96,0.94,0.5
44.7,W12X152,17200,W12X152,1430,454,25.8,62.1,74.6,39.9,52.4,50.1,121,168,209,72.8,9.13,F,W,152,5.5,38.4,243,111,12.5,12.5,4.46,13.7,13.75,11.2,12.3,1.25,2,2.31,3.66,5.66,3.19,1.4,1.38,0.87,0.88,0.44
39.9,W12X136,14700,W12X136,1240,398,18.5,61.4,73.8,39.2,51.6,44.1,106,146,186,64.2,9.13,F,W,136,5.5,37.7,214,98,12.4,12.38,4.96,13.4,13.38,12.3,12.2,1.25,1.85,2.13,3.61,5.58,3.16,1.25,1.25,0.79,0.81,0.44
35.2,W12X120,12400,W12X120,1070,345,12.9,60.7,73,38.5,50.8,38.6,92.4,126,163,56,9.13,F,W,120,5.5,36.9,186,85.4,12.3,12.38,5.57,13.1,13.13,13.7,12,1.19,1.7,2,3.56,5.51,3.13,1.11,1.13,0.71,0.69,0.38
31.2,W12X106,10700,W12X106,933,301,9.13,60.2,72.4,38,50.2,34.2,81,110,145,49.3,9.13,F,W,106,5.5,36.3,164,75.1,12.2,12.25,6.17,12.9,12.88,15.9,11.9,1.13,1.59,1.88,3.52,5.47,3.11,0.99,1,0.61,0.63,0.31
25.6,W12X87,8270,W12X87,740,241,5.1,59.2,71.3,37.1,49.2,27.4,64.9,86.6,118,39.7,9.13,F,W,87,5.5,35.4,132,60.4,12.1,12.13,7.48,12.5,12.5,18.9,11.7,1.06,1.41,1.69,3.46,5.38,3.07,0.81,0.81,0.515,0.5,0.25
28.2,W12X96,9410,W12X96,833,270,6.85,59.9,72.1,37.6,49.8,30.9,73,98.8,131,44.4,9.13,F,W,96,5.5,36,147,67.5,12.2,12.13,6.76,12.7,12.75,17.7,11.8,1.13,1.5,1.81,3.49,5.44,3.09,0.9,0.88,0.55,0.56,0.31
23.2,W12X79,7330,W12X79,662,216,3.84,59.1,71.2,36.9,49,24.9,58.9,78.5,107,35.8,9.13,F,W,79,5.5,35.3,119,54.3,12.1,12.13,8.22,12.4,12.38,20.7,11.7,1.06,1.33,1.63,3.43,5.34,3.05,0.735,0.75,0.47,0.5,0.25
21.1,W12X72,6540,W12X72,597,195,2.93,58.7,70.7,36.6,48.6,22.5,53.2,70.1,97.4,32.4,9.13,F,W,72,5.5,34.9,108,49.2,12,12,8.99,12.3,12.25,22.6,11.6,1.06,1.27,1.56,3.41,5.31,3.04,0.67,0.69,0.43,0.44,0.25
19.1,W12X65,5780,W12X65,533,174,2.18,58.4,70.4,36.2,48.2,20.2,47.5,62.6,87.9,29.1,9.13,F,W,65,5.5,34.5,96.8,44.1,12,12,9.92,12.1,12.13,24.9,11.5,1,1.2,1.5,3.38,5.28,3.02,0.605,0.63,0.39,0.38,0.19
17,W12X58,3570,W12X58,475,107,2.1,52.6,62.6,34.4,44.4,17.8,42.4,46.2,78,21.4,9.25,F,W,58,5.5,28.9,86.4,32.5,10,10,7.82,12.2,12.25,27,11.6,0.94,1.24,1.5,2.81,5.28,2.51,0.64,0.63,0.36,0.38,0.19
15.6,W12X53,3160,W12X53,425,95.8,1.58,52.5,62.5,34.2,44.2,16,38.3,41.4,70.6,19.2,9.25,F,W,53,5.5,28.8,77.9,29.1,10,10,8.69,12.1,12,28.1,11.5,0.94,1.18,1.38,2.79,5.23,2.48,0.575,0.56,0.345,0.38,0.19
14.6,W12X50,1880,W12X50,391,56.3,1.71,47,55.1,32.5,40.6,14.3,35.4,30.2,64.2,13.9,9.25,F,W,50,5.5,23.4,71.9,21.3,8.08,8.13,6.31,12.2,12.25,26.8,11.6,0.94,1.14,1.5,2.25,5.18,1.96,0.64,0.63,0.37,0.38,0.19
13.1,W12X45,1650,W12X45,348,50,1.26,46.8,54.9,32.3,40.3,12.8,31.7,26.8,57.7,12.4,9.25,F,W,45,5.5,23.2,64.2,19,8.05,8,7,12.1,12,29.6,11.5,0.94,1.08,1.38,2.23,5.15,1.95,0.575,0.56,0.335,0.31,0.19
10.3,W12X35,879,W12X35,285,24.5,0.741,43.5,50.1,31.6,38.1,9.75,25.4,16.8,45.6,7.47,10.13,F,W,35,3.5,19.6,51.2,11.5,6.56,6.5,6.31,12.5,12.5,36.2,12,0.75,0.82,1.19,1.79,5.25,1.54,0.52,0.5,0.3,0.31,0.19
11.7,W12X40,1440,W12X40,307,44.1,0.906,46.4,54.4,31.8,39.8,11.3,27.8,23.5,51.5,11,9.25,F,W,40,5.5,22.8,57,16.8,8.01,8,7.77,11.9,12,33.6,11.4,0.88,1.02,1.38,2.21,5.13,1.94,0.515,0.5,0.295,0.31,0.19
8.79,W12X30,720,W12X30,238,20.3,0.457,43.1,49.6,31.1,37.6,8.17,21.3,13.9,38.6,6.24,10.13,F,W,30,3.5,19.3,43.1,9.56,6.52,6.5,7.41,12.3,12.38,41.8,11.9,0.75,0.74,1.13,1.77,5.21,1.52,0.44,0.44,0.26,0.25,0.13
7.65,W12X26,607,W12X26,204,17.3,0.3,42.9,49.4,30.9,37.4,7.03,18.3,11.8,33.4,5.34,10.13,F,W,26,3.5,19.2,37.2,8.17,6.49,6.5,8.54,12.2,12.25,47.2,11.8,0.75,0.68,1.06,1.75,5.17,1.51,0.38,0.38,0.23,0.25,0.13
6.48,W12X22,164,W12X22,156,4.66,0.293,35.7,39.7,28.6,32.7,4.76,14.4,5.12,25.4,2.31,10.38,F,W,22,2.25,12,29.3,3.66,4.03,4,4.74,12.3,12.25,41.8,11.9,0.63,0.725,0.94,1.04,4.91,0.848,0.425,0.44,0.26,0.25,0.13
5.57,W12X19,131,W12X19,130,3.76,0.18,35.5,39.5,28.4,32.4,3.91,12.2,4.17,21.3,1.88,10.38,F,W,19,2.25,11.9,24.7,2.98,4.01,4,5.72,12.2,12.13,46.2,11.9,0.56,0.65,0.88,1.02,4.82,0.822,0.35,0.38,0.235,0.25,0.13
4.16,W12X14,80.4,W12X14,88.6,2.36,0.0704,34.8,38.8,27.8,31.7,2.48,8.49,2.59,14.9,1.19,10.38,F,W,14,2.25,11.6,17.4,1.9,3.97,4,8.82,11.9,11.88,54.3,11.7,0.56,0.525,0.75,0.961,4.62,0.753,0.225,0.25,0.2,0.19,0.13
4.71,W12X16,96.9,W12X16,103,2.82,0.103,35,39,28,32,2.93,9.82,3.09,17.1,1.41,10.38,F,W,16,2.25,11.7,20.1,2.26,3.99,4,7.53,12,12,49.4,11.7,0.56,0.565,0.81,0.983,4.67,0.773,0.265,0.25,0.22,0.25,0.13
32.9,W10X112,6020,W10X112,716,236,15.1,51.6,62,33.2,43.6,30.6,73.5,85.8,126,45.3,7.5,F,W,112,5.5,26.4,147,69.2,10.4,10.38,4.17,11.4,11.38,10.4,10.2,1,1.75,1.94,3.08,4.66,2.68,1.25,1.25,0.755,0.75,0.38
29.3,W10X100,5150,W10X100,623,207,10.9,50.9,61.2,32.5,42.8,26.9,64.2,74.1,112,40,7.5,F,W,100,5.5,25.7,130,61,10.3,10.38,4.62,11.1,11.13,11.6,10,1,1.62,1.81,3.04,4.6,2.65,1.12,1.13,0.68,0.69,0.38
22.7,W10X77,3630,W10X77,455,154,5.11,49.9,60.1,31.4,41.6,20.5,48.4,55,85.9,30.1,7.5,F,W,77,5.5,24.8,97.6,45.9,10.2,10.25,5.86,10.6,10.63,14.8,9.73,0.88,1.37,1.56,2.95,4.49,2.6,0.87,0.88,0.53,0.5,0.25
26,W10X88,4330,W10X88,534,179,7.53,50.4,60.7,31.9,42.2,23.5,55.9,64.4,98.5,34.8,7.5,F,W,88,5.5,25.3,113,53.1,10.3,10.25,5.18,10.8,10.88,13,9.81,0.94,1.49,1.69,2.99,4.54,2.63,0.99,1,0.605,0.63,0.31
19.9,W10X68,3100,W10X68,394,134,3.56,49.3,59.4,30.9,41,17.9,42.1,47.3,75.7,26.4,7.5,F,W,68,5.5,24.3,85.3,40.1,10.1,10.13,6.58,10.4,10.38,16.7,9.63,0.88,1.27,1.44,2.92,4.44,2.59,0.77,0.75,0.47,0.5,0.25
17.7,W10X60,2640,W10X60,341,116,2.48,49,59.1,30.5,40.6,15.7,36.8,41.3,66.7,23,7.5,F,W,60,5.5,24,74.6,35,10.1,10.13,7.41,10.2,10.25,18.7,9.52,0.81,1.18,1.38,2.88,4.39,2.57,0.68,0.69,0.42,0.44,0.25
15.8,W10X54,2320,W10X54,303,103,1.82,48.6,58.6,30.2,40.2,14,32.8,36.5,60,20.6,7.5,F,W,54,5.5,23.7,66.6,31.3,10,10,8.15,10.1,10.13,21.2,9.49,0.81,1.12,1.31,2.85,4.37,2.56,0.615,0.63,0.37,0.38,0.19
13.3,W10X45,1200,W10X45,248,53.4,1.51,42.7,50.7,28.2,36.2,11.3,27,23.6,49.1,13.3,7.5,F,W,45,5.5,19,54.9,20.3,8.02,8,6.47,10.1,10.13,22.5,9.48,0.81,1.12,1.31,2.27,4.32,2.01,0.62,0.63,0.35,0.38,0.19
14.4,W10X49,2070,W10X49,272,93.4,1.39,48.5,58.5,30,40,12.8,29.8,33,54.6,18.7,7.5,F,W,49,5.5,23.6,60.4,28.3,10,10,8.93,10,10,23.1,9.44,0.81,1.06,1.25,2.84,4.35,2.54,0.56,0.56,0.34,0.31,0.19
11.5,W10X39,992,W10X39,209,45,0.976,42.3,50.3,27.8,35.8,9.55,23,19.9,42.1,11.3,7.5,F,W,39,5.5,18.8,46.8,17.2,7.99,8,7.53,9.92,9.88,25,9.39,0.81,1.03,1.19,2.24,4.27,1.98,0.53,0.5,0.315,0.31,0.19
8.84,W10X30,414,W10X30,170,16.7,0.622,37.3,43.1,26.8,32.6,7.02,18.2,10.7,32.4,5.75,8.25,F,W,30,2.75,14.5,36.6,8.84,5.81,5.75,5.7,10.5,10.5,29.5,9.99,0.69,0.81,1.13,1.6,4.38,1.37,0.51,0.5,0.3,0.31,0.19
9.71,W10X33,791,W10X33,171,36.6,0.583,41.9,49.9,27.4,35.4,7.75,18.9,16,35,9.2,7.5,F,W,33,5.5,18.5,38.8,14,7.96,8,9.15,9.73,9.75,27.1,9.3,0.75,0.935,1.13,2.2,4.19,1.94,0.435,0.44,0.29,0.31,0.19
7.61,W10X26,345,W10X26,144,14.1,0.402,36.8,42.6,26.4,32.1,5.98,15.4,9.03,27.9,4.89,8.25,F,W,26,2.75,14.2,31.3,7.5,5.77,5.75,6.56,10.3,10.38,34,9.86,0.69,0.74,1.06,1.58,4.35,1.36,0.44,0.44,0.26,0.25,0.13
6.49,W10X22,275,W10X22,118,11.4,0.239,36.6,42.4,26.2,31.9,4.88,12.9,7.32,23.2,3.97,8.25,F,W,22,2.75,14.1,26,6.1,5.75,5.75,7.99,10.2,10.13,36.9,9.84,0.63,0.66,0.94,1.55,4.27,1.33,0.36,0.38,0.24,0.25,0.13
5.62,W10X19,104,W10X19,96.3,4.29,0.233,31.5,35.5,24.4,28.4,3.65,10.6,3.91,18.8,2.14,8.38,F,W,19,2.25,9.85,21.6,3.35,4.02,4,5.09,10.2,10.25,35.4,9.81,0.63,0.695,0.94,1.06,4.14,0.874,0.395,0.38,0.25,0.25,0.13
4.99,W10X17,85.1,W10X17,81.9,3.56,0.156,31.2,35.2,24.2,28.2,3.04,9.14,3.24,16.2,1.78,8.38,F,W,17,2.25,9.79,18.7,2.8,4.01,4,6.08,10.1,10.13,36.9,9.77,0.56,0.63,0.88,1.04,4.05,0.845,0.33,0.31,0.24,0.25,0.13
4.41,W10X15,68.3,W10X15,68.9,2.89,0.104,31,35,24,28,2.48,7.83,2.63,13.8,1.45,8.38,F,W,15,2.25,9.73,16,2.3,4,4,7.41,9.99,10,38.5,9.72,0.56,0.57,0.81,1.01,3.95,0.81,0.27,0.25,0.23,0.25,0.13
3.54,W10X12,50.9,W10X12,53.8,2.18,0.0547,30.7,34.7,23.7,27.7,1.91,6.14,1.99,10.9,1.1,8.38,F,W,12,2.25,9.56,12.6,1.74,3.96,4,9.43,9.87,9.88,46.6,9.66,0.56,0.51,0.75,0.983,3.9,0.785,0.21,0.19,0.19,0.19,0.13
19.7,W8X67,1440,W8X67,272,88.6,5.05,41,49.3,26.3,34.6,14.5,34.8,32.3,60.4,21.4,5.75,F,W,67,5.5,16.7,70.1,32.7,8.28,8.25,4.43,9,9,11.1,8.07,0.94,1.33,1.63,2.43,3.72,2.12,0.935,0.94,0.57,0.56,0.31
14.1,W8X48,931,W8X48,184,60.9,1.96,39.9,48,25.1,33.2,10.3,24.2,22,43.2,15,5.75,F,W,48,5.5,15.8,49,22.9,8.11,8.13,5.92,8.5,8.5,15.9,7.82,0.81,1.08,1.38,2.35,3.61,2.08,0.685,0.69,0.4,0.38,0.19
17.1,W8X58,1180,W8X58,228,75.1,3.33,40.5,48.7,25.7,33.9,12.4,29.7,27.2,52,18.3,5.75,F,W,58,5.5,16.3,59.8,27.9,8.22,8.25,5.07,8.75,8.75,12.4,7.94,0.88,1.2,1.5,2.39,3.65,2.1,0.81,0.81,0.51,0.5,0.25
11.7,W8X40,726,W8X40,146,49.1,1.12,39.3,47.4,24.6,32.6,8.3,19.7,17.5,35.5,12.2,5.75,F,W,40,5.5,15.5,39.8,18.5,8.07,8.13,7.21,8.25,8.25,17.6,7.69,0.81,0.954,1.25,2.31,3.53,2.04,0.56,0.56,0.36,0.38,0.19
10.3,W8X35,619,W8X35,127,42.6,0.769,39,47,24.3,32.3,7.28,17.1,15.2,31.2,10.6,5.75,F,W,35,5.5,15.3,34.7,16.1,8.02,8,8.1,8.12,8.13,20.5,7.63,0.81,0.889,1.19,2.28,3.51,2.03,0.495,0.5,0.31,0.31,0.19
9.13,W8X31,530,W8X31,110,37.1,0.536,38.8,46.8,24,32,6.35,15,13.2,27.5,9.27,5.75,F,W,31,5.5,15.1,30.4,14.1,8,8,9.19,8,8,22.3,7.57,0.75,0.829,1.13,2.26,3.47,2.02,0.435,0.44,0.285,0.31,0.19
8.25,W8X28,312,W8X28,98,21.7,0.537,34.5,41,22.7,29.2,5.52,13.4,9.44,24.3,6.63,6.13,F,W,28,4,12.4,27.2,10.1,6.54,6.5,7.03,8.06,8,22.3,7.6,0.63,0.859,0.94,1.84,3.45,1.62,0.465,0.44,0.285,0.31,0.19
7.08,W8X24,259,W8X24,82.7,18.3,0.346,34.2,40.7,22.4,28.9,4.71,11.3,7.95,20.9,5.63,6.13,F,W,24,4,12.2,23.1,8.57,6.5,6.5,8.12,7.93,7.88,25.9,7.53,0.56,0.794,0.88,1.81,3.42,1.61,0.4,0.38,0.245,0.25,0.13
6.16,W8X21,152,W8X21,75.3,9.77,0.282,31.3,36.6,21.8,27.1,3.96,10.1,5.47,18.2,3.71,6.5,F,W,21,2.75,10.4,20.4,5.69,5.27,5.25,6.59,8.28,8.25,27.5,7.88,0.56,0.7,0.88,1.46,3.49,1.26,0.4,0.38,0.25,0.25,0.13
5.26,W8X18,122,W8X18,61.9,7.97,0.172,31,36.3,21.5,26.8,3.23,8.37,4.44,15.2,3.04,6.5,F,W,18,2.75,10.3,17,4.66,5.25,5.25,7.95,8.14,8.13,29.9,7.81,0.56,0.63,0.81,1.43,3.43,1.23,0.33,0.31,0.23,0.25,0.13
4.44,W8X15,51.8,W8X15,48,3.41,0.137,27.3,31.3,20.2,24.2,2.31,6.64,2.47,11.8,1.7,6.5,F,W,15,2.25,7.81,13.6,2.67,4.02,4,6.37,8.11,8.13,28.1,7.8,0.56,0.615,0.81,1.06,3.29,0.876,0.315,0.31,0.245,0.25,0.13
3.84,W8X13,40.8,W8X13,39.6,2.73,0.0871,27,31,20,24,1.86,5.55,1.97,9.91,1.37,6.5,F,W,13,2.25,7.74,11.4,2.15,4,4,7.84,7.99,8,29.9,7.74,0.56,0.555,0.75,1.03,3.21,0.843,0.255,0.25,0.23,0.25,0.13
2.96,W8X10,30.9,W8X10,30.8,2.09,0.0426,26.8,30.7,19.7,23.7,1.48,4.29,1.53,7.81,1.06,6.5,F,W,10,2.25,7.57,8.87,1.66,3.94,4,9.61,7.89,7.88,40.5,7.69,0.5,0.505,0.69,1.01,3.22,0.841,0.205,0.19,0.17,0.19,0.13
7.34,W6X25,150,W6X25,53.4,17.1,0.461,29.9,36,18.8,24.9,3.88,9.39,6.23,16.7,5.61,4.5,F,W,25,3.5,9.01,18.9,8.56,6.08,6.13,6.68,6.38,6.38,15.5,5.93,0.56,0.705,0.94,1.74,2.7,1.52,0.455,0.44,0.32,0.31,0.19
5.87,W6X20,113,W6X20,41.4,13.3,0.24,29.5,35.5,18.4,24.4,3.07,7.38,4.82,13.4,4.41,4.5,F,W,20,3.5,8.78,14.9,6.72,6.02,6,8.25,6.2,6.25,19.1,5.84,0.56,0.615,0.88,1.7,2.66,1.5,0.365,0.38,0.26,0.25,0.13
4.43,W6X15,76.5,W6X15,29.1,9.32,0.101,29.1,35.1,18,24,2.15,5.32,3.34,9.72,3.11,4.5,F,W,15,3.5,8.58,10.8,4.75,5.99,6,11.5,5.99,6,21.6,5.73,0.56,0.51,0.75,1.66,2.56,1.45,0.26,0.25,0.23,0.25,0.13
3.55,W6X12,24.7,W6X12,22.1,2.99,0.0903,23.2,27.2,16.1,20.1,1.52,4.08,1.61,7.31,1.5,4.5,F,W,12,2.25,5.75,8.3,2.32,4,4,7.14,6.03,6,21.6,5.75,0.56,0.53,0.75,1.08,2.49,0.918,0.28,0.25,0.23,0.25,0.13
4.74,W6X16,38.2,W6X16,32.1,4.43,0.223,23.7,27.7,16.6,20.6,2.24,5.77,2.42,10.2,2.2,4.5,F,W,16,2.25,5.92,11.7,3.39,4.03,4,4.98,6.28,6.25,19.1,5.88,0.56,0.655,0.88,1.13,2.6,0.967,0.405,0.38,0.26,0.25,0.13
2.68,W6X9,17.7,W6X9,16.4,2.2,0.0405,22.9,26.8,15.7,19.7,1.15,3.04,1.19,5.56,1.11,4.5,F,W,9,2.25,5.6,6.23,1.72,3.94,4,9.16,5.9,5.88,29.2,5.69,0.5,0.465,0.69,1.06,2.47,0.905,0.215,0.19,0.17,0.19,0.13
2.52,W6X8.5,15.8,W6X8.5,14.9,1.99,0.0333,22.8,26.7,15.6,19.5,1.03,2.78,1.06,5.1,1.01,4.5,F,W,8.5,2.25,5.55,5.73,1.56,3.94,4,10.1,5.83,5.88,29.1,5.64,0.5,0.445,0.69,1.05,2.43,0.89,0.195,0.19,0.17,0.19,0.13
5.56,W5X19,50.9,W5X19,26.3,9.13,0.316,24.4,29.4,15.3,20.4,2.42,5.73,3.21,10.2,3.63,3.5,F,W,19,2.75,5.94,11.6,5.53,5.03,5,5.85,5.15,5.13,13.7,4.72,0.44,0.73,0.81,1.45,2.17,1.28,0.43,0.44,0.27,0.25,0.13
4.71,W5X16,40.6,W5X16,21.4,7.51,0.192,24,29,15,20,1.99,4.74,2.62,8.55,3,3.5,F,W,16,2.75,5.81,9.63,4.58,5,5,6.94,5.01,5,15.4,4.65,0.44,0.66,0.75,1.43,2.13,1.26,0.36,0.38,0.24,0.25,0.13
3.83,W4X13,14,W4X13,11.3,3.86,0.151,19.5,23.6,12.4,16.4,1.24,3.09,1.36,5.46,1.9,2.63,F,W,13,2.25,3.87,6.28,2.92,4.06,4,5.88,4.16,4.13,10.6,3.82,0.5,0.595,0.75,1.16,1.72,1,0.345,0.38,0.28,0.25,0.13
3.63,M12.5X12.4,76,M12.5X12.4,89.3,2.01,0.0493,35.5,39.3,28.8,32.5,2.51,8.06,2.46,14.2,1.07,11.38,F,M,12.4,0,11.5,16.5,1.68,3.75,3.75,8.22,12.5,12.5,74.8,12.3,0.38,0.563,0.56,0.933,4.96,0.744,0.228,0.25,0.155,0.13,0.06
3.47,M12X11.8,37.7,M12X11.8,72.2,1.09,0.05,32.4,35.5,27.1,30.1,1.92,7.02,1.56,12,0.709,10.88,F,M,11.8,0,9.04,14.3,1.15,3.07,3.13,6.81,12,12,62.5,11.8,0.38,0.563,0.56,0.731,4.56,0.559,0.225,0.25,0.177,0.19,0.13
3.4,M12.5X11.6,57.1,M12.5X11.6,80.3,1.51,0.0414,34.8,38.3,28.5,32,2.17,7.36,1.99,12.8,0.864,11.38,F,M,11.6,0,10.8,15,1.37,3.5,3.5,8.29,12.5,12.5,74.8,12.3,0.38,0.563,0.56,0.852,4.86,0.667,0.211,0.19,0.155,0.13,0.06
3.18,M12X10.8,35,M12X10.8,66.7,1.01,0.0393,32.4,35.5,27,30.1,1.8,6.48,1.46,11.1,0.661,10.88,F,M,10.8,0,9.05,13.2,1.07,3.07,3.13,7.3,12,12,69.2,11.8,0.38,0.563,0.56,0.732,4.58,0.564,0.21,0.19,0.16,0.19,0.13
2.65,M10X9,16.1,M10X9,39,0.672,0.0314,27.4,30.1,22.7,25.4,1.28,4.52,0.91,7.79,0.5,8.88,F,M,9,0,6.59,9.22,0.809,2.69,2.75,6.53,10,10,58.4,9.79,0.38,0.563,0.56,0.65,3.83,0.503,0.206,0.19,0.157,0.19,0.13
2.95,M12X10,35.9,M12X10,61.7,1.03,0.0292,33,36.2,27.2,30.4,1.65,5.98,1.4,10.3,0.636,11,F,M,10,0,9.6,12.2,1.02,3.25,3.25,9.03,12,12,74.7,11.8,0.38,0.5,0.5,0.768,4.57,0.592,0.18,0.19,0.149,0.13,0.06
2.37,M10X8,14.2,M10X8,34.6,0.593,0.0224,27.3,30,22.6,25.3,1.13,4.01,0.8,6.95,0.441,8.88,F,M,8,0,6.57,8.2,0.711,2.69,2.75,7.39,9.95,10,65,9.77,0.38,0.563,0.56,0.646,3.82,0.5,0.182,0.19,0.141,0.13,0.06
2.22,M10X7.5,13.5,M10X7.5,33,0.562,0.0187,27.4,30.1,22.7,25.4,1.09,3.8,0.77,6.6,0.418,9.13,F,M,7.5,0,6.6,7.77,0.67,2.69,2.75,7.77,9.99,10,71,9.82,0.31,0.438,0.44,0.646,3.85,0.503,0.173,0.19,0.13,0.13,0.06
1.92,M8X6.5,5.73,M8X6.5,18.5,0.376,0.0184,22.3,24.5,18.3,20.6,0.79,2.66,0.48,4.63,0.329,6.88,F,M,6.5,0,4.45,5.43,0.529,2.28,2.25,6.03,8,8,53.8,7.81,0.38,0.563,0.56,0.563,3.11,0.443,0.189,0.19,0.135,0.13,0.06
1.82,M8X6.2,5.38,M8X6.2,17.6,0.352,0.0156,22.3,24.6,18.3,20.6,0.74,2.52,0.45,4.39,0.308,7.13,F,M,6.2,0,4.46,5.15,0.495,2.28,2.25,6.44,8,8,56.5,7.82,0.25,0.438,0.44,0.56,3.1,0.439,0.177,0.19,0.129,0.13,0.06
1.29,M6X4.4,1.53,M6X4.4,7.23,0.18,0.0099,17,18.9,13.8,15.7,0.43,1.37,0.21,2.41,0.195,5.25,F,M,4.4,0,2.68,2.8,0.311,1.84,1.88,5.39,6,6,47,5.83,0.25,0.375,0.38,0.467,2.36,0.372,0.171,0.19,0.114,0.13,0.06
1.09,M6X3.7,1.45,M6X3.7,5.96,0.173,0.0053,17.4,19.4,13.8,15.8,0.36,1.14,0.19,2.01,0.173,5.25,F,M,3.7,0,2.9,2.33,0.273,2,2,7.75,5.92,5.88,54.7,5.79,0.25,0.313,0.31,0.499,2.34,0.398,0.129,0.13,0.098,0.13,0.06
5.56,M5X18.9,45.7,M5X18.9,24.2,8.7,0.313,23.8,28.8,15,20,2.23,5.45,2.98,9.67,3.48,3.38,T,M,18.9,2.75,5.73,11.1,5.33,5,5,6.01,5,5,11.2,4.58,0.5,0.813,0.81,1.44,2.08,1.25,0.416,0.44,0.316,0.31,0.19
1.27,M4X4.08,1.19,M4X4.08,3.53,0.325,0.0147,14,16.2,10.3,12.5,0.35,0.93,0.21,1.77,0.289,2.88,F,M,4.08,0,2.15,2,0.453,2.25,2.25,6.62,4,4,26.4,3.83,0.38,0.563,0.56,0.593,1.67,0.506,0.17,0.19,0.115,0.13,0.06
1.75,M4X6,4.87,M4X6,4.72,1.47,0.0184,18.2,22,11.4,15.2,0.53,1.3,0.53,2.48,0.771,2.75,F,M,6,0,3.46,2.74,1.18,3.8,3.75,11.9,3.8,3.75,22,3.64,0.38,0.5,0.5,1.04,1.64,0.915,0.16,0.19,0.13,0.13,0.06
1.01,M4X3.2,0.93,M4X3.2,2.86,0.248,0.0082,14,16.3,10.3,12.5,0.27,0.73,0.16,1.43,0.221,3,F,M,3.2,0,2.18,1.6,0.346,2.25,2.25,8.65,4,4,33.9,3.87,0.38,0.5,0.5,0.58,1.68,0.496,0.13,0.13,0.092,0.06,0.06
1.01,M4X3.45,0.93,M4X3.45,2.86,0.248,0.0082,14,16.3,10.3,12.5,0.27,0.73,0.16,1.43,0.221,3,F,M,3.45,0,2.18,1.6,0.346,2.25,2.25,8.65,4,4,33.9,3.87,0.38,0.5,0.5,0.58,1.68,0.496,0.13,0.13,0.092,0.06,0.06
31.1,S24X106,10500,S24X106,2940,76.8,10.1,68.4,76.3,56.9,64.7,46.2,139,98.8,240,19.5,20.5,F,S,106,4,46.1,279,33.4,7.87,7.88,3.61,24.5,24.5,33.4,23.4,0,2,2,1.93,9.71,1.57,1.09,1.06,0.62,0.63,0.31
35.5,S24X121,11400,S24X121,3160,83,12.8,68.6,76.6,57.1,65.1,46.2,153,103,258,20.6,20.5,F,S,121,4,47.1,306,36.3,8.05,8,3.69,24.5,24.5,25.9,23.4,0,2,2,1.94,9.43,1.53,1.09,1.06,0.8,0.81,0.44
26.5,S24X90,5980,S24X90,2250,44.7,6.05,65.4,725,55.1,62.3,32.7,110,63.8,187,12.5,20.5,F,S,90,4,41.2,222,22.4,7.13,7.13,4.09,24,24,33.1,23.1,0,1.75,1.75,1.66,9.21,1.3,0.87,0.88,0.625,0.63,0.31
29.3,S24X100,6350,S24X100,2380,47.4,7.59,65.5,72.8,55.3,62.5,32.7,119,66,199,13.1,20.5,F,S,100,4,41.9,239,24,7.25,7.25,4.16,24,24,27.8,23.1,0,1.75,1.75,1.66,9.01,1.27,0.87,0.88,0.745,0.75,0.38
23.5,S24X80,5620,S24X80,2100,42,4.89,65.2,72.2,55,62,32.7,101,61.6,175,12,20.5,F,S,80,4,40.5,204,20.8,7,7,4.02,24,24,41.4,23.1,0,1.75,1.75,1.67,9.47,1.34,0.87,0.88,0.5,0.5,0.25
0.914,M3X2.9,0.511,M3X2.9,1.5,0.248,0.0079,12,14.3,8.25,10.5,0.2,0.5,0.12,1,0.221,2,F,M,2.9,0,1.61,1.12,0.344,2.25,2.25,8.65,3,3,23.6,2.87,0.38,0.5,0.5,0.597,1.28,0.521,0.13,0.13,0.09,0.06,0.06
28.2,S20X96,4690,S20X96,1670,49.9,8.4,57.9,65.1,47.8,55,28.5,98.3,57.8,165,13.9,16.75,F,S,96,4,34.9,198,24.9,7.2,7.25,3.91,20.3,20.25,21.1,19.4,0,1.75,1.75,1.71,7.71,1.33,0.92,0.94,0.8,0.81,0.44
25.3,S20X86,4370,S20X86,1570,46.6,6.65,57.8,64.9,47.7,54.7,28.5,91.1,55.5,155,13.2,16.75,F,S,86,4,34.2,183,23.1,7.06,7,3.84,20.3,20.25,25.6,19.4,0,1.75,1.75,1.71,7.89,1.36,0.92,0.94,0.66,0.69,0.38
19.4,S20X66,2530,S20X66,1190,27.5,3.58,55.3,61.5,46.3,52.5,21.9,69.1,37.3,119,8.78,16.75,F,S,66,3.5,30,139,15.4,6.26,6.25,3.93,20,20,33.5,19.2,0,1.63,1.63,1.49,7.83,1.19,0.795,0.81,0.505,0.5,0.25
22,S20X75,2720,S20X75,1280,29.5,4.59,55.4,61.8,46.4,52.8,21.9,75.6,38.9,128,9.25,16.75,F,S,75,3.5,30.7,152,16.7,6.39,6.38,4.02,20,20,26.6,19.2,0,1.63,1.63,1.49,7.62,1.16,0.795,0.81,0.635,0.63,0.31
20.5,S18X70,1800,S18X70,923,24,4.1,50.9,57.2,42.3,48.5,16.6,61.9,29.2,103,7.69,15,F,S,70,3.5,27,124,14.3,6.25,6.25,4.52,18,18,21.5,17.3,0,1.5,1.5,1.42,6.7,1.08,0.691,0.69,0.711,0.69,0.38
16,S18X54.7,1550,S18X54.7,801,20.7,2.33,50.7,56.7,42,48,16.6,51.8,26.9,89,6.91,15,F,S,54.7,3.5,26,104,12.1,6,6,4.34,18,18,33.2,17.3,0,1.5,1.5,1.42,7.07,1.14,0.691,0.69,0.461,0.44,0.25
14.7,S15X50,805,S15X50,485,15.6,2.12,43.6,49.2,35.6,41.3,11.4,38.2,17.8,64.7,5.53,12.25,F,S,50,3.5,20.3,77,10,5.64,5.63,4.53,15,15,22.7,14.4,0,1.38,1.38,1.32,5.75,1.03,0.622,0.63,0.55,0.56,0.31
12.6,S15X42.9,737,S15X42.9,446,14.3,1.54,43.4,48.9,35.5,41,11.4,34.3,16.9,59.4,5.19,12.25,F,S,42.9,3.5,19.8,69.2,9.08,5.5,5.5,4.42,15,15,30.4,14.4,0,1.38,1.38,1.31,5.95,1.06,0.622,0.63,0.411,0.44,0.25
14.7,S12X50,501,S12X50,303,15.6,2.77,36.9,42.4,29.5,35,8.95,30.3,14,50.6,5.69,9.13,F,S,50,3,15.5,60.9,10.3,5.48,5.5,4.16,12,12,13.7,11.3,0,1.44,1.44,1.32,4.55,1.03,0.659,0.69,0.687,0.69,0.38
11.9,S12X40.8,433,S12X40.8,270,13.5,1.69,36.6,41.9,29.3,34.5,8.95,26.2,12.9,45.1,5.13,9.13,F,S,40.8,3,14.9,52.7,8.86,5.25,5.25,3.98,12,12,20.6,11.3,0,1.44,1.44,1.3,4.76,1.06,0.659,0.69,0.462,0.44,0.25
9.31,S12X31.8,306,S12X31.8,217,9.33,0.878,36.3,41.3,29,34,7.24,20.8,9.74,36.2,3.73,9.63,F,S,31.8,3,14.3,41.8,6.44,5,5,4.6,12,12,28.3,11.5,0,1.19,1.19,1.21,4.83,1,0.544,0.56,0.35,0.38,0.19
10.2,S12X35,323,S12X35,228,9.84,1.05,36.4,41.5,29.1,34.2,7.24,22.2,10,38.1,3.88,9.63,F,S,35,3,14.5,44.6,6.8,5.08,5.13,4.67,12,12,23.1,11.5,0,1.19,1.19,1.22,4.72,0.98,0.544,0.56,0.428,0.44,0.25
10.3,S10X35,188,S10X35,147,8.3,1.29,31.7,36.7,24.9,29.9,5.08,17.6,7.13,29.4,3.36,7.75,F,S,35,2.75,11.8,35.4,6.19,4.94,5,5.03,10,10,13.4,9.51,0,1.13,1.13,1.16,3.78,0.899,0.491,0.5,0.594,0.63,0.31
7.45,S10X25.4,152,S10X25.4,123,6.73,0.603,31.5,36.1,24.7,29.3,5.08,14,6.34,24.6,2.89,7.75,F,S,25.4,2.75,11.1,28.3,4.99,4.66,4.63,4.75,10,10,25.6,9.51,0,1.13,1.13,1.14,4.07,0.95,0.491,0.5,0.311,0.31,0.19
6.76,S8X23,61.2,S8X23,64.7,4.27,0.55,26,30.1,20.2,24.3,3,9.53,3.5,16.2,2.05,6,F,S,23,2.25,7.9,19.2,3.67,4.17,4.13,4.91,8,8,14.1,7.58,0,1,1,0.999,3.09,0.795,0.425,0.44,0.441,0.44,0.25
5.4,S8X18.4,52.9,S8X18.4,57.5,3.69,0.335,25.8,29.8,20,24,3,8.17,3.22,14.4,1.84,6,F,S,18.4,2.25,7.58,16.5,3.18,4,4,4.71,8,8,22.9,7.58,0,1,1,0.985,3.26,0.827,0.425,0.44,0.271,0.25,0.13
5.05,S6X17.25,18.2,S6X17.25,26.2,2.29,0.371,20.4,24,15.6,19.1,1.57,5.23,1.61,8.74,1.28,4.38,F,S,17.25,0,5.03,10.5,2.35,3.57,3.63,4.97,6,6,9.67,5.64,0,0.813,0.81,0.859,2.28,0.673,0.359,0.38,0.465,0.44,0.25
3.66,S6X12.5,14.3,S6X12.5,22,1.8,0.167,20.2,23.5,15.3,18.7,1.57,4.18,1.41,7.34,1.08,4.38,F,S,12.5,0,4.7,8.45,1.86,3.33,3.38,4.64,6,6,19.4,5.64,0,0.813,0.81,0.831,2.45,0.702,0.359,0.38,0.232,0.25,0.13
2.93,S5X10,6.52,S5X10,12.3,1.19,0.114,17.3,20.3,13,16,1.06,2.79,0.859,4.9,0.795,3.5,F,S,10,0,3.51,5.66,1.37,3,3,4.61,5,5,16.8,4.67,0,0.75,0.75,0.754,2.05,0.638,0.326,0.31,0.214,0.19,0.13
2.79,S4X9.5,3.05,S4X9.5,6.76,0.887,0.12,14.5,17.3,10.8,13.6,0.671,1.99,0.531,3.38,0.635,2.5,F,S,9.5,0,2.59,4.04,1.13,2.8,2.75,4.77,4,4,8.33,3.71,0,0.75,0.75,0.698,1.56,0.564,0.293,0.31,0.326,0.31,0.19
2.26,S4X7.7,2.57,S4X7.7,6.05,0.748,0.0732,14.4,17.1,10.7,13.3,0.671,1.73,0.481,3.03,0.562,2.5,F,S,7.7,0,2.47,3.5,0.97,2.66,2.63,4.54,4,4,14.1,3.71,0,0.75,0.75,0.676,1.64,0.576,0.293,0.31,0.193,0.19,0.13
2.2,S3X7.5,1.08,S3X7.5,2.91,0.578,0.0896,11.8,14.3,8.51,11,0.385,1.16,0.28,1.94,0.461,1.75,F,S,7.5,0,1.72,2.35,0.821,2.51,2.5,4.83,3,3,5.38,2.74,0,0.625,0.63,0.638,1.15,0.513,0.26,0.25,0.349,0.38,0.19
1.66,S3X5.7,0.838,S3X5.7,2.5,0.447,0.0433,11.6,14,8.33,10.7,0.385,0.961,0.242,1.67,0.383,1.75,F,S,5.7,0,1.6,1.94,0.656,2.33,2.38,4.48,3,3,11,2.74,0,0.625,0.63,0.605,1.23,0.518,0.26,0.25,0.17,0.19,0.13
60.2,HP18X204,82500,HP18X204,3480,1120,29.5,86.6,105,54.7,72.8,82.3,212,397,380,124,13.5,F,HP,204,7.5,77.7,433,191,18.1,18.13,8.01,18.3,18.25,12.1,17.2,1.75,2.31,2.31,5.03,7.6,4.31,1.13,1.13,1.13,1.13,0.56
53.2,HP18X181,70400,HP18X181,3020,974,20.7,86,104,54,72,72.3,185,344,336,108,13.5,F,HP,181,7.5,76.5,379,167,18,18,9,18,18,13.6,17,1.69,2.18,2.19,4.96,7.53,4.28,1,1,1,1,0.5
46.2,HP18X157,59000,HP18X157,2570,833,13.9,85.3,103,53.3,71.2,62.3,159,293,290,93.1,13.5,F,HP,157,7.5,75.3,327,143,17.9,17.88,10.3,17.7,17.75,15.6,16.8,1.63,2.05,2.06,4.92,7.46,4.25,0.87,0.88,0.87,0.88,0.44
39.9,HP18X135,49500,HP18X135,2200,706,9.12,84.9,103,52.8,70.6,53.5,136,249,251,79.3,13.5,F,HP,135,7.5,74.5,281,122,17.8,17.75,11.9,17.5,17.5,18.2,16.8,1.56,1.93,1.94,4.85,7.43,4.21,0.75,0.75,0.75,0.75,0.38
47.7,HP16X162,40800,HP16X162,2190,697,18.8,76.9,93,48.7,64.8,57.8,149,248,269,86.6,11.75,F,HP,162,5.5,61.6,306,134,16.1,16.13,8.05,16.3,16.25,11.9,15.3,1.69,2.18,2.19,4.45,6.78,3.82,1,1,1,1,0.5
54.1,HP16X183,48300,HP16X183,2510,818,26.9,77.6,93.9,49.3,65.6,65.4,169,285,304,100,11.75,F,HP,183,5.5,62.2,349,156,16.3,16.5,7.21,16.5,16.5,10.5,15.4,1.75,2.31,2.31,4.55,6.81,3.89,1.13,1.13,1.13,1.13,0.56
35.8,HP16X121,28500,HP16X121,1590,504,8.35,75.8,91.7,47.5,63.4,42.8,109,178,201,63.4,11.75,F,HP,121,5.5,59.8,226,97.6,15.9,15.88,10.6,15.8,15.75,15.9,15.1,1.56,1.93,1.94,4.34,6.66,3.75,0.75,0.75,0.75,0.75,0.38
41.7,HP16X141,34300,HP16X141,1870,599,12.9,76.2,92.2,48,64,50,128,212,234,74.9,11.75,F,HP,141,5.5,60.5,264,116,16,16,9.14,16,16,13.6,15.1,1.63,2.06,2.06,4.4,6.7,3.79,0.875,0.88,0.875,0.88,0.44
29.9,HP16X101,22800,HP16X101,1300,412,5.07,75.1,90.9,46.8,62.6,35.3,89.3,145,168,52.2,11.75,F,HP,101,5.5,58.8,187,80.1,15.8,15.75,12.6,15.5,15.5,19,14.9,1.5,1.81,1.81,4.27,6.59,3.71,0.625,0.63,0.625,0.63,0.31
25.8,HP16X88,19000,HP16X88,1110,349,3.45,74.6,90.3,46.3,62,30.2,76.2,123,145,44.5,11.75,F,HP,88,5.5,57.9,161,68.2,15.7,15.69,14.5,15.3,15.38,22,14.8,1.44,1.72,1.75,4.21,6.56,3.68,0.54,0.56,0.54,0.56,0.31
34.4,HP14X117,19900,HP14X117,1220,443,8.02,4.15,85.4,43.3,58.2,38,96.3,149,172,59.5,11.25,F,HP,117,5.5,49.9,194,91.4,14.9,14.88,9.25,14.2,14.25,14.2,13.4,1.63,1.5,2.06,4.15,5.96,3.59,0.805,0.81,0.805,0.81,0.44
30.1,HP14X102,16800,HP14X102,1050,380,5.39,4.1,84.8,42.8,57.6,33,83.3,128,150,51.4,11.25,F,HP,102,5.5,49.2,169,78.8,14.8,14.75,10.5,14,14,16.2,13.3,1.56,1.38,1.94,4.1,5.92,3.56,0.705,0.69,0.705,0.69,0.38
21.4,HP14X73,11200,HP14X73,729,261,2.01,4,83.6,41.8,56.4,23.3,58.3,88,107,35.8,11.25,F,HP,73,5.5,47.8,118,54.6,14.6,14.63,14.4,13.6,13.63,22.6,13.1,1.44,1.19,1.75,4,5.84,3.49,0.505,0.5,0.505,0.5,0.25
26.1,HP14X89,14200,HP14X89,904,326,3.59,4.05,84.1,42.3,57,28.6,71.9,110,131,44.3,11.25,F,HP,89,5.5,48.5,146,67.7,14.7,14.75,11.9,13.8,13.88,18.5,13.2,1.5,1.31,1.88,4.05,5.88,3.53,0.615,0.63,0.615,0.63,0.31
25.9,HP12X89,7640,HP12X89,693,224,4.92,59.2,71.5,37.1,49.4,24.3,62.5,79.5,112,36.4,9.5,F,HP,89,5.5,35.9,127,56,12.3,12.38,8.54,12.4,12.38,13.6,11.7,1.19,1.32,1.63,3.42,5.17,2.94,0.72,0.75,0.72,0.75,0.38
24.6,HP12X84,7140,HP12X84,650,213,4.24,3.41,71.4,36.9,49.2,23.1,59,75,106,34.6,9.5,F,HP,84,5.5,35.6,120,53.2,12.3,12.25,8.97,12.3,12.25,14.2,11.6,1.19,1.38,1.56,3.41,5.14,2.94,0.685,0.69,0.685,0.69,0.38
21.8,HP12X74,6160,HP12X74,569,186,2.98,3.38,70.8,36.4,48.6,20.4,51.9,65.5,93.8,30.4,9.5,F,HP,74,5.5,35.2,105,46.6,12.2,12.25,10,12.1,12.13,16.1,11.5,1.13,1.31,1.5,3.38,5.11,2.92,0.61,0.63,0.605,0.63,0.31
15.5,HP12X53,4080,HP12X53,393,127,1.12,3.29,69.7,35.6,47.6,14.3,36.2,44.7,66.7,21.1,9.5,F,HP,53,5.5,34.2,74,32.2,12,12,13.8,11.8,11.75,22.3,11.4,1.06,1.13,1.31,3.29,5.03,2.86,0.435,0.44,0.435,0.44,0.25
16.7,HP10X57,2240,HP10X57,294,101,1.97,48.6,58.8,30.2,40.4,12.9,32.8,34.8,58.8,19.7,7.5,F,HP,57,5.5,24.1,66.5,30.3,10.2,10.25,9.03,9.99,10,13.9,9.43,0.94,1.25,1.25,2.84,4.18,2.45,0.565,0.56,0.565,0.56,0.31
12.4,HP10X42,1540,HP10X42,210,71.7,0.813,48,58.1,29.5,39.6,9.41,23.7,24.7,43.4,14.2,7.5,F,HP,42,5.5,23.4,48.3,21.8,10.1,10.13,12,9.7,9.75,18.9,9.28,0.81,1.13,1.13,2.77,4.13,2.41,0.42,0.44,0.415,0.44,0.25
18.4,HP12X63,5000,HP12X63,472,153,1.83,3.33,70.1,35.9,48,17.1,43.3,54.1,79.1,25.3,9.5,F,HP,63,5.5,34.6,88.3,38.7,12.1,12.13,11.8,11.9,12,18.9,11.4,1.06,1.25,1.44,3.33,5.06,2.88,0.515,0.5,0.515,0.5,0.25
10.6,HP8X36,578,HP8X36,119,40.3,0.77,38.9,47.1,24.2,32.4,6.5,16.6,14,29.8,9.88,5.75,F,HP,36,5.5,15.4,33.6,15.2,8.16,8.13,9.16,8.02,8,14.2,7.58,0.88,1.13,1.13,2.26,3.36,1.95,0.445,0.44,0.445,0.44,0.25
