A,AISC_name,EDI_Std_Nomenclature,H,Ix,Iy,Sx,Sy,T_F,Type,W,Zx,Zy,b,b_t,d,ro,rx,ry,t,y,yp
62.2,2L12X12X1-3/8X3/4,2L12X12X1-3/8X3/4,0.84,826,1760,97.2,142,F,2L,210,176,241,12,8.7,12,7.03,3.64,5.32,1.38,3.5,1.3
62.2,2L12X12X1-3/8,2L12X12X1-3/8,0.831,826,1590,97.2,133,F,2L,210,176,218,12,8.7,12,6.84,3.64,5.06,1.38,3.5,1.3
56.8,2L12X12X1-1/4X3/4,2L12X12X1-1/4X3/4,0.839,762,1590,89.2,128,F,2L,193,161,217,12,9.6,12,7.03,3.66,5.29,1.25,3.45,1.18
56.8,2L12X12X1-1/4,2L12X12X1-1/4,0.829,762,1440,89.2,120,F,2L,193,161,196,12,9.6,12,6.84,3.66,5.04,1.25,3.45,1.18
51.6,2L12X12X1-1/8,2L12X12X1-1/8,0.827,700,1300,81.4,108,F,2L,174,147,176,12,10.6,12,6.85,3.68,5.02,1.13,3.41,1.08
56.8,2L12X12X1-1/4X1-1/2,2L12X12X1-1/4X1-1/2,0.848,762,1760,89.2,138,F,2L,193,161,239,12,9.6,12,7.24,3.66,5.57,1.25,3.45,1.18
46,2L12X12X1,2L12X12X1,0.826,630,1150,73,95.8,F,2L,156,132,155,12,12,12,6.85,3.7,5,1,3.36,0.958
51.6,2L12X12X1-1/8X3/4,2L12X12X1-1/8X3/4,0.837,700,1440,81.4,116,F,2L,174,147,195,12,10.6,12,7.04,3.68,5.28,1.13,3.41,1.08
51.6,2L12X12X1-1/8X1-1/2,2L12X12X1-1/8X1-1/2,0.846,700,1590,81.4,125,F,2L,174,147,215,12,10.6,12,7.24,3.68,5.55,1.13,3.41,1.08
51.2,2L10X10X1-3/8,2L10X10X1-3/8,0.835,462,923,66,92.3,F,2L,174,120,154,10,7.25,10,5.69,3,4.25,1.38,3,1.28
46,2L12X12X1X3/4,2L12X12X1X3/4,0.834,630,1270,73,103,F,2L,156,132,172,12,12,12,7.03,3.7,5.25,1,3.36,0.958
51.2,2L10X10X1-3/8X1-1/2,2L10X10X1-3/8X1-1/2,0.858,462,1180,66,110,F,2L,174,120,192,10,7.25,10,6.12,3,4.8,1.38,3,1.28
51.2,2L10X10X1-3/8X3/4,2L10X10X1-3/8X3/4,0.847,462,1050,66,101,F,2L,174,120,173,10,7.25,10,5.9,3,4.53,1.38,3,1.28
46.8,2L10X10X1-1/4X1-1/2,2L10X10X1-1/4X1-1/2,0.855,426,1070,60.4,99.5,F,2L,160,110,173,10,8,10,6.11,3.02,4.78,1.25,2.95,1.17
46.8,2L10X10X1-1/4,2L10X10X1-1/4,0.832,426,833,60.4,83.3,F,2L,160,110,138,10,8,10,5.68,3.02,4.22,1.25,2.95,1.17
46,2L12X12X1X1-1/2,2L12X12X1X1-1/2,0.844,630,1410,73,111,F,2L,156,132,189,12,12,12,7.25,3.7,5.54,1,3.36,0.958
46.8,2L10X10X1-1/4X3/4,2L10X10X1-1/4X3/4,0.844,426,943,60.4,90.9,F,2L,160,110,156,10,8,10,5.89,3.02,4.49,1.25,2.95,1.17
42.6,2L10X10X1-1/8X1-1/2,2L10X10X1-1/8X1-1/2,0.853,392,960,55.2,89.3,F,2L,145,100,155,10,8.85,10,6.1,3.03,4.75,1.13,2.9,1.07
42.6,2L10X10X1-1/8,2L10X10X1-1/8,0.831,392,750,55.2,75,F,2L,145,100,124,10,8.85,10,5.68,3.03,4.2,1.13,2.9,1.07
42.6,2L10X10X1-1/8X3/4,2L10X10X1-1/8X3/4,0.842,392,849,55.2,81.8,F,2L,145,100,140,10,8.85,10,5.88,3.03,4.46,1.13,2.9,1.07
62.2,2L12X12X1-3/8X1-1/2,2L12X12X1-3/8X1-1/2,0.85,826,1950,97.2,153,F,2L,210,176,264,12,8.7,12,7.25,3.64,5.6,1.38,3.5,1.3
38,2L10X10X1X1-1/2,2L10X10X1X1-1/2,0.85,354,849,49.6,79,F,2L,129,90,137,10,10,10,6.1,3.05,4.73,1,2.86,0.95
33.6,2L10X10X7/8X3/4,2L10X10X7/8X3/4,0.838,316,655,43.8,63.1,F,2L,114,79.8,107,10,11.4,10,5.87,3.07,4.42,0.875,2.8,0.84
38,2L10X10X1,2L10X10X1,0.828,354,665,49.6,66.5,F,2L,129,90,109,10,10,10,5.69,3.05,4.18,1,2.86,0.95
33.6,2L10X10X7/8,2L10X10X7/8,0.827,316,579,43.8,57.9,F,2L,114,79.8,94.1,10,11.4,10,5.68,3.07,4.15,0.875,2.8,0.84
38,2L10X10X1X3/4,2L10X10X1X3/4,0.839,354,752,49.6,72.5,F,2L,129,90,123,10,10,10,5.89,3.05,4.45,1,2.86,0.95
29,2L10X10X3/4X3/4,2L10X10X3/4X3/4,0.836,278,563,38.4,54.3,F,2L,98.2,69.2,90.9,10,13.3,10,5.89,3.1,4.41,0.75,2.76,0.725
29,2L10X10X3/4,2L10X10X3/4,0.825,278,499,38.4,49.9,F,2L,98.2,69.2,80,10,13.3,10,5.7,3.1,4.15,0.75,2.76,0.725
33.6,2L10X10X7/8X1-1/2,2L10X10X7/8X1-1/2,0.849,316,739,43.8,68.7,F,2L,114,79.8,119,10,11.4,10,6.08,3.07,4.69,0.875,2.8,0.84
29,2L10X10X3/4X1-1/2,2L10X10X3/4X1-1/2,0.847,278,635,38.4,59.1,F,2L,98.2,69.2,102,10,13.3,10,6.1,3.1,4.68,0.75,2.76,0.725
33.6,2L8X8X1-1/8,2L8X8X1-1/8,0.837,196,391,35,48.9,F,2L,114,63.2,80.6,8,7.08,8,4.56,2.41,3.41,1.13,2.4,1.05
33.6,2L8X8X1-1/8X3/8,2L8X8X1-1/8X3/8,0.844,196,421,35,51.4,F,2L,114,63.2,86.9,8,7.08,8,4.66,2.41,3.54,1.13,2.4,1.05
33.6,2L8X8X1-1/8X3/4,2L8X8X1-1/8X3/4,0.851,196,455,35,54.3,F,2L,114,63.2,93.2,8,7.08,8,4.77,2.41,3.68,1.13,2.4,1.05
30.2,2L8X8X1,2L8X8X1,0.834,178,347,31.6,43.4,F,2L,102,57,71.3,8,8,8,4.56,2.43,3.39,1,2.36,0.944
30.2,2L8X8X1X3/8,2L8X8X1X3/8,0.841,178,374,31.6,45.7,F,2L,102,57,76.9,8,8,8,4.66,2.43,3.52,1,2.36,0.944
30.2,2L8X8X1X3/4,2L8X8X1X3/4,0.848,178,405,31.6,48.4,F,2L,102,57,82.6,8,8,8,4.77,2.43,3.66,1,2.36,0.944
26.6,2L8X8X7/8X3/8,2L8X8X7/8X3/8,0.838,159,326,28,39.8,F,2L,90,50.6,66.4,8,9.14,8,4.66,2.45,3.5,0.875,2.31,0.831
26.6,2L8X8X7/8,2L8X8X7/8,0.831,159,300,28,37.5,F,2L,90,50.6,61.4,8,9.14,8,4.56,2.45,3.36,0.875,2.31,0.831
26.6,2L8X8X7/8X3/4,2L8X8X7/8X3/4,0.845,159,351,28,41.9,F,2L,90,50.6,71.4,8,9.14,8,4.76,2.45,3.63,0.875,2.31,0.831
23,2L8X8X3/4X3/8,2L8X8X3/4X3/8,0.836,140,277,24.4,33.8,F,2L,77.8,44,56.3,8,10.7,8,4.66,2.46,3.47,0.75,2.26,0.719
23,2L8X8X3/4,2L8X8X3/4,0.829,140,257,24.4,32.1,F,2L,77.8,44,52,8,10.7,8,4.56,2.46,3.34,0.75,2.26,0.719
19.4,2L8X8X5/8,2L8X8X5/8,0.826,119,214,20.6,26.8,F,2L,65.4,37.2,42.8,8,12.8,8,4.56,2.48,3.32,0.625,2.21,0.606
19.4,2L8X8X5/8X3/8,2L8X8X5/8X3/8,0.833,119,231,20.6,28.2,F,2L,65.4,37.2,46.5,8,12.8,8,4.66,2.48,3.45,0.625,2.21,0.606
19.4,2L8X8X5/8X3/4,2L8X8X5/8X3/4,0.84,119,249,20.6,29.7,F,2L,65.4,37.2,50.1,8,12.8,8,4.76,2.48,3.58,0.625,2.21,0.606
17.5,2L8X8X9/16,2L8X8X9/16,0.825,108,192,18.7,24,F,2L,59.2,33.6,38.4,8,14.2,8,4.56,2.49,3.31,0.563,2.19,0.548
17.5,2L8X8X9/16X3/8,2L8X8X9/16X3/8,0.832,108,207,18.7,25.3,F,2L,59.2,33.6,41.7,8,14.2,8,4.65,2.49,3.44,0.563,2.19,0.548
17.5,2L8X8X9/16X3/4,2L8X8X9/16X3/4,0.839,108,223,18.7,26.6,F,2L,59.2,33.6,45,8,14.2,8,4.75,2.49,3.57,0.563,2.19,0.548
15.7,2L8X8X1/2,2L8X8X1/2,0.824,97.6,171,16.7,21.4,F,2L,52.8,30.2,34,8,16,8,4.56,2.49,3.3,0.5,2.17,0.49
15.7,2L8X8X1/2X3/8,2L8X8X1/2X3/8,0.831,97.6,185,16.7,22.6,F,2L,52.8,30.2,37,8,16,8,4.65,2.49,3.43,0.5,2.17,0.49
15.7,2L8X8X1/2X3/4,2L8X8X1/2X3/4,0.837,97.6,199,16.7,23.8,F,2L,52.8,30.2,39.9,8,16,8,4.75,2.49,3.56,0.5,2.17,0.49
22,2L6X6X1,2L6X6X1,0.843,70.8,146,17.1,24.3,F,2L,74.8,30.8,40.9,6,6,6,3.42,1.79,2.58,1,1.86,0.917
22,2L6X6X1X3/8,2L6X6X1X3/8,0.852,70.8,163,17.1,26.3,F,2L,74.8,30.8,45,6,6,6,3.53,1.79,2.72,1,1.86,0.917
22,2L6X6X1X3/4,2L6X6X1X3/4,0.861,70.8,180,17.1,28.2,F,2L,74.8,30.8,49.2,6,6,6,3.64,1.79,2.86,1,1.86,0.917
19.5,2L6X6X7/8,2L6X6X7/8,0.839,63.8,128,15.2,21.3,F,2L,66.2,27.4,35.3,6,6.86,6,3.42,1.81,2.56,0.875,1.81,0.813
19.5,2L6X6X7/8X3/8,2L6X6X7/8X3/8,0.848,63.8,142,15.2,22.9,F,2L,66.2,27.4,39,6,6.86,6,3.53,1.81,2.7,0.875,1.81,0.813
19.5,2L6X6X7/8X3/4,2L6X6X7/8X3/4,0.857,63.8,157,15.2,24.6,F,2L,66.2,27.4,42.6,6,6.86,6,3.63,1.81,2.84,0.875,1.81,0.813
16.9,2L6X6X3/4,2L6X6X3/4,0.835,56.2,109,13.3,18.2,F,2L,57.4,23.8,29.9,6,8,6,3.42,1.82,2.54,0.75,1.77,0.705
16.9,2L6X6X3/4X3/8,2L6X6X3/4X3/8,0.844,56.2,120,13.3,19.4,F,2L,57.4,23.8,33.1,6,8,6,3.52,1.82,2.67,0.75,1.77,0.705
23,2L8X8X3/4X3/4,2L8X8X3/4X3/4,0.843,140,300,24.4,35.8,F,2L,77.8,44,60.6,8,10.7,8,4.76,2.46,3.61,0.75,2.26,0.719
16.9,2L6X6X3/4X3/4,2L6X6X3/4X3/4,0.853,56.2,133,13.3,20.9,F,2L,57.4,23.8,36.3,6,8,6,3.63,1.82,2.81,0.75,1.77,0.705
14.3,2L6X6X5/8,2L6X6X5/8,0.831,48.2,90.8,11.3,15.1,F,2L,48.4,20.2,24.5,6,9.6,6,3.42,1.84,2.52,0.625,1.72,0.594
14.3,2L6X6X5/8X3/8,2L6X6X5/8X3/8,0.84,48.2,100,11.3,16.2,F,2L,48.4,20.2,27.2,6,9.6,6,3.52,1.84,2.65,0.625,1.72,0.594
14.3,2L6X6X5/8X3/4,2L6X6X5/8X3/4,0.849,48.2,111,11.3,17.4,F,2L,48.4,20.2,29.9,6,9.6,6,3.62,1.84,2.79,0.625,1.72,0.594
12.9,2L6X6X9/16,2L6X6X9/16,0.829,44,81.3,10.2,13.6,F,2L,43.8,18.4,21.9,6,10.7,6,3.42,1.85,2.51,0.563,1.7,0.538
12.9,2L6X6X9/16X3/8,2L6X6X9/16X3/8,0.838,44,89.9,10.2,14.5,F,2L,43.8,18.4,24.3,6,10.7,6,3.52,1.85,2.64,0.563,1.7,0.538
12.9,2L6X6X9/16X3/4,2L6X6X9/16X3/4,0.847,44,99.7,10.2,15.6,F,2L,43.8,18.4,26.8,6,10.7,6,3.62,1.85,2.78,0.563,1.7,0.538
11.5,2L6X6X1/2X3/8,2L6X6X1/2X3/8,0.836,39.8,79.5,9.18,12.8,F,2L,39.2,16.4,21.4,6,12,6,3.52,1.86,2.63,0.5,1.67,0.481
11.5,2L6X6X1/2,2L6X6X1/2,0.827,39.8,71.9,9.18,12,F,2L,39.2,16.4,19.3,6,12,6,3.42,1.86,2.5,0.5,1.67,0.481
11.5,2L6X6X1/2X3/4,2L6X6X1/2X3/4,0.846,39.8,87.6,9.18,13.7,F,2L,39.2,16.4,23.6,6,12,6,3.62,1.86,2.76,0.5,1.67,0.481
10.2,2L6X6X7/16,2L6X6X7/16,0.826,35.2,63.2,8.12,10.5,F,2L,34.4,14.5,16.8,6,13.7,6,3.42,1.86,2.49,0.438,1.65,0.423
10.2,2L6X6X7/16X3/8,2L6X6X7/16X3/8,0.835,35.2,70,8.12,11.3,F,2L,34.4,14.5,18.7,6,13.7,6,3.52,1.86,2.62,0.438,1.65,0.423
10.2,2L6X6X7/16X3/4,2L6X6X7/16X3/4,0.844,35.2,77.1,8.12,12.1,F,2L,34.4,14.5,20.6,6,13.7,6,3.62,1.86,2.75,0.438,1.65,0.423
8.76,2L6X6X3/8,2L6X6X3/8,0.824,30.8,53.9,7.02,8.98,F,2L,29.8,12.5,14.2,6,16,6,3.42,1.87,2.48,0.375,1.62,0.365
8.76,2L6X6X3/8X3/8,2L6X6X3/8X3/8,0.833,30.8,59.2,7.02,9.57,F,2L,29.8,12.5,15.8,6,16,6,3.51,1.87,2.6,0.375,1.62,0.365
7.34,2L6X6X5/16,2L6X6X5/16,0.823,26,44.8,5.9,7.47,F,2L,24.8,10.5,11.7,6,19.2,6,3.42,1.88,2.47,0.313,1.6,0.306
8.76,2L6X6X3/8X3/4,2L6X6X3/8X3/4,0.842,30.8,65.8,7.02,10.3,F,2L,29.8,12.5,17.5,6,16,6,3.61,1.87,2.74,0.375,1.62,0.365
16,2L5X5X7/8,2L5X5X7/8,0.845,35.6,74.6,10.3,14.9,F,2L,54.4,18.6,25,5,5.71,5,2.85,1.49,2.16,0.875,1.56,0.8
16,2L5X5X7/8X3/4,2L5X5X7/8X3/4,0.866,35.6,95.3,10.3,17.7,F,2L,54.4,18.6,31,5,5.71,5,3.07,1.49,2.44,0.875,1.56,0.8
7.34,2L6X6X5/16X3/4,2L6X6X5/16X3/4,0.841,26,54.3,5.9,8.52,F,2L,24.8,10.5,14.5,6,19.2,6,3.61,1.88,2.72,0.313,1.6,0.306
14,2L5X5X3/4,2L5X5X3/4,0.84,31.4,63.5,9.04,12.7,F,2L,47.2,16.3,21.2,5,6.67,5,2.85,1.5,2.13,0.75,1.52,0.698
14,2L5X5X3/4X3/8,2L5X5X3/4X3/8,0.851,31.4,72.1,9.04,13.9,F,2L,47.2,16.3,23.8,5,6.67,5,2.95,1.5,2.27,0.75,1.52,0.698
7.34,2L6X6X5/16X3/8,2L6X6X5/16X3/8,0.832,26,49.2,5.9,7.95,F,2L,24.8,10.5,13.1,6,19.2,6,3.51,1.88,2.59,0.313,1.6,0.306
16,2L5X5X7/8X3/8,2L5X5X7/8X3/8,0.856,35.6,84.6,10.3,16.3,F,2L,54.4,18.6,28,5,5.71,5,2.96,1.49,2.3,0.875,1.56,0.8
14,2L5X5X3/4X3/4,2L5X5X3/4X3/4,0.861,31.4,81.3,9.04,15.1,F,2L,47.2,16.3,26.5,5,6.67,5,3.06,1.5,2.41,0.75,1.52,0.698
11.8,2L5X5X5/8,2L5X5X5/8,0.835,27.2,52.5,7.7,10.5,F,2L,40,13.9,17.3,5,8,5,2.85,1.52,2.11,0.625,1.47,0.59
11.8,2L5X5X5/8X3/8,2L5X5X5/8X3/8,0.846,27.2,59.7,7.7,11.5,F,2L,40,13.9,19.6,5,8,5,2.95,1.52,2.25,0.625,1.47,0.59
9.58,2L5X5X1/2,2L5X5X1/2,0.83,22.6,41.8,6.3,8.36,F,2L,32.4,11.3,13.6,5,10,5,2.85,1.53,2.09,0.5,1.42,0.479
11.8,2L5X5X5/8X3/4,2L5X5X5/8X3/4,0.857,27.2,67.4,7.7,12.5,F,2L,40,13.9,21.8,5,8,5,3.06,1.52,2.39,0.625,1.47,0.59
9.58,2L5X5X1/2X3/8,2L5X5X1/2X3/8,0.842,22.6,47.2,6.3,9.1,F,2L,32.4,11.3,15.4,5,10,5,2.94,1.53,2.22,0.5,1.42,0.479
9.58,2L5X5X1/2X3/4,2L5X5X1/2X3/4,0.852,22.6,53.4,6.3,9.93,F,2L,32.4,11.3,17.2,5,10,5,3.05,1.53,2.36,0.5,1.42,0.479
8.44,2L5X5X7/16,2L5X5X7/16,0.828,20,36.5,5.56,7.3,F,2L,28.6,10,11.8,5,11.4,5,2.85,1.54,2.08,0.438,1.4,0.422
8.44,2L5X5X7/16X3/8,2L5X5X7/16X3/8,0.839,20,41.2,5.56,7.94,F,2L,28.6,10,13.4,5,11.4,5,2.94,1.54,2.21,0.438,1.4,0.422
8.44,2L5X5X7/16X3/4,2L5X5X7/16X3/4,0.85,20,46.6,5.56,8.67,F,2L,28.6,10,15,5,11.4,5,3.05,1.54,2.35,0.438,1.4,0.422
7.3,2L5X5X3/8,2L5X5X3/8,0.826,17.5,31.3,4.82,6.26,F,2L,24.6,8.66,10,5,13.3,5,2.84,1.55,2.07,0.375,1.37,0.365
7.3,2L5X5X3/8X3/8,2L5X5X3/8X3/8,0.838,17.5,35.3,4.82,6.8,F,2L,24.6,8.66,11.4,5,13.3,5,2.94,1.55,2.2,0.375,1.37,0.365
7.3,2L5X5X3/8X3/4,2L5X5X3/8X3/4,0.848,17.5,40,4.82,7.44,F,2L,24.6,8.66,12.7,5,13.3,5,3.04,1.55,2.34,0.375,1.37,0.365
6.14,2L5X5X5/16,2L5X5X5/16,0.825,14.9,26.1,4.08,5.22,F,2L,20.6,7.3,8.29,5,16,5,2.84,1.56,2.06,0.313,1.35,0.307
6.14,2L5X5X5/16X3/8,2L5X5X5/16X3/8,0.836,14.9,29.4,4.08,5.67,F,2L,20.6,7.3,9.44,5,16,5,2.94,1.56,2.19,0.313,1.35,0.307
10.9,2L4X4X3/4,2L4X4X3/4,0.847,15.2,32.6,5.58,8.15,F,2L,37,10,13.8,4,5.33,4,2.28,1.18,1.73,0.75,1.27,0.68
10.9,2L4X4X3/4X3/4,2L4X4X3/4X3/4,0.874,15.2,44.9,5.58,10.3,F,2L,37,10,17.9,4,5.33,4,2.51,1.18,2.03,0.75,1.27,0.68
10.9,2L4X4X3/4X3/8,2L4X4X3/4X3/8,0.861,15.2,38.5,5.58,9.19,F,2L,37,10,15.9,4,5.33,4,2.39,1.18,1.88,0.75,1.27,0.68
9.22,2L4X4X5/8,2L4X4X5/8,0.841,13.2,27,4.76,6.75,F,2L,31.4,8.56,11.2,4,6.4,4,2.28,1.2,1.71,0.625,1.22,0.576
9.22,2L4X4X5/8X3/4,2L4X4X5/8X3/4,0.868,13.2,36.9,4.76,8.43,F,2L,31.4,8.56,14.7,4,6.4,4,2.5,1.2,2,0.625,1.22,0.576
9.22,2L4X4X5/8X3/8,2L4X4X5/8X3/8,0.854,13.2,31.6,4.76,7.55,F,2L,31.4,8.56,13,4,6.4,4,2.39,1.2,1.85,0.625,1.22,0.576
6.14,2L5X5X5/16X3/4,2L5X5X5/16X3/4,0.847,14.9,33,4.08,6.14,F,2L,20.6,7.3,10.6,5,16,5,3.04,1.56,2.32,0.313,1.35,0.307
7.5,2L4X4X1/2,2L4X4X1/2,0.834,11,21.4,3.92,5.35,F,2L,25.6,7,8.85,4,8,4,2.28,1.21,1.69,0.5,1.18,0.469
7.5,2L4X4X1/2X3/8,2L4X4X1/2X3/8,0.848,11,25.1,3.92,5.99,F,2L,25.6,7,10.3,4,8,4,2.38,1.21,1.83,0.5,1.18,0.469
6.6,2L4X4X7/16,2L4X4X7/16,0.832,9.86,18.6,3.46,4.65,F,2L,22.6,6.2,7.59,4,9.13,4,2.28,1.22,1.68,0.438,1.15,0.413
7.5,2L4X4X1/2X3/4,2L4X4X1/2X3/4,0.862,11,29.1,3.92,6.65,F,2L,25.6,7,11.7,4,8,4,2.49,1.21,1.97,0.5,1.18,0.469
6.6,2L4X4X7/16X3/4,2L4X4X7/16X3/4,0.859,9.86,25.4,3.46,5.81,F,2L,22.6,6.2,10.1,4,9.13,4,2.49,1.22,1.96,0.438,1.15,0.413
6.6,2L4X4X7/16X3/8,2L4X4X7/16X3/8,0.846,9.86,21.6,3.46,5.16,F,2L,22.6,6.2,8.83,4,9.13,4,2.38,1.22,1.81,0.438,1.15,0.413
5.72,2L4X4X3/8X3/4,2L4X4X3/8X3/4,0.856,8.64,21.5,3,4.91,F,2L,19.6,5.38,8.61,4,10.7,4,2.49,1.23,1.94,0.375,1.13,0.358
4.8,2L4X4X5/16,2L4X4X5/16,0.826,7.34,13.2,2.54,3.3,F,2L,16.4,4.52,5.33,4,12.8,4,2.28,1.24,1.66,0.313,1.11,0.3
5.72,2L4X4X3/8X3/8,2L4X4X3/8X3/8,0.843,8.64,18.5,3,4.42,F,2L,19.6,5.38,7.54,4,10.7,4,2.38,1.23,1.8,0.375,1.13,0.358
5.72,2L4X4X3/8,2L4X4X3/8,0.829,8.64,16,3,4,F,2L,19.6,5.38,6.46,4,10.7,4,2.28,1.23,1.67,0.375,1.13,0.358
4.8,2L4X4X5/16X3/4,2L4X4X5/16X3/4,0.854,7.34,17.9,2.54,4.09,F,2L,16.4,4.52,7.13,4,12.8,4,2.48,1.24,1.93,0.313,1.11,0.3
4.8,2L4X4X5/16X3/8,2L4X4X5/16X3/8,0.84,7.34,15.4,2.54,3.68,F,2L,16.4,4.52,6.23,4,12.8,4,2.37,1.24,1.79,0.313,1.11,0.3
3.86,2L4X4X1/4,2L4X4X1/4,0.824,6,10.5,2.06,2.62,F,2L,13.2,3.64,4.17,4,16,4,2.28,1.25,1.65,0.25,1.08,0.241
3.86,2L4X4X1/4X3/8,2L4X4X1/4X3/8,0.838,6,12.2,2.06,2.91,F,2L,13.2,3.64,4.89,4,16,4,2.37,1.25,1.78,0.25,1.08,0.241
3.86,2L4X4X1/4X3/4,2L4X4X1/4X3/4,0.851,6,14.1,2.06,3.22,F,2L,13.2,3.64,5.62,4,16,4,2.48,1.25,1.91,0.25,1.08,0.241
6.5,2L3-1/2X3-1/2X1/2,2L3-1/2X3-1/2X1/2,0.838,7.26,14.4,2.96,4.11,F,2L,22.2,5.32,6.82,3.5,7,3.5,1.99,1.05,1.49,0.5,1.05,0.464
6.5,2L3-1/2X3-1/2X1/2X3/8,2L3-1/2X3-1/2X1/2X3/8,0.854,7.26,17.3,2.96,4.69,F,2L,22.2,5.32,8.04,3.5,7,3.5,2.1,1.05,1.63,0.5,1.05,0.464
6.5,2L3-1/2X3-1/2X1/2X3/4,2L3-1/2X3-1/2X1/2X3/4,0.869,7.26,20.4,2.96,5.26,F,2L,22.2,5.32,9.26,3.5,7,3.5,2.21,1.05,1.77,0.5,1.05,0.464
5.78,2L3-1/2X3-1/2X7/16,2L3-1/2X3-1/2X7/16,0.835,6.5,12.7,2.64,3.63,F,2L,19.6,4.72,5.95,3.5,7.99,3.5,1.99,1.06,1.48,0.438,1.03,0.413
5.78,2L3-1/2X3-1/2X7/16X3/8,2L3-1/2X3-1/2X7/16X3/8,0.851,6.5,15,2.64,4.07,F,2L,19.6,4.72,7.04,3.5,7.99,3.5,2.09,1.06,1.61,0.438,1.03,0.413
5.78,2L3-1/2X3-1/2X7/16X3/4,2L3-1/2X3-1/2X7/16X3/4,0.866,6.5,17.9,2.64,4.62,F,2L,19.6,4.72,8.12,3.5,7.99,3.5,2.21,1.06,1.76,0.438,1.03,0.413
5,2L3-1/2X3-1/2X3/8,2L3-1/2X3-1/2X3/8,0.832,5.72,10.8,2.3,3.09,F,2L,17,4.12,5,3.5,9.33,3.5,1.99,1.07,1.47,0.375,1,0.357
5,2L3-1/2X3-1/2X3/8X3/8,2L3-1/2X3-1/2X3/8X3/8,0.848,5.72,12.8,2.3,3.47,F,2L,17,4.12,5.94,3.5,9.33,3.5,2.09,1.07,1.6,0.375,1,0.357
5,2L3-1/2X3-1/2X3/8X3/4,2L3-1/2X3-1/2X3/8X3/4,0.863,5.72,15.1,2.3,3.9,F,2L,17,4.12,6.88,3.5,9.33,3.5,2.2,1.07,1.74,0.375,1,0.357
4.2,2L3-1/2X3-1/2X5/16,2L3-1/2X3-1/2X5/16,0.829,4.88,8.95,1.94,2.56,F,2L,14.4,3.48,4.11,3.5,11.2,3.5,1.99,1.08,1.46,0.313,0.979,0.3
4.2,2L3-1/2X3-1/2X5/16X3/8,2L3-1/2X3-1/2X5/16X3/8,0.845,4.88,10.6,1.94,2.87,F,2L,14.4,3.48,4.9,3.5,11.2,3.5,2.09,1.08,1.59,0.313,0.979,0.3
4.2,2L3-1/2X3-1/2X5/16X3/4,2L3-1/2X3-1/2X5/16X3/4,0.86,4.88,12.6,1.94,3.25,F,2L,14.4,3.48,5.69,3.5,11.2,3.5,2.2,1.08,1.73,0.313,0.979,0.3
3.4,2L3-1/2X3-1/2X1/4X3/8,2L3-1/2X3-1/2X1/4X3/8,0.842,4,8.38,1.57,2.27,F,2L,11.6,2.82,3.88,3.5,14,3.5,2.08,1.09,1.57,0.25,0.954,0.243
3.4,2L3-1/2X3-1/2X1/4,2L3-1/2X3-1/2X1/4,0.826,4,7.05,1.57,2.01,F,2L,11.6,2.82,3.24,3.5,14,3.5,1.99,1.09,1.44,0.25,0.954,0.243
3.4,2L3-1/2X3-1/2X1/4X3/4,2L3-1/2X3-1/2X1/4X3/4,0.857,4,10.1,1.57,2.61,F,2L,11.6,2.82,4.52,3.5,14,3.5,2.19,1.09,1.72,0.25,0.954,0.243
5.52,2L3X3X1/2,2L3X3X1/2,0.842,4.4,9.19,2.12,3.06,F,2L,18.8,3.82,5.13,3,6,3,1.71,0.895,1.29,0.5,0.929,0.46
5.52,2L3X3X1/2X3/8,2L3X3X1/2X3/8,0.861,4.4,11.3,2.12,3.55,F,2L,18.8,3.82,6.16,3,6,3,1.82,0.895,1.43,0.5,0.929,0.46
5.52,2L3X3X1/2X3/4,2L3X3X1/2X3/4,0.878,4.4,13.8,2.12,4.09,F,2L,18.8,3.82,7.2,3,6,3,1.94,0.895,1.58,0.5,0.929,0.46
4.86,2L3X3X7/16,2L3X3X7/16,0.838,3.96,7.96,1.89,2.65,F,2L,16.6,3.4,4.41,3,6.85,3,1.71,0.903,1.28,0.438,0.907,0.405
4.86,2L3X3X7/16X3/8,2L3X3X7/16X3/8,0.857,3.96,9.8,1.89,3.07,F,2L,16.6,3.4,5.32,3,6.85,3,1.82,0.903,1.42,0.438,0.907,0.405
4.86,2L3X3X7/16X3/4,2L3X3X7/16X3/4,0.874,3.96,12,1.89,3.56,F,2L,16.6,3.4,6.23,3,6.85,3,1.94,0.903,1.57,0.438,0.907,0.405
4.22,2L3X3X3/8,2L3X3X3/8,0.834,3.5,6.81,1.65,2.27,F,2L,14.4,2.96,3.73,3,8,3,1.71,0.91,1.27,0.375,0.884,0.352
3.56,2L3X3X5/16X3/8,2L3X3X5/16X3/8,0.849,3,6.88,1.4,2.16,F,2L,12.2,2.52,3.73,3,9.58,3,1.81,0.918,1.39,0.313,0.86,0.297
3.56,2L3X3X5/16,2L3X3X5/16,0.83,3,5.65,1.4,1.88,F,2L,12.2,2.52,3.06,3,9.58,3,1.71,0.918,1.26,0.313,0.86,0.297
4.22,2L3X3X3/8X3/4,2L3X3X3/8X3/4,0.87,3.5,10.1,1.65,2.99,F,2L,14.4,2.96,5.31,3,8,3,1.93,0.91,1.55,0.375,0.884,0.352
4.22,2L3X3X3/8X3/8,2L3X3X3/8X3/8,0.853,3.5,8.39,1.65,2.63,F,2L,14.4,2.96,4.52,3,8,3,1.81,0.91,1.41,0.375,0.884,0.352
2.88,2L3X3X1/4X3/8,2L3X3X1/4X3/8,0.845,2.46,5.48,1.14,1.72,F,2L,9.8,2.04,2.95,3,12,3,1.81,0.926,1.38,0.25,0.836,0.24
2.88,2L3X3X1/4X3/4,2L3X3X1/4X3/4,0.863,2.46,6.65,1.14,1.97,F,2L,9.8,2.04,3.49,3,12,3,1.92,0.926,1.52,0.25,0.836,0.24
2.88,2L3X3X1/4,2L3X3X1/4,0.827,2.46,4.5,1.14,1.5,F,2L,9.8,2.04,2.41,3,12,3,1.71,0.926,1.25,0.25,0.836,0.24
3.56,2L3X3X5/16X3/4,2L3X3X5/16X3/4,0.866,3,8.44,1.4,2.5,F,2L,12.2,2.52,4.4,3,9.58,3,1.93,0.918,1.54,0.313,0.86,0.297
2.18,2L3X3X3/16X3/4,2L3X3X3/16X3/4,0.859,1.9,4.97,0.866,1.47,F,2L,7.42,1.55,2.59,3,16,3,1.91,0.933,1.51,0.188,0.812,0.182
2.18,2L3X3X3/16,2L3X3X3/16,0.823,1.9,3.35,0.866,1.12,F,2L,7.42,1.55,1.77,3,16,3,1.71,0.933,1.24,0.188,0.812,0.182
4.52,2L2-1/2X2-1/2X1/2,2L2-1/2X2-1/2X1/2,0.85,2.44,5.37,1.43,2.15,F,2L,15.4,2.58,3.63,2.5,5,2.5,1.43,0.735,1.09,0.5,0.803,0.452
4.52,2L2-1/2X2-1/2X1/2X3/8,2L2-1/2X2-1/2X1/2X3/8,0.871,2.44,6.84,1.43,2.55,F,2L,15.4,2.58,4.48,2.5,5,2.5,1.54,0.735,1.23,0.5,0.803,0.452
4.52,2L2-1/2X2-1/2X1/2X3/4,2L2-1/2X2-1/2X1/2X3/4,0.89,2.44,8.73,1.43,3.04,F,2L,15.4,2.58,5.32,2.5,5,2.5,1.67,0.735,1.39,0.5,0.803,0.452
3.46,2L2-1/2X2-1/2X3/8,2L2-1/2X2-1/2X3/8,0.839,1.94,3.96,1.12,1.58,F,2L,11.8,2.02,2.62,2.5,6.67,2.5,1.42,0.749,1.07,0.375,0.758,0.346
2.18,2L3X3X3/16X3/8,2L3X3X3/16X3/8,0.842,1.9,4.09,0.866,1.28,F,2L,7.42,1.55,2.18,3,16,3,1.8,0.933,1.37,0.188,0.812,0.182
3.46,2L2-1/2X2-1/2X3/8X3/4,2L2-1/2X2-1/2X3/8X3/4,0.881,1.94,6.4,1.12,2.23,F,2L,11.8,2.02,3.92,2.5,6.67,2.5,1.65,0.749,1.36,0.375,0.758,0.346
2.92,2L2-1/2X2-1/2X5/16,2L2-1/2X2-1/2X5/16,0.834,1.67,3.22,0.948,1.29,F,2L,10,1.71,2.15,2.5,7.99,2.5,1.42,0.756,1.05,0.313,0.735,0.292
3.46,2L2-1/2X2-1/2X3/8X3/8,2L2-1/2X2-1/2X3/8X3/8,0.861,1.94,5.07,1.12,1.89,F,2L,11.8,2.02,3.27,2.5,6.67,2.5,1.53,0.749,1.21,0.375,0.758,0.346
2.92,2L2-1/2X2-1/2X5/16X3/8,2L2-1/2X2-1/2X5/16X3/8,0.856,1.67,4.14,0.948,1.54,F,2L,10,1.71,2.69,2.5,7.99,2.5,1.53,0.756,1.19,0.313,0.735,0.292
2.92,2L2-1/2X2-1/2X5/16X3/4,2L2-1/2X2-1/2X5/16X3/4,0.876,1.67,5.24,0.948,1.82,F,2L,10,1.71,3.24,2.5,7.99,2.5,1.65,0.756,1.34,0.313,0.735,0.292
2.38,2L2-1/2X2-1/2X1/4,2L2-1/2X2-1/2X1/4,0.829,1.38,2.57,0.774,1.03,F,2L,8.2,1.39,1.69,2.5,10,2.5,1.42,0.764,1.04,0.25,0.711,0.238
2.38,2L2-1/2X2-1/2X1/4X3/8,2L2-1/2X2-1/2X1/4X3/8,0.852,1.38,3.31,0.774,1.23,F,2L,8.2,1.39,2.14,2.5,10,2.5,1.52,0.764,1.18,0.25,0.711,0.238
1.8,2L2-1/2X2-1/2X3/16,2L2-1/2X2-1/2X3/16,0.825,1.07,1.91,0.59,0.764,F,2L,6.14,1.06,1.24,2.5,13.3,2.5,1.42,0.771,1.03,0.188,0.687,0.18
1.8,2L2-1/2X2-1/2X3/16X3/8,2L2-1/2X2-1/2X3/16X3/8,0.847,1.07,2.46,0.59,0.915,F,2L,6.14,1.06,1.58,2.5,13.3,2.5,1.52,0.771,1.17,0.188,0.687,0.18
2.38,2L2-1/2X2-1/2X1/4X3/4,2L2-1/2X2-1/2X1/4X3/4,0.872,1.38,4.21,0.774,1.46,F,2L,8.2,1.39,2.58,2.5,10,2.5,1.64,0.764,1.33,0.25,0.711,0.238
1.8,2L2-1/2X2-1/2X3/16X3/4,2L2-1/2X2-1/2X3/16X3/4,0.868,1.07,3.09,0.59,1.07,F,2L,6.14,1.06,1.91,2.5,13.3,2.5,1.63,0.771,1.31,0.188,0.687,0.18
2.74,2L2X2X3/8,2L2X2X3/8,0.847,0.952,2.05,0.696,1.02,F,2L,9.4,1.26,1.73,2,5.33,2,1.14,0.591,0.865,0.375,0.632,0.343
2.74,2L2X2X3/8X3/8,2L2X2X3/8X3/8,0.874,0.952,2.8,0.696,1.28,F,2L,9.4,1.26,2.25,2,5.33,2,1.25,0.591,1.01,0.375,0.632,0.343
2.74,2L2X2X3/8X3/4,2L2X2X3/8X3/4,0.897,0.952,3.75,0.696,1.58,F,2L,9.4,1.26,2.76,2,5.33,2,1.38,0.591,1.17,0.375,0.632,0.343
2.32,2L2X2X5/16,2L2X2X5/16,0.841,0.828,1.69,0.596,0.845,F,2L,7.84,1.07,1.41,2,6.39,2,1.14,0.598,0.853,0.313,0.609,0.29
2.32,2L2X2X5/16X3/8,2L2X2X5/16X3/8,0.868,0.828,2.3,0.596,1.05,F,2L,7.84,1.07,1.85,2,6.39,2,1.25,0.598,0.996,0.313,0.609,0.29
2.32,2L2X2X5/16X3/4,2L2X2X5/16X3/4,0.891,0.828,3.07,0.596,1.29,F,2L,7.84,1.07,2.28,2,6.39,2,1.37,0.598,1.15,0.313,0.609,0.29
1.89,2L2X2X1/4,2L2X2X1/4,0.835,0.692,1.34,0.488,0.67,F,2L,6.38,0.88,1.11,2,8,2,1.13,0.605,0.842,0.25,0.586,0.236
1.89,2L2X2X1/4X3/8,2L2X2X1/4X3/8,0.862,0.692,1.82,0.488,0.832,F,2L,6.38,0.88,1.46,2,8,2,1.24,0.605,0.982,0.25,0.586,0.236
1.44,2L2X2X3/16,2L2X2X3/16,0.83,0.542,0.994,0.376,0.497,F,2L,4.88,0.676,0.81,2,10.6,2,1.13,0.612,0.831,0.188,0.561,0.181
1.89,2L2X2X1/4X3/4,2L2X2X1/4X3/4,0.886,0.692,2.46,0.488,1.04,F,2L,6.38,0.88,1.81,2,8,2,1.37,0.605,1.14,0.25,0.586,0.236
1.44,2L2X2X3/16X3/8,2L2X2X3/16X3/8,0.857,0.542,1.35,0.376,0.617,F,2L,4.88,0.676,1.08,2,10.6,2,1.24,0.612,0.967,0.188,0.561,0.181
1.44,2L2X2X3/16X3/4,2L2X2X3/16X3/4,0.882,0.542,1.81,0.376,0.762,F,2L,4.88,0.676,1.35,2,10.6,2,1.36,0.612,1.12,0.188,0.561,0.181
0.982,2L2X2X1/8,2L2X2X1/8,0.826,0.378,0.657,0.258,0.328,F,2L,3.3,0.46,0.524,2,16,2,1.13,0.62,0.818,0.125,0.534,0.123
0.982,2L2X2X1/8X3/8,2L2X2X1/8X3/8,0.853,0.378,0.888,0.258,0.406,F,2L,3.3,0.46,0.709,2,16,2,1.23,0.62,0.951,0.125,0.534,0.123
0.982,2L2X2X1/8X3/4,2L2X2X1/8X3/4,0.877,0.378,1.19,0.258,0.501,F,2L,3.3,0.46,0.893,2,16,2,1.35,0.62,1.1,0.125,0.534,0.123
26.2,2L8X6X1LLBB,2L8X6X1LLBB,0.721,162,150,30.2,25,F,2L,88.4,54.6,43.2,6,8,8,4.06,2.49,2.39,1,2.65,1.45
26.2,2L8X6X1X3/8LLBB,2L8X6X1X3/8LLBB,0.732,162,166,30.2,26.8,F,2L,88.4,54.6,48.1,6,8,8,4.14,2.49,2.52,1,2.65,1.45
26.2,2L8X6X1X3/4LLBB,2L8X6X1X3/4LLBB,0.742,162,185,30.2,29,F,2L,88.4,54.6,53.1,6,8,8,4.23,2.49,2.66,1,2.65,1.45
23,2L8X6X7/8LLBB,2L8X6X7/8LLBB,0.718,145,129,26.8,21.5,F,2L,78.2,48.6,36.8,6,9.14,8,4.07,2.5,2.37,0.875,2.6,1.43
23,2L8X6X7/8X3/8LLBB,2L8X6X7/8X3/8LLBB,0.728,145,144,26.8,23.3,F,2L,78.2,48.6,41.1,6,9.14,8,4.14,2.5,2.5,0.875,2.6,1.43
23,2L8X6X7/8X3/4LLBB,2L8X6X7/8X3/4LLBB,0.739,145,159,26.8,24.9,F,2L,78.2,48.6,45.4,6,9.14,8,4.23,2.5,2.63,0.875,2.6,1.43
20,2L8X6X3/4LLBB,2L8X6X3/4LLBB,0.714,127,110,23.4,18.3,F,2L,67.6,42.2,31.2,6,10.7,8,4.07,2.52,2.35,0.75,2.55,1.34
20,2L8X6X3/4X3/8LLBB,2L8X6X3/4X3/8LLBB,0.725,127,122,23.4,19.7,F,2L,67.6,42.2,34.9,6,10.7,8,4.15,2.52,2.47,0.75,2.55,1.34
20,2L8X6X3/4X3/4LLBB,2L8X6X3/4X3/4LLBB,0.735,127,136,23.4,21.3,F,2L,67.6,42.2,38.7,6,10.7,8,4.23,2.52,2.61,0.75,2.55,1.34
16.8,2L8X6X5/8X3/8LLBB,2L8X6X5/8X3/8LLBB,0.722,108,101,19.7,16.3,F,2L,57,35.8,28.6,6,12.8,8,4.16,2.54,2.45,0.625,2.5,1.27
16.8,2L8X6X5/8LLBB,2L8X6X5/8LLBB,0.712,108,91.2,19.7,15.2,F,2L,57,35.8,25.4,6,12.8,8,4.08,2.54,2.33,0.625,2.5,1.27
16.8,2L8X6X5/8X3/4LLBB,2L8X6X5/8X3/4LLBB,0.732,108,113,19.7,17.7,F,2L,57,35.8,31.7,6,12.8,8,4.24,2.54,2.59,0.625,2.5,1.27
15.2,2L8X6X9/16LLBB,2L8X6X9/16LLBB,0.71,98.8,81.8,17.9,13.6,F,2L,51.4,32.4,22.7,6,14.2,8,4.09,2.55,2.32,0.563,2.48,1.24
15.2,2L8X6X9/16X3/8LLBB,2L8X6X9/16X3/8LLBB,0.72,98.8,90.5,17.9,14.6,F,2L,51.4,32.4,25.5,6,14.2,8,4.16,2.55,2.44,0.563,2.48,1.24
15.2,2L8X6X9/16X3/4LLBB,2L8X6X9/16X3/4LLBB,0.731,98.8,101,17.9,15.8,F,2L,51.4,32.4,28.4,6,14.2,8,4.24,2.55,2.58,0.563,2.48,1.24
13.6,2L8X6X1/2LLBB,2L8X6X1/2LLBB,0.709,88.8,72.6,16,12.1,F,2L,46,29.2,19.9,6,16,8,4.09,2.55,2.31,0.5,2.46,1.2
13.6,2L8X6X1/2X3/8LLBB,2L8X6X1/2X3/8LLBB,0.719,88.8,80.3,16,13,F,2L,46,29.2,22.4,6,16,8,4.16,2.55,2.43,0.5,2.46,1.2
13.6,2L8X6X1/2X3/4LLBB,2L8X6X1/2X3/4LLBB,0.729,88.8,89.1,16,14,F,2L,46,29.2,25,6,16,8,4.24,2.55,2.56,0.5,2.46,1.2
12,2L8X6X7/16X3/8LLBB,2L8X6X7/16X3/8LLBB,0.718,78.6,70.3,14.1,11.4,F,2L,40.4,25.8,19.5,6,18.3,8,4.16,2.56,2.42,0.438,2.43,1.15
12,2L8X6X7/16LLBB,2L8X6X7/16LLBB,0.708,78.6,63.5,14.1,10.6,F,2L,40.4,25.8,17.3,6,18.3,8,4.09,2.56,2.3,0.438,2.43,1.15
12,2L8X6X7/16X3/4LLBB,2L8X6X7/16X3/4LLBB,0.728,78.6,78,14.1,12.2,F,2L,40.4,25.8,21.7,6,18.3,8,4.24,2.56,2.55,0.438,2.43,1.15
22.2,2L8X4X1X3/8LLBB,2L8X4X1X3/8LLBB,0.58,139,56.8,28,13.6,F,2L,74.8,48.6,27.3,4,8,8,3.91,2.51,1.6,1,3.03,2.45
22.2,2L8X4X1LLBB,2L8X4X1LLBB,0.568,139,47.3,28,11.8,F,2L,74.8,48.6,23.1,4,8,8,3.86,2.51,1.46,1,3.03,2.45
22.2,2L8X4X1X3/4LLBB,2L8X4X1X3/4LLBB,0.594,139,68,28,15.5,F,2L,74.8,48.6,31.4,4,8,8,3.97,2.51,1.75,1,3.03,2.45
19.6,2L8X4X7/8LLBB,2L8X4X7/8LLBB,0.566,125,40.6,25,10.2,F,2L,66.2,43.4,19.5,4,9.14,8,3.87,2.53,1.44,0.875,2.99,2.41
19.6,2L8X4X7/8X3/8LLBB,2L8X4X7/8X3/8LLBB,0.577,125,48.3,25,11.5,F,2L,66.2,43.4,23.2,4,9.14,8,3.92,2.53,1.57,0.875,2.99,2.41
17,2L8X4X3/4LLBB,2L8X4X3/4LLBB,0.564,110,34.3,21.8,8.57,F,2L,57.4,37.8,16.1,4,10.7,8,3.88,2.55,1.42,0.75,2.94,2.34
19.6,2L8X4X7/8X3/4LLBB,2L8X4X7/8X3/4LLBB,0.59,125,58,25,13.3,F,2L,66.2,43.4,26.9,4,9.14,8,3.98,2.53,1.72,0.875,2.99,2.41
17,2L8X4X3/4X3/8LLBB,2L8X4X3/4X3/8LLBB,0.575,110,40.8,21.8,9.74,F,2L,57.4,37.8,19.3,4,10.7,8,3.93,2.55,1.55,0.75,2.94,2.34
17,2L8X4X3/4X3/4LLBB,2L8X4X3/4X3/4LLBB,0.587,110,48.6,21.8,11.1,F,2L,57.4,37.8,22.5,4,10.7,8,3.99,2.55,1.69,0.75,2.94,2.34
14.3,2L8X4X5/8LLBB,2L8X4X5/8LLBB,0.562,94,27.6,18.4,6.9,F,2L,48.4,32.2,12.9,4,12.8,8,3.89,2.56,1.39,0.625,2.89,2.27
14.3,2L8X4X5/8X3/8LLBB,2L8X4X5/8X3/8LLBB,0.573,94,33,18.4,7.88,F,2L,48.4,32.2,15.6,4,12.8,8,3.94,2.56,1.52,0.625,2.89,2.27
14.3,2L8X4X5/8X3/4LLBB,2L8X4X5/8X3/4LLBB,0.585,94,39.4,18.4,9.01,F,2L,48.4,32.2,18.3,4,12.8,8,3.99,2.56,1.66,0.625,2.89,2.27
13,2L8X4X9/16LLBB,2L8X4X9/16LLBB,0.562,85.8,24.8,16.7,6.2,F,2L,43.8,29.2,11.4,4,14.2,8,3.9,2.57,1.38,0.563,2.86,2.23
13,2L8X4X9/16X3/8LLBB,2L8X4X9/16X3/8LLBB,0.572,85.8,29.6,16.7,7.07,F,2L,43.8,29.2,13.8,4,14.2,8,3.94,2.57,1.51,0.563,2.86,2.23
13,2L8X4X9/16X3/4LLBB,2L8X4X9/16X3/4LLBB,0.584,85.8,35.4,16.7,8.09,F,2L,43.8,29.2,16.3,4,14.2,8,4,2.57,1.65,0.563,2.86,2.23
11.6,2L8X4X1/2LLBB,2L8X4X1/2LLBB,0.561,77.2,22.1,15,5.52,F,2L,39.2,26.2,9.91,4,16,8,3.9,2.58,1.38,0.5,2.84,2.2
11.6,2L8X4X1/2X3/8LLBB,2L8X4X1/2X3/8LLBB,0.571,77.2,26.1,15,6.23,F,2L,39.2,26.2,12.1,4,16,8,3.95,2.58,1.5,0.5,2.84,2.2
11.6,2L8X4X1/2X3/4LLBB,2L8X4X1/2X3/4LLBB,0.583,77.2,30.8,15,7.04,F,2L,39.2,26.2,14.3,4,16,8,4,2.58,1.63,0.5,2.84,2.2
10.2,2L8X4X7/16LLBB,2L8X4X7/16LLBB,0.561,68.4,19.1,13.2,4.78,F,2L,34.4,23.2,8.47,4,18.3,8,3.91,2.59,1.37,0.438,2.81,2.16
10.2,2L8X4X7/16X3/8LLBB,2L8X4X7/16X3/8LLBB,0.571,68.4,22.6,13.2,5.4,F,2L,34.4,23.2,10.4,4,18.3,8,3.95,2.59,1.49,0.438,2.81,2.16
10.2,2L8X4X7/16X3/4LLBB,2L8X4X7/16X3/4LLBB,0.582,68.4,26.8,13.2,6.13,F,2L,34.4,23.2,12.3,4,18.3,8,4,2.59,1.62,0.438,2.81,2.16
15.5,2L7X4X3/4LLBB,2L7X4X3/4LLBB,0.611,75.6,34,16.8,8.5,F,2L,52.4,29.6,15.5,4,9.33,7,3.41,2.21,1.48,0.75,2.5,1.84
15.5,2L7X4X3/4X3/8LLBB,2L7X4X3/4X3/8LLBB,0.624,75.6,40.2,16.8,9.6,F,2L,52.4,29.6,18.4,4,9.33,7,3.47,2.21,1.61,0.75,2.5,1.84
13,2L7X4X5/8LLBB,2L7X4X5/8LLBB,0.608,64.8,27.3,14.2,6.82,F,2L,44.2,25,12.5,4,11.2,7,3.42,2.23,1.45,0.625,2.45,1.8
15.5,2L7X4X3/4X3/4LLBB,2L7X4X3/4X3/4LLBB,0.639,75.6,47.5,16.8,10.9,F,2L,52.4,29.6,21.3,4,9.33,7,3.53,2.21,1.75,0.75,2.5,1.84
13,2L7X4X5/8X3/8LLBB,2L7X4X5/8X3/8LLBB,0.621,64.8,32.5,14.2,7.76,F,2L,44.2,25,14.9,4,11.2,7,3.47,2.23,1.58,0.625,2.45,1.8
13,2L7X4X5/8X3/4LLBB,2L7X4X5/8X3/4LLBB,0.635,64.8,38.9,14.2,8.89,F,2L,44.2,25,17.3,4,11.2,7,3.54,2.23,1.73,0.625,2.45,1.8
10.5,2L7X4X1/2LLBB,2L7X4X1/2LLBB,0.606,53.2,21.8,11.6,5.45,F,2L,35.8,20.4,9.57,4,14,7,3.43,2.25,1.44,0.5,2.4,1.74
10.5,2L7X4X1/2X3/8LLBB,2L7X4X1/2X3/8LLBB,0.618,53.2,25.6,11.6,6.11,F,2L,35.8,20.4,11.5,4,14,7,3.48,2.25,1.56,0.5,2.4,1.74
10.5,2L7X4X1/2X3/4LLBB,2L7X4X1/2X3/4LLBB,0.632,53.2,30.3,11.6,6.93,F,2L,35.8,20.4,13.5,4,14,7,3.55,2.25,1.7,0.5,2.4,1.74
9.26,2L7X4X7/16LLBB,2L7X4X7/16LLBB,0.605,47.2,18.9,10.2,4.72,F,2L,31.4,18.1,8.2,4,16,7,3.43,2.26,1.43,0.438,2.38,1.71
9.26,2L7X4X7/16X3/8LLBB,2L7X4X7/16X3/8LLBB,0.617,47.2,22.2,10.2,5.3,F,2L,31.4,18.1,9.94,4,16,7,3.49,2.26,1.55,0.438,2.38,1.71
9.26,2L7X4X7/16X3/4LLBB,2L7X4X7/16X3/4LLBB,0.63,47.2,26.1,10.2,5.97,F,2L,31.4,18.1,11.7,4,16,7,3.55,2.26,1.68,0.438,2.38,1.71
8,2L7X4X3/8LLBB,2L7X4X3/8LLBB,0.605,41,16.1,8.84,4.03,F,2L,27.2,15.6,6.89,4,18.7,7,3.44,2.27,1.42,0.375,2.35,1.67
8,2L7X4X3/8X3/8LLBB,2L7X4X3/8X3/8LLBB,0.616,41,19,8.84,4.54,F,2L,27.2,15.6,8.39,4,18.7,7,3.49,2.27,1.54,0.375,2.35,1.67
16,2L6X4X7/8LLBB,2L6X4X7/8LLBB,0.678,55.4,39.4,14.3,9.85,F,2L,54.4,25.4,17.9,4,6.86,6,2.96,1.86,1.57,0.875,2.12,1.43
8,2L7X4X3/8X3/4LLBB,2L7X4X3/8X3/4LLBB,0.629,41,22.3,8.84,5.1,F,2L,27.2,15.6,9.89,4,18.7,7,3.55,2.27,1.67,0.375,2.35,1.67
16,2L6X4X7/8X3/8LLBB,2L6X4X7/8X3/8LLBB,0.694,55.4,46.8,14.3,11.2,F,2L,54.4,25.4,20.9,4,6.86,6,3.04,1.86,1.71,0.875,2.12,1.43
16,2L6X4X7/8X3/4LLBB,2L6X4X7/8X3/4LLBB,0.71,55.4,55.4,14.3,12.7,F,2L,54.4,25.4,23.9,4,6.86,6,3.12,1.86,1.86,0.875,2.12,1.43
13.9,2L6X4X3/4LLBB,2L6X4X3/4LLBB,0.673,49,33.4,12.5,8.35,F,2L,47.2,22.2,14.9,4,8,6,2.97,1.88,1.55,0.75,2.07,1.37
13.9,2L6X4X3/4X3/8LLBB,2L6X4X3/4X3/8LLBB,0.688,49,39.2,12.5,9.36,F,2L,47.2,22.2,17.5,4,8,6,3.04,1.88,1.68,0.75,2.07,1.37
13.9,2L6X4X3/4X3/4LLBB,2L6X4X3/4X3/4LLBB,0.705,49,46.5,12.5,10.6,F,2L,47.2,22.2,20.1,4,8,6,3.12,1.88,1.83,0.75,2.07,1.37
11.7,2L6X4X5/8LLBB,2L6X4X5/8LLBB,0.669,42,27.4,10.6,6.85,F,2L,40,18.9,12.1,4,9.6,6,2.98,1.89,1.53,0.625,2.03,1.31
11.7,2L6X4X5/8X3/8LLBB,2L6X4X5/8X3/8LLBB,0.684,42,32.2,10.6,7.69,F,2L,40,18.9,14.3,4,9.6,6,3.05,1.89,1.66,0.625,2.03,1.31
11.7,2L6X4X5/8X3/4LLBB,2L6X4X5/8X3/4LLBB,0.7,42,37.9,10.6,8.66,F,2L,40,18.9,16.5,4,9.6,6,3.13,1.89,1.8,0.625,2.03,1.31
10.6,2L6X4X9/16X3/8LLBB,2L6X4X9/16X3/8LLBB,0.682,38.4,28.9,9.62,6.9,F,2L,36.2,17.2,12.6,4,10.7,6,3.05,1.9,1.65,0.563,2,1.28
10.6,2L6X4X9/16LLBB,2L6X4X9/16LLBB,0.667,38.4,24.5,9.62,6.12,F,2L,36.2,17.2,10.6,4,10.7,6,2.98,1.9,1.52,0.563,2,1.28
9.5,2L6X4X1/2LLBB,2L6X4X1/2LLBB,0.665,34.6,21.7,8.62,5.42,F,2L,32.4,15.4,9.32,4,12,6,2.99,1.91,1.51,0.5,1.98,1.25
9.5,2L6X4X1/2X3/4LLBB,2L6X4X1/2X3/4LLBB,0.695,34.6,29.8,8.62,6.81,F,2L,32.4,15.4,12.9,4,12,6,3.13,1.91,1.77,0.5,1.98,1.25
9.5,2L6X4X1/2X3/8LLBB,2L6X4X1/2X3/8LLBB,0.679,34.6,25.6,8.62,6.11,F,2L,32.4,15.4,11.1,4,12,6,3.05,1.91,1.64,0.5,1.98,1.25
10.6,2L6X4X9/16X3/4LLBB,2L6X4X9/16X3/4LLBB,0.697,38.4,34,9.62,7.77,F,2L,36.2,17.2,14.6,4,10.7,6,3.13,1.9,1.79,0.563,2,1.28
8.36,2L6X4X7/16X3/8LLBB,2L6X4X7/16X3/8LLBB,0.678,30.8,21.9,7.62,5.23,F,2L,28.6,13.6,9.57,4,13.7,6,3.06,1.92,1.62,0.438,1.95,1.22
8.36,2L6X4X7/16LLBB,2L6X4X7/16LLBB,0.663,30.8,18.8,7.62,4.7,F,2L,28.6,13.6,8,4,13.7,6,2.99,1.92,1.5,0.438,1.95,1.22
7.22,2L6X4X3/8LLBB,2L6X4X3/8LLBB,0.662,26.8,16,6.6,4,F,2L,24.6,11.8,6.74,4,16,6,2.99,1.93,1.49,0.375,1.93,1.19
8.36,2L6X4X7/16X3/4LLBB,2L6X4X7/16X3/4LLBB,0.693,30.8,25.9,7.62,5.92,F,2L,28.6,13.6,11.1,4,13.7,6,3.13,1.92,1.76,0.438,1.95,1.22
6.06,2L6X4X5/16X3/4LLBB,2L6X4X5/16X3/4LLBB,0.689,22.8,18.3,5.54,4.18,F,2L,20.6,9.92,7.77,4,19.2,6,3.13,1.94,1.74,0.313,1.9,1.15
9,2L6X3-1/2X1/2LLBB,2L6X3-1/2X1/2LLBB,0.615,33.2,14.5,8.46,4.14,F,2L,30.6,15,7.46,3.5,12,6,2.94,1.92,1.27,0.5,2.07,1.5
6.06,2L6X4X5/16X3/8LLBB,2L6X4X5/16X3/8LLBB,0.674,22.8,15.5,5.54,3.7,F,2L,20.6,9.92,6.64,4,19.2,6,3.06,1.94,1.6,0.313,1.9,1.15
7.22,2L6X4X3/8X3/4LLBB,2L6X4X3/8X3/4LLBB,0.691,26.8,22.1,6.6,5.05,F,2L,24.6,11.8,9.44,4,16,6,3.13,1.93,1.75,0.375,1.93,1.19
6.06,2L6X4X5/16LLBB,2L6X4X5/16LLBB,0.661,22.8,13.3,5.54,3.32,F,2L,20.6,9.92,5.5,4,19.2,6,3,1.94,1.48,0.313,1.9,1.15
7.22,2L6X4X3/8X3/8LLBB,2L6X4X3/8X3/8LLBB,0.676,26.8,18.7,6.6,4.47,F,2L,24.6,11.8,8.09,4,16,6,3.06,1.93,1.61,0.375,1.93,1.19
9,2L6X3-1/2X1/2X3/8LLBB,2L6X3-1/2X1/2X3/8LLBB,0.63,33.2,17.6,8.46,4.77,F,2L,30.6,15,9.15,3.5,12,6,2.99,1.92,1.4,0.5,2.07,1.5
9,2L6X3-1/2X1/2X3/4LLBB,2L6X3-1/2X1/2X3/4LLBB,0.646,33.2,21.3,8.46,5.5,F,2L,30.6,15,10.8,3.5,12,6,3.06,1.92,1.54,0.5,2.07,1.5
6.88,2L6X3-1/2X3/8LLBB,2L6X3-1/2X3/8LLBB,0.613,25.8,10.9,6.46,3.11,F,2L,23.4,11.5,5.37,3.5,16,6,2.95,1.93,1.26,0.375,2.02,1.41
5.78,2L6X3-1/2X5/16LLBB,2L6X3-1/2X5/16LLBB,0.612,21.8,9.03,5.44,2.58,F,2L,19.6,9.68,4.37,3.5,19.2,6,2.95,1.94,1.25,0.313,2,1.38
6.88,2L6X3-1/2X3/8X3/8LLBB,2L6X3-1/2X3/8X3/8LLBB,0.627,25.8,13.1,6.46,3.55,F,2L,23.4,11.5,6.66,3.5,16,6,3,1.93,1.38,0.375,2.02,1.41
6.88,2L6X3-1/2X3/8X3/4LLBB,2L6X3-1/2X3/8X3/4LLBB,0.642,25.8,15.9,6.46,4.1,F,2L,23.4,11.5,7.95,3.5,16,6,3.07,1.93,1.52,0.375,2.02,1.41
11.7,2L5X3-1/2X3/4X3/4LLBB,2L5X3-1/2X3/4X3/4LLBB,0.736,27.8,33,8.52,8.52,F,2L,39.6,15.2,16,3.5,6.67,5,2.66,1.55,1.68,0.75,1.74,1.1
6.1,2L5X3-1/2X3/8X3/8LLBB,2L5X3-1/2X3/8X3/8LLBB,0.7,15.5,13,4.56,3.53,F,2L,20.8,8.18,6.35,3.5,13.3,5,2.58,1.59,1.46,0.375,1.6,0.933
9.86,2L5X3-1/2X5/8LLBB,2L5X3-1/2X5/8LLBB,0.693,24,18.5,7.26,5.29,F,2L,33.6,13,9.34,3.5,8,5,2.49,1.56,1.37,0.625,1.69,1.06
9.86,2L5X3-1/2X5/8X3/4LLBB,2L5X3-1/2X5/8X3/4LLBB,0.73,24,26.8,7.26,6.92,F,2L,33.6,13,13,3.5,8,5,2.66,1.56,1.65,0.625,1.69,1.06
6.1,2L5X3-1/2X3/8X3/4LLBB,2L5X3-1/2X3/8X3/4LLBB,0.718,15.5,15.4,4.56,3.97,F,2L,20.8,8.18,7.5,3.5,13.3,5,2.66,1.59,1.59,0.375,1.6,0.933
5.12,2L5X3-1/2X5/16LLBB,2L5X3-1/2X5/16LLBB,0.682,13.2,8.92,3.84,2.55,F,2L,17.4,6.9,4.24,3.5,16,5,2.51,1.6,1.32,0.313,1.57,0.904
8,2L5X3-1/2X1/2X3/4LLBB,2L5X3-1/2X1/2X3/4LLBB,0.724,20,21,5.94,5.42,F,2L,27.2,10.7,10.2,3.5,10,5,2.66,1.58,1.62,0.5,1.65,1
9.86,2L5X3-1/2X5/8X3/8LLBB,2L5X3-1/2X5/8X3/8LLBB,0.711,24,22.2,7.26,6.02,F,2L,33.6,13,11.2,3.5,8,5,2.57,1.56,1.5,0.625,1.69,1.06
5.12,2L5X3-1/2X5/16X3/8LLBB,2L5X3-1/2X5/16X3/8LLBB,0.698,13.2,10.6,3.84,2.87,F,2L,17.4,6.9,5.2,3.5,16,5,2.58,1.6,1.44,0.313,1.57,0.904
5.78,2L6X3-1/2X5/16X3/4LLBB,2L6X3-1/2X5/16X3/4LLBB,0.641,21.8,13,5.44,3.35,F,2L,19.6,9.68,6.54,3.5,19.2,6,3.07,1.94,1.5,0.313,2,1.38
6.1,2L5X3-1/2X3/8LLBB,2L5X3-1/2X3/8LLBB,0.683,15.5,10.8,4.56,3.09,F,2L,20.8,8.18,5.21,3.5,13.3,5,2.51,1.59,1.33,0.375,1.6,0.933
11.7,2L5X3-1/2X3/4LLBB,2L5X3-1/2X3/4LLBB,0.699,27.8,22.6,8.52,6.46,F,2L,39.6,15.2,11.6,3.5,6.67,5,2.49,1.55,1.39,0.75,1.74,1.1
8,2L5X3-1/2X1/2LLBB,2L5X3-1/2X1/2LLBB,0.688,20,14.6,5.94,4.17,F,2L,27.2,10.7,7.21,3.5,10,5,2.5,1.58,1.35,0.5,1.65,1
5.78,2L6X3-1/2X5/16X3/8LLBB,2L6X3-1/2X5/16X3/8LLBB,0.625,21.8,10.8,5.44,2.93,F,2L,19.6,9.68,5.45,3.5,19.2,6,3,1.94,1.37,0.313,2,1.38
11.7,2L5X3-1/2X3/4X3/8LLBB,2L5X3-1/2X3/4X3/8LLBB,0.717,27.8,27.4,8.52,7.43,F,2L,39.6,15.2,13.8,3.5,6.67,5,2.57,1.55,1.53,0.75,1.74,1.1
5.12,2L5X3-1/2X5/16X3/4LLBB,2L5X3-1/2X5/16X3/4LLBB,0.716,13.2,12.8,3.84,3.3,F,2L,17.4,6.9,6.16,3.5,16,5,2.66,1.6,1.58,0.313,1.57,0.904
4.14,2L5X3-1/2X1/4LLBB,2L5X3-1/2X1/4LLBB,0.68,10.7,7.1,3.1,2.03,F,2L,14,5.56,3.33,3.5,20,5,2.52,1.61,1.31,0.25,1.55,0.86
4.14,2L5X3-1/2X1/4X3/8LLBB,2L5X3-1/2X1/4X3/8LLBB,0.696,10.7,8.47,3.1,2.3,F,2L,14,5.56,4.1,3.5,20,5,2.58,1.61,1.43,0.25,1.55,0.86
8,2L5X3-1/2X1/2X3/8LLBB,2L5X3-1/2X1/2X3/8LLBB,0.705,20,17.5,5.94,4.75,F,2L,27.2,10.7,8.71,3.5,10,5,2.58,1.58,1.48,0.5,1.65,1
4.14,2L5X3-1/2X1/4X3/4LLBB,2L5X3-1/2X1/4X3/4LLBB,0.714,10.7,10.2,3.1,2.63,F,2L,14,5.56,4.88,3.5,20,5,2.66,1.61,1.57,0.25,1.55,0.86
7.5,2L5X3X1/2LLBB,2L5X3X1/2LLBB,0.628,18.9,9.24,5.78,3.08,F,2L,25.6,10.2,5.6,3,10,5,2.44,1.58,1.11,0.5,1.74,1.25
7.5,2L5X3X1/2X3/8LLBB,2L5X3X1/2X3/8LLBB,0.646,18.9,11.5,5.78,3.61,F,2L,25.6,10.2,7,3,10,5,2.51,1.58,1.24,0.5,1.74,1.25
7.5,2L5X3X1/2X3/4LLBB,2L5X3X1/2X3/4LLBB,0.667,18.9,14.5,5.78,4.3,F,2L,25.6,10.2,8.41,3,10,5,2.58,1.58,1.39,0.5,1.74,1.25
6.62,2L5X3X7/16LLBB,2L5X3X7/16LLBB,0.626,16.8,8.01,5.12,2.67,F,2L,22.6,9.06,4.78,3,11.4,5,2.45,1.59,1.1,0.438,1.72,1.22
6.62,2L5X3X7/16X3/8LLBB,2L5X3X7/16X3/8LLBB,0.644,16.8,10,5.12,3.14,F,2L,22.6,9.06,6.02,3,11.4,5,2.51,1.59,1.23,0.438,1.72,1.22
5.72,2L5X3X3/8LLBB,2L5X3X3/8LLBB,0.624,14.7,6.8,4.44,2.27,F,2L,19.6,7.86,3.99,3,13.3,5,2.45,1.6,1.09,0.375,1.69,1.19
6.62,2L5X3X7/16X3/4LLBB,2L5X3X7/16X3/4LLBB,0.664,16.8,12.6,5.12,3.73,F,2L,22.6,9.06,7.26,3,11.4,5,2.58,1.59,1.38,0.438,1.72,1.22
5.72,2L5X3X3/8X3/4LLBB,2L5X3X3/8X3/4LLBB,0.661,14.7,10.6,4.44,3.14,F,2L,19.6,7.86,6.14,3,13.3,5,2.59,1.6,1.36,0.375,1.69,1.19
5.72,2L5X3X3/8X3/8LLBB,2L5X3X3/8X3/8LLBB,0.642,14.7,8.51,4.44,2.67,F,2L,19.6,7.86,5.07,3,13.3,5,2.51,1.6,1.22,0.375,1.69,1.19
4.82,2L5X3X5/16X3/4LLBB,2L5X3X5/16X3/4LLBB,0.659,12.5,8.78,3.74,2.6,F,2L,16.4,6.64,5.05,3,16,5,2.59,1.61,1.35,0.313,1.67,1.14
3.88,2L5X3X1/4X3/8LLBB,2L5X3X1/4X3/8LLBB,0.638,10.2,5.49,3.02,1.72,F,2L,13.2,5.36,3.24,3,20,5,2.52,1.62,1.19,0.25,1.64,1.12
4.82,2L5X3X5/16X3/8LLBB,2L5X3X5/16X3/8LLBB,0.64,12.5,7.06,3.74,2.21,F,2L,16.4,6.64,4.15,3,16,5,2.52,1.61,1.21,0.313,1.67,1.14
3.88,2L5X3X1/4LLBB,2L5X3X1/4LLBB,0.622,10.2,4.44,3.02,1.48,F,2L,13.2,5.36,2.51,3,20,5,2.46,1.62,1.07,0.25,1.64,1.12
4.82,2L5X3X5/16LLBB,2L5X3X5/16LLBB,0.623,12.5,5.62,3.74,1.87,F,2L,16.4,6.64,3.24,3,16,5,2.46,1.61,1.08,0.313,1.67,1.14
3.88,2L5X3X1/4X3/4LLBB,2L5X3X1/4X3/4LLBB,0.657,10.2,6.86,3.02,2.03,F,2L,13.2,5.36,3.97,3,20,5,2.59,1.62,1.33,0.25,1.64,1.12
7,2L4X3-1/2X1/2LLBB,2L4X3-1/2X1/2LLBB,0.784,10.6,14.5,3.84,4.14,F,2L,23.8,6.92,6.96,3.5,8,4,2.14,1.23,1.44,0.5,1.24,0.5
7,2L4X3-1/2X1/2X3/8LLBB,2L4X3-1/2X1/2X3/8LLBB,0.802,10.6,17.3,3.84,4.69,F,2L,23.8,6.92,8.27,3.5,8,4,2.23,1.23,1.57,0.5,1.24,0.5
7,2L4X3-1/2X1/2X3/4LLBB,2L4X3-1/2X1/2X3/4LLBB,0.819,10.6,20.7,3.84,5.34,F,2L,23.8,6.92,9.58,3.5,8,4,2.33,1.23,1.72,0.5,1.24,0.5
5.36,2L4X3-1/2X3/8LLBB,2L4X3-1/2X3/8LLBB,0.778,8.3,10.8,2.96,3.09,F,2L,18.2,5.32,5.08,3.5,10.7,4,2.14,1.25,1.42,0.375,1.2,0.427
5.36,2L4X3-1/2X3/8X3/8LLBB,2L4X3-1/2X3/8X3/8LLBB,0.795,8.3,12.9,2.96,3.5,F,2L,18.2,5.32,6.08,3.5,10.7,4,2.23,1.25,1.55,0.375,1.2,0.427
4.5,2L4X3-1/2X5/16LLBB,2L4X3-1/2X5/16LLBB,0.775,7.06,8.82,2.5,2.52,F,2L,15.4,4.48,4.15,3.5,12.8,4,2.14,1.25,1.4,0.313,1.17,0.4
4.5,2L4X3-1/2X5/16X3/4LLBB,2L4X3-1/2X5/16X3/4LLBB,0.81,7.06,12.7,2.5,3.28,F,2L,15.4,4.48,5.84,3.5,12.8,4,2.33,1.25,1.68,0.313,1.17,0.4
4.5,2L4X3-1/2X5/16X3/8LLBB,2L4X3-1/2X5/16X3/8LLBB,0.792,7.06,10.5,2.5,2.85,F,2L,15.4,4.48,5,3.5,12.8,4,2.23,1.25,1.53,0.313,1.17,0.4
3.64,2L4X3-1/2X1/4LLBB,2L4X3-1/2X1/4LLBB,0.773,5.78,7.03,2.02,2.01,F,2L,12.4,3.62,3.27,3.5,16,4,2.14,1.26,1.39,0.25,1.14,0.36
3.64,2L4X3-1/2X1/4X3/8LLBB,2L4X3-1/2X1/4X3/8LLBB,0.79,5.78,8.41,2.02,2.28,F,2L,12.4,3.62,3.95,3.5,16,4,2.22,1.26,1.52,0.25,1.14,0.36
3.64,2L4X3-1/2X1/4X3/4LLBB,2L4X3-1/2X1/4X3/4LLBB,0.807,5.78,10,2.02,2.58,F,2L,12.4,3.62,4.63,3.5,16,4,2.32,1.26,1.66,0.25,1.14,0.36
5.36,2L4X3-1/2X3/8X3/4LLBB,2L4X3-1/2X3/8X3/4LLBB,0.813,8.3,15.3,2.96,3.95,F,2L,18.2,5.32,7.09,3.5,10.7,4,2.33,1.25,1.69,0.375,1.2,0.427
7.98,2L4X3X5/8X3/8LLBB,2L4X3X5/8X3/8LLBB,0.75,12,14.5,4.56,4.55,F,2L,27.2,8.16,8.41,3,6.4,4,2.11,1.23,1.35,0.625,1.37,0.808
7.98,2L4X3X5/8LLBB,2L4X3X5/8LLBB,0.728,12,11.7,4.56,3.9,F,2L,27.2,8.16,6.92,3,6.4,4,2.02,1.23,1.21,0.625,1.37,0.808
7.98,2L4X3X5/8X3/4LLBB,2L4X3X5/8X3/4LLBB,0.773,12,18,4.56,5.33,F,2L,27.2,8.16,9.91,3,6.4,4,2.21,1.23,1.5,0.625,1.37,0.808
6.5,2L4X3X1/2LLBB,2L4X3X1/2LLBB,0.721,10,9.2,3.74,3.07,F,2L,22.2,6.72,5.34,3,8,4,2.02,1.24,1.19,0.5,1.32,0.75
6.5,2L4X3X1/2X3/8LLBB,2L4X3X1/2X3/8LLBB,0.743,10,11.3,3.74,3.55,F,2L,22.2,6.72,6.56,3,8,4,2.11,1.24,1.32,0.5,1.32,0.75
6.5,2L4X3X1/2X3/4LLBB,2L4X3X1/2X3/4LLBB,0.765,10,14,3.74,4.15,F,2L,22.2,6.72,7.78,3,8,4,2.2,1.24,1.47,0.5,1.32,0.75
4.98,2L4X3X3/8LLBB,2L4X3X3/8LLBB,0.715,7.88,6.82,2.88,2.27,F,2L,17,5.2,3.86,3,10.7,4,2.03,1.26,1.17,0.375,1.27,0.68
4.98,2L4X3X3/8X3/8LLBB,2L4X3X3/8X3/8LLBB,0.736,7.88,8.42,2.88,2.64,F,2L,17,5.2,4.79,3,10.7,4,2.11,1.26,1.3,0.375,1.27,0.68
4.98,2L4X3X3/8X3/4LLBB,2L4X3X3/8X3/4LLBB,0.757,7.88,10.3,2.88,3.05,F,2L,17,5.2,5.73,3,10.7,4,2.2,1.26,1.44,0.375,1.27,0.68
4.18,2L4X3X5/16LLBB,2L4X3X5/16LLBB,0.712,6.72,5.62,2.44,1.87,F,2L,14.4,4.38,3.14,3,12.8,4,2.03,1.27,1.16,0.313,1.25,0.656
4.18,2L4X3X5/16X3/8LLBB,2L4X3X5/16X3/8LLBB,0.733,6.72,6.96,2.44,2.18,F,2L,14.4,4.38,3.92,3,12.8,4,2.11,1.27,1.29,0.313,1.25,0.656
4.18,2L4X3X5/16X3/4LLBB,2L4X3X5/16X3/4LLBB,0.754,6.72,8.55,2.44,2.53,F,2L,14.4,4.38,4.7,3,12.8,4,2.2,1.27,1.43,0.313,1.25,0.656
3.38,2L4X3X1/4LLBB,2L4X3X1/4LLBB,0.71,5.5,4.47,1.98,1.49,F,2L,11.6,3.54,2.45,3,16,4,2.03,1.27,1.15,0.25,1.22,0.62
3.38,2L4X3X1/4X3/8LLBB,2L4X3X1/4X3/8LLBB,0.73,5.5,5.45,1.98,1.71,F,2L,11.6,3.54,3.08,3,16,4,2.11,1.27,1.27,0.25,1.22,0.62
3.38,2L4X3X1/4X3/4LLBB,2L4X3X1/4X3/4LLBB,0.751,5.5,6.72,1.98,1.99,F,2L,11.6,3.54,3.72,3,16,4,2.2,1.27,1.41,0.25,1.22,0.62
6.04,2L3-1/2X3X1/2LLBB,2L3-1/2X3X1/2LLBB,0.78,6.9,9.14,2.9,3.05,F,2L,20.4,5.22,5.25,3,7,3.5,1.85,1.07,1.23,0.5,1.12,0.48
6.04,2L3-1/2X3X1/2X3/8LLBB,2L3-1/2X3X1/2X3/8LLBB,0.801,6.9,11.3,2.9,3.55,F,2L,20.4,5.22,6.38,3,7,3.5,1.94,1.07,1.37,0.5,1.12,0.48
5.34,2L3-1/2X3X7/16LLBB,2L3-1/2X3X7/16LLBB,0.776,6.2,7.95,2.58,2.65,F,2L,18.2,4.64,4.52,3,7.99,3.5,1.85,1.08,1.22,0.438,1.09,0.449
6.04,2L3-1/2X3X1/2X3/4LLBB,2L3-1/2X3X1/2X3/4LLBB,0.822,6.9,14,2.9,4.15,F,2L,20.4,5.22,7.51,3,7,3.5,2.05,1.07,1.52,0.5,1.12,0.48
5.34,2L3-1/2X3X7/16X3/8LLBB,2L3-1/2X3X7/16X3/8LLBB,0.797,6.2,9.88,2.58,3.1,F,2L,18.2,4.64,5.52,3,7.99,3.5,1.94,1.08,1.36,0.438,1.09,0.449
5.34,2L3-1/2X3X7/16X3/4LLBB,2L3-1/2X3X7/16X3/4LLBB,0.818,6.2,12.2,2.58,3.61,F,2L,18.2,4.64,6.52,3,7.99,3.5,2.05,1.08,1.51,0.438,1.09,0.449
4.64,2L3-1/2X3X3/8LLBB,2L3-1/2X3X3/8LLBB,0.773,5.46,6.79,2.24,2.26,F,2L,15.8,4.06,3.82,3,9.33,3.5,1.85,1.09,1.21,0.375,1.07,0.407
4.64,2L3-1/2X3X3/8X3/8LLBB,2L3-1/2X3X3/8X3/8LLBB,0.794,5.46,8.46,2.24,2.65,F,2L,15.8,4.06,4.69,3,9.33,3.5,1.94,1.09,1.35,0.375,1.07,0.407
3.9,2L3-1/2X3X5/16LLBB,2L3-1/2X3X5/16LLBB,0.77,4.66,5.62,1.9,1.87,F,2L,13.2,3.44,3.11,3,11.2,3.5,1.85,1.09,1.2,0.313,1.05,0.38
4.64,2L3-1/2X3X3/8X3/4LLBB,2L3-1/2X3X3/8X3/4LLBB,0.814,5.46,10.3,2.24,3.05,F,2L,15.8,4.06,5.56,3,9.33,3.5,2.05,1.09,1.49,0.375,1.07,0.407
3.9,2L3-1/2X3X5/16X3/8LLBB,2L3-1/2X3X5/16X3/8LLBB,0.79,4.66,6.9,1.9,2.16,F,2L,13.2,3.44,3.84,3,11.2,3.5,1.94,1.09,1.33,0.313,1.05,0.38
3.16,2L3-1/2X3X1/4LLBB,2L3-1/2X3X1/4LLBB,0.767,3.84,4.47,1.55,1.49,F,2L,10.8,2.78,2.44,3,14,3.5,1.85,1.1,1.19,0.25,1.02,0.34
3.16,2L3-1/2X3X1/4X3/4LLBB,2L3-1/2X3X1/4X3/4LLBB,0.807,3.84,6.74,1.55,2,F,2L,10.8,2.78,3.63,3,14,3.5,2.04,1.1,1.46,0.25,1.02,0.34
3.9,2L3-1/2X3X5/16X3/4LLBB,2L3-1/2X3X5/16X3/4LLBB,0.811,4.66,8.54,1.9,2.53,F,2L,13.2,3.44,4.57,3,11.2,3.5,2.04,1.09,1.48,0.313,1.05,0.38
3.16,2L3-1/2X3X1/4X3/8LLBB,2L3-1/2X3X1/4X3/8LLBB,0.787,3.84,5.51,1.55,1.73,F,2L,10.8,2.78,3.04,3,14,3.5,1.94,1.1,1.32,0.25,1.02,0.34
5.54,2L3-1/2X2-1/2X1/2LLBB,2L3-1/2X2-1/2X1/2LLBB,0.706,6.48,5.45,2.82,2.18,F,2L,18.8,5.04,3.88,2.5,7,3.5,1.75,1.08,0.992,0.5,1.2,0.73
5.54,2L3-1/2X2-1/2X1/2X3/8LLBB,2L3-1/2X2-1/2X1/2X3/8LLBB,0.732,6.48,7.07,2.82,2.63,F,2L,18.8,5.04,4.92,2.5,7,3.5,1.83,1.08,1.13,0.5,1.2,0.73
5.54,2L3-1/2X2-1/2X1/2X3/4LLBB,2L3-1/2X2-1/2X1/2X3/4LLBB,0.759,6.48,9.08,2.82,3.16,F,2L,18.8,5.04,5.96,2.5,7,3.5,1.93,1.08,1.28,0.5,1.2,0.73
4.24,2L3-1/2X2-1/2X3/8X3/8LLBB,2L3-1/2X2-1/2X3/8X3/8LLBB,0.724,5.12,5.22,2.18,1.94,F,2L,14.4,3.92,3.57,2.5,9.33,3.5,1.83,1.1,1.11,0.375,1.15,0.673
4.24,2L3-1/2X2-1/2X3/8X3/4LLBB,2L3-1/2X2-1/2X3/8X3/4LLBB,0.75,5.12,6.63,2.18,2.31,F,2L,14.4,3.92,4.37,2.5,9.33,3.5,1.93,1.1,1.25,0.375,1.15,0.673
4.24,2L3-1/2X2-1/2X3/8LLBB,2L3-1/2X2-1/2X3/8LLBB,0.698,5.12,3.99,2.18,1.6,F,2L,14.4,3.92,2.78,2.5,9.33,3.5,1.75,1.1,0.97,0.375,1.15,0.673
3.58,2L3-1/2X2-1/2X5/16X3/8LLBB,2L3-1/2X2-1/2X5/16X3/8LLBB,0.72,4.4,4.25,1.85,1.58,F,2L,12.2,3.34,2.93,2.5,11.2,3.5,1.83,1.11,1.09,0.313,1.13,0.636
3.58,2L3-1/2X2-1/2X5/16LLBB,2L3-1/2X2-1/2X5/16LLBB,0.695,4.4,3.3,1.85,1.32,F,2L,12.2,3.34,2.26,2.5,11.2,3.5,1.76,1.11,0.96,0.313,1.13,0.636
2.9,2L3-1/2X2-1/2X1/4LLBB,2L3-1/2X2-1/2X1/4LLBB,0.693,3.62,2.62,1.51,1.05,F,2L,9.8,2.72,1.76,2.5,14,3.5,1.76,1.12,0.95,0.25,1.1,0.6
3.58,2L3-1/2X2-1/2X5/16X3/4LLBB,2L3-1/2X2-1/2X5/16X3/4LLBB,0.746,4.4,5.5,1.85,1.91,F,2L,12.2,3.34,3.61,2.5,11.2,3.5,1.92,1.11,1.24,0.313,1.13,0.636
2.9,2L3-1/2X2-1/2X1/4X3/8LLBB,2L3-1/2X2-1/2X1/4X3/8LLBB,0.717,3.62,3.38,1.51,1.26,F,2L,9.8,2.72,2.3,2.5,14,3.5,1.83,1.12,1.08,0.25,1.1,0.6
2.9,2L3-1/2X2-1/2X1/4X3/4LLBB,2L3-1/2X2-1/2X1/4X3/4LLBB,0.742,3.62,4.32,1.51,1.5,F,2L,9.8,2.72,2.85,2.5,14,3.5,1.92,1.12,1.22,0.25,1.1,0.6
5,2L3X2-1/2X1/2LLBB,2L3X2-1/2X1/2LLBB,0.774,4.14,5.41,2.06,2.16,F,2L,17,3.72,3.73,2.5,6,3,1.57,0.91,1.04,0.5,0.995,0.5
5,2L3X2-1/2X1/2X3/8LLBB,2L3X2-1/2X1/2X3/8LLBB,0.8,4.14,6.96,2.06,2.59,F,2L,17,3.72,4.67,2.5,6,3,1.66,0.91,1.18,0.5,0.995,0.5
4.44,2L3X2-1/2X7/16LLBB,2L3X2-1/2X7/16LLBB,0.769,3.74,4.62,1.84,1.85,F,2L,15.2,3.32,3.21,2.5,6.85,3,1.57,0.917,1.02,0.438,0.972,0.463
5,2L3X2-1/2X1/2X3/4LLBB,2L3X2-1/2X1/2X3/4LLBB,0.824,4.14,8.84,2.06,3.07,F,2L,17,3.72,5.6,2.5,6,3,1.78,0.91,1.33,0.5,0.995,0.5
4.44,2L3X2-1/2X7/16X3/8LLBB,2L3X2-1/2X7/16X3/8LLBB,0.795,3.74,5.97,1.84,2.22,F,2L,15.2,3.32,4.05,2.5,6.85,3,1.66,0.917,1.16,0.438,0.972,0.463
4.44,2L3X2-1/2X7/16X3/4LLBB,2L3X2-1/2X7/16X3/4LLBB,0.819,3.74,7.74,1.84,2.69,F,2L,15.2,3.32,4.88,2.5,6.85,3,1.77,0.917,1.32,0.438,0.972,0.463
3.86,2L3X2-1/2X3/8LLBB,2L3X2-1/2X3/8LLBB,0.764,3.3,3.94,1.61,1.58,F,2L,13.2,2.9,2.71,2.5,8,3,1.57,0.924,1.01,0.375,0.949,0.427
3.86,2L3X2-1/2X3/8X3/8LLBB,2L3X2-1/2X3/8X3/8LLBB,0.79,3.3,5.1,1.61,1.9,F,2L,13.2,2.9,3.43,2.5,8,3,1.66,0.924,1.15,0.375,0.949,0.427
3.86,2L3X2-1/2X3/8X3/4LLBB,2L3X2-1/2X3/8X3/4LLBB,0.815,3.3,6.52,1.61,2.27,F,2L,13.2,2.9,4.15,2.5,8,3,1.77,0.924,1.3,0.375,0.949,0.427
3.26,2L3X2-1/2X5/16LLBB,2L3X2-1/2X5/16LLBB,0.76,2.82,3.26,1.36,1.3,F,2L,11.2,2.46,2.21,2.5,9.58,3,1.57,0.932,1,0.313,0.925,0.392
3.26,2L3X2-1/2X5/16X3/4LLBB,2L3X2-1/2X5/16X3/4LLBB,0.81,2.82,5.42,1.36,1.89,F,2L,11.2,2.46,3.43,2.5,9.58,3,1.76,0.932,1.29,0.313,0.925,0.392
3.26,2L3X2-1/2X5/16X3/8LLBB,2L3X2-1/2X5/16X3/8LLBB,0.785,2.82,4.24,1.36,1.58,F,2L,11.2,2.46,2.82,2.5,9.58,3,1.66,0.932,1.14,0.313,0.925,0.392
2.64,2L3X2-1/2X1/4X3/8LLBB,2L3X2-1/2X1/4X3/8LLBB,0.781,2.32,3.31,1.11,1.23,F,2L,9,2,2.22,2.5,12,3,1.66,0.94,1.12,0.25,0.9,0.36
2.64,2L3X2-1/2X1/4X3/4LLBB,2L3X2-1/2X1/4X3/4LLBB,0.806,2.32,4.26,1.11,1.48,F,2L,9,2,2.71,2.5,12,3,1.76,0.94,1.27,0.25,0.9,0.36
2.64,2L3X2-1/2X1/4LLBB,2L3X2-1/2X1/4LLBB,0.756,2.32,2.59,1.11,1.04,F,2L,9,2,1.72,2.5,12,3,1.57,0.94,0.991,0.25,0.9,0.36
2,2L3X2-1/2X3/16LLBB,2L3X2-1/2X3/16LLBB,0.753,1.8,1.92,0.846,0.768,F,2L,6.78,1.52,1.25,2.5,16,3,1.57,0.947,0.98,0.188,0.874,0.333
2,2L3X2-1/2X3/16X3/4LLBB,2L3X2-1/2X3/16X3/4LLBB,0.802,1.8,3.13,0.846,1.09,F,2L,6.78,1.52,2,2.5,16,3,1.75,0.947,1.25,0.188,0.874,0.333
2,2L3X2-1/2X3/16X3/8LLBB,2L3X2-1/2X3/16X3/8LLBB,0.778,1.8,2.46,0.846,0.915,F,2L,6.78,1.52,1.63,2.5,16,3,1.65,0.947,1.11,0.188,0.874,0.333
4.52,2L3X2X1/2LLBB,2L3X2X1/2LLBB,0.684,3.84,2.86,2,1.43,F,2L,15.4,3.56,2.62,2,6,3,1.47,0.922,0.795,0.5,1.08,0.74
4.52,2L3X2X1/2X3/8LLBB,2L3X2X1/2X3/8LLBB,0.717,3.84,3.99,2,1.82,F,2L,15.4,3.56,3.47,2,6,3,1.55,0.922,0.94,0.5,1.08,0.74
4.52,2L3X2X1/2X3/4LLBB,2L3X2X1/2X3/4LLBB,0.751,3.84,5.47,2,2.3,F,2L,15.4,3.56,4.32,2,6,3,1.66,0.922,1.1,0.5,1.08,0.74
3.5,2L3X2X3/8LLBB,2L3X2X3/8LLBB,0.675,3.08,2.08,1.56,1.04,F,2L,11.8,2.78,1.87,2,8,3,1.48,0.937,0.771,0.375,1.03,0.667
3.5,2L3X2X3/8X3/8LLBB,2L3X2X3/8X3/8LLBB,0.707,3.08,2.9,1.56,1.33,F,2L,11.8,2.78,2.53,2,8,3,1.55,0.937,0.911,0.375,1.03,0.667
3.5,2L3X2X3/8X3/4LLBB,2L3X2X3/8X3/4LLBB,0.739,3.08,4.01,1.56,1.69,F,2L,11.8,2.78,3.18,2,8,3,1.65,0.937,1.07,0.375,1.03,0.667
2.96,2L3X2X5/16LLBB,2L3X2X5/16LLBB,0.671,2.64,1.71,1.32,0.855,F,2L,10,2.38,1.51,2,9.58,3,1.48,0.945,0.76,0.313,1.01,0.632
2.96,2L3X2X5/16X3/8LLBB,2L3X2X5/16X3/8LLBB,0.702,2.64,2.38,1.32,1.09,F,2L,10,2.38,2.07,2,9.58,3,1.56,0.945,0.897,0.313,1.01,0.632
2.4,2L3X2X1/4LLBB,2L3X2X1/4LLBB,0.668,2.18,1.35,1.08,0.675,F,2L,8.2,1.94,1.17,2,12,3,1.48,0.953,0.749,0.25,0.98,0.6
2.96,2L3X2X5/16X3/4LLBB,2L3X2X5/16X3/4LLBB,0.734,2.64,3.26,1.32,1.37,F,2L,10,2.38,2.62,2,9.58,3,1.65,0.945,1.05,0.313,1.01,0.632
2.4,2L3X2X1/4X3/8LLBB,2L3X2X1/4X3/8LLBB,0.698,2.18,1.87,1.08,0.855,F,2L,8.2,1.94,1.62,2,12,3,1.56,0.953,0.883,0.25,0.98,0.6
2.4,2L3X2X1/4X3/4LLBB,2L3X2X1/4X3/4LLBB,0.73,2.18,2.55,1.08,1.07,F,2L,8.2,1.94,2.07,2,12,3,1.65,0.953,1.03,0.25,0.98,0.6
1.83,2L3X2X3/16X3/8LLBB,2L3X2X3/16X3/8LLBB,0.695,1.69,1.38,0.828,0.631,F,2L,6.14,1.49,1.19,2,16,3,1.55,0.961,0.869,0.188,0.952,0.555
1.83,2L3X2X3/16LLBB,2L3X2X3/16LLBB,0.666,1.69,0.999,0.828,0.5,F,2L,6.14,1.49,0.847,2,16,3,1.49,0.961,0.739,0.188,0.952,0.555
1.83,2L3X2X3/16X3/4LLBB,2L3X2X3/16X3/4LLBB,0.726,1.69,1.9,0.828,0.8,F,2L,6.14,1.49,1.54,2,16,3,1.64,0.961,1.02,0.188,0.952,0.555
3.1,2L2-1/2X2X3/8LLBB,2L2-1/2X2X3/8LLBB,0.754,1.83,2.06,1.09,1.03,F,2L,10.6,1.96,1.79,2,6.67,2.5,1.29,0.766,0.815,0.375,0.826,0.433
3.1,2L2-1/2X2X3/8X3/4LLBB,2L2-1/2X2X3/8X3/4LLBB,0.817,1.83,3.82,1.09,1.61,F,2L,10.6,1.96,2.95,2,6.67,2.5,1.49,0.766,1.11,0.375,0.826,0.433
2.64,2L2-1/2X2X5/16LLBB,2L2-1/2X2X5/16LLBB,0.748,1.58,1.71,0.93,0.855,F,2L,9,1.68,1.47,2,7.99,2.5,1.29,0.774,0.804,0.313,0.803,0.388
3.1,2L2-1/2X2X3/8X3/8LLBB,2L2-1/2X2X3/8X3/8LLBB,0.786,1.83,2.84,1.09,1.3,F,2L,10.6,1.96,2.37,2,6.67,2.5,1.38,0.766,0.957,0.375,0.826,0.433
2.64,2L2-1/2X2X5/16X3/8LLBB,2L2-1/2X2X5/16X3/8LLBB,0.781,1.58,2.35,0.93,1.07,F,2L,9,1.68,1.96,2,7.99,2.5,1.38,0.774,0.943,0.313,0.803,0.388
2.14,2L2-1/2X2X1/4LLBB,2L2-1/2X2X1/4LLBB,0.744,1.31,1.35,0.762,0.675,F,2L,7.24,1.38,1.14,2,10,2.5,1.29,0.782,0.794,0.25,0.779,0.36
2.64,2L2-1/2X2X5/16X3/4LLBB,2L2-1/2X2X5/16X3/4LLBB,0.812,1.58,3.19,0.93,1.34,F,2L,9,1.68,2.46,2,7.99,2.5,1.49,0.774,1.1,0.313,0.803,0.388
2.14,2L2-1/2X2X1/4X3/8LLBB,2L2-1/2X2X1/4X3/8LLBB,0.775,1.31,1.85,0.762,0.846,F,2L,7.24,1.38,1.54,2,10,2.5,1.38,0.782,0.93,0.25,0.779,0.36
2.14,2L2-1/2X2X1/4X3/4LLBB,2L2-1/2X2X1/4X3/4LLBB,0.806,1.31,2.5,0.762,1.05,F,2L,7.24,1.38,1.94,2,10,2.5,1.49,0.782,1.08,0.25,0.779,0.36
1.64,2L2-1/2X2X3/16LLBB,2L2-1/2X2X3/16LLBB,0.74,1.02,1.01,0.586,0.505,F,2L,5.5,1.06,0.831,2,13.3,2.5,1.29,0.79,0.784,0.188,0.754,0.319
1.64,2L2-1/2X2X3/16X3/4LLBB,2L2-1/2X2X3/16X3/4LLBB,0.801,1.02,1.88,0.586,0.792,F,2L,5.5,1.06,1.44,2,13.3,2.5,1.48,0.79,1.07,0.188,0.754,0.319
1.64,2L2-1/2X2X3/16X3/8LLBB,2L2-1/2X2X3/16X3/8LLBB,0.771,1.02,1.38,0.586,0.631,F,2L,5.5,1.06,1.14,2,13.3,2.5,1.38,0.79,0.916,0.188,0.754,0.319
1.89,2L2-1/2X1-1/2X1/4X3/8LLBB,2L2-1/2X1-1/2X1/4X3/8LLBB,0.668,1.19,0.902,0.728,0.535,F,2L,6.38,1.29,1.06,1.5,10,2.5,1.28,0.79,0.691,0.25,0.866,0.606
1.89,2L2-1/2X1-1/2X1/4LLBB,2L2-1/2X1-1/2X1/4LLBB,0.629,1.19,0.574,0.728,0.383,F,2L,6.38,1.29,0.705,1.5,10,2.5,1.21,0.79,0.551,0.25,0.866,0.606
1.89,2L2-1/2X1-1/2X1/4X3/4LLBB,2L2-1/2X1-1/2X1/4X3/4LLBB,0.711,1.19,1.37,0.728,0.731,F,2L,6.38,1.29,1.41,1.5,10,2.5,1.38,0.79,0.85,0.25,0.866,0.606
1.45,2L2-1/2X1-1/2X3/16LLBB,2L2-1/2X1-1/2X3/16LLBB,0.625,0.928,0.424,0.56,0.283,F,2L,4.88,0.994,0.502,1.5,13.3,2.5,1.22,0.8,0.541,0.188,0.839,0.569
1.45,2L2-1/2X1-1/2X3/16X3/8LLBB,2L2-1/2X1-1/2X3/16X3/8LLBB,0.662,0.928,0.665,0.56,0.394,F,2L,4.88,0.994,0.774,1.5,13.3,2.5,1.29,0.8,0.677,0.188,0.839,0.569
1.45,2L2-1/2X1-1/2X3/16X3/4LLBB,2L2-1/2X1-1/2X3/16X3/4LLBB,0.704,0.928,1.01,0.56,0.539,F,2L,4.88,0.994,1.05,1.5,13.3,2.5,1.38,0.8,0.833,0.188,0.839,0.569
26.2,2L8X6X1SLBB,2L8X6X1SLBB,0.924,77.6,345,17.8,43.1,F,2L,88.4,32.4,69.4,8,8,6,4.18,1.72,3.63,1,1.65,0.819
26.2,2L8X6X1X3/8SLBB,2L8X6X1X3/8SLBB,0.929,77.6,372,17.8,45.4,F,2L,88.4,32.4,74.3,8,8,6,4.3,1.72,3.77,1,1.65,0.819
26.2,2L8X6X1X3/4SLBB,2L8X6X1X3/4SLBB,0.933,77.6,401,17.8,47.9,F,2L,88.4,32.4,79.3,8,8,6,4.43,1.72,3.91,1,1.65,0.819
23,2L8X6X7/8SLBB,2L8X6X7/8SLBB,0.922,69.8,300,15.9,37.5,F,2L,78.2,28.7,59.8,8,9.14,6,4.17,1.74,3.61,0.875,1.6,0.719
23,2L8X6X7/8X3/8SLBB,2L8X6X7/8X3/8SLBB,0.926,69.8,323,15.9,39.5,F,2L,78.2,28.7,64.1,8,9.14,6,4.29,1.74,3.75,0.875,1.6,0.719
23,2L8X6X7/8X3/4SLBB,2L8X6X7/8X3/4SLBB,0.93,69.8,348,15.9,41.6,F,2L,78.2,28.7,68.4,8,9.14,6,4.42,1.74,3.89,0.875,1.6,0.719
20,2L8X6X3/4SLBB,2L8X6X3/4SLBB,0.919,61.5,258,13.8,32.2,F,2L,67.6,24.9,50.9,8,10.7,6,4.17,1.75,3.59,0.75,1.56,0.624
20,2L8X6X3/4X3/8SLBB,2L8X6X3/4X3/8SLBB,0.924,61.5,277,13.8,33.8,F,2L,67.6,24.9,54.7,8,10.7,6,4.28,1.75,3.72,0.75,1.56,0.624
20,2L8X6X3/4X3/4SLBB,2L8X6X3/4X3/4SLBB,0.928,61.5,298,13.8,35.6,F,2L,67.6,24.9,58.4,8,10.7,6,4.4,1.75,3.86,0.75,1.56,0.624
16.8,2L8X6X5/8X3/8SLBB,2L8X6X5/8X3/8SLBB,0.921,52.8,230,11.8,28.1,F,2L,57,21,45.2,8,12.8,6,4.27,1.77,3.7,0.625,1.51,0.526
16.8,2L8X6X5/8SLBB,2L8X6X5/8SLBB,0.917,52.8,214,11.8,26.8,F,2L,57,21,42,8,12.8,6,4.16,1.77,3.57,0.625,1.51,0.526
16.8,2L8X6X5/8X3/4SLBB,2L8X6X5/8X3/4SLBB,0.926,52.8,248,11.8,29.6,F,2L,57,21,48.4,8,12.8,6,4.39,1.77,3.84,0.625,1.51,0.526
15.2,2L8X6X9/16SLBB,2L8X6X9/16SLBB,0.916,48.2,192,10.7,24,F,2L,51.4,19,37.7,8,14.2,6,4.15,1.78,3.55,0.563,1.49,0.476
15.2,2L8X6X9/16X3/8SLBB,2L8X6X9/16X3/8SLBB,0.92,48.2,207,10.7,25.3,F,2L,51.4,19,40.6,8,14.2,6,4.27,1.78,3.69,0.563,1.49,0.476
15.2,2L8X6X9/16X3/4SLBB,2L8X6X9/16X3/4SLBB,0.924,48.2,223,10.7,26.6,F,2L,51.4,19,43.5,8,14.2,6,4.39,1.78,3.83,0.563,1.49,0.476
13.6,2L8X6X1/2X3/8SLBB,2L8X6X1/2X3/8SLBB,0.919,43.5,184,9.58,22.5,F,2L,46,17,36,8,16,6,4.26,1.79,3.68,0.5,1.46,0.425
13.6,2L8X6X1/2SLBB,2L8X6X1/2SLBB,0.915,43.5,170,9.58,21.2,F,2L,46,17,33.5,8,16,6,4.15,1.79,3.54,0.5,1.46,0.425
13.6,2L8X6X1/2X3/4SLBB,2L8X6X1/2X3/4SLBB,0.923,43.5,197,9.58,23.5,F,2L,46,17,38.6,8,16,6,4.38,1.79,3.81,0.5,1.46,0.425
12,2L8X6X7/16SLBB,2L8X6X7/16SLBB,0.913,38.6,150,8.46,18.8,F,2L,40.4,15,29.1,8,18.3,6,4.15,1.8,3.53,0.438,1.44,0.374
12,2L8X6X7/16X3/8SLBB,2L8X6X7/16X3/8SLBB,0.918,38.6,161,8.46,19.7,F,2L,40.4,15,31.4,8,18.3,6,4.26,1.8,3.66,0.438,1.44,0.374
22.2,2L8X4X1SLBB,2L8X4X1SLBB,0.983,23.3,345,7.87,43.1,F,2L,74.8,15.5,67.3,8,8,4,4.11,1.03,3.94,1,1.04,0.694
22.2,2L8X4X1X3/8SLBB,2L8X4X1X3/8SLBB,0.984,23.3,370,7.87,45.2,F,2L,74.8,15.5,71.4,8,8,4,4.25,1.03,4.08,1,1.04,0.694
12,2L8X6X7/16X3/4SLBB,2L8X6X7/16X3/4SLBB,0.922,38.6,173,8.46,20.7,F,2L,40.4,15,33.6,8,18.3,6,4.38,1.8,3.8,0.438,1.44,0.374
22.2,2L8X4X1X3/4SLBB,2L8X4X1X3/4SLBB,0.985,23.3,397,7.87,47.4,F,2L,74.8,15.5,75.6,8,8,4,4.39,1.03,4.23,1,1.04,0.694
19.6,2L8X4X7/8X3/8SLBB,2L8X4X7/8X3/8SLBB,0.982,21.1,323,7.02,39.5,F,2L,66.2,13.5,62.2,8,9.14,4,4.22,1.04,4.06,0.875,0.997,0.612
19.6,2L8X4X7/8SLBB,2L8X4X7/8SLBB,0.981,21.1,300,7.02,37.5,F,2L,66.2,13.5,58.5,8,9.14,4,4.09,1.04,3.91,0.875,0.997,0.612
19.6,2L8X4X7/8X3/4SLBB,2L8X4X7/8X3/4SLBB,0.984,21.1,347,7.02,41.4,F,2L,66.2,13.5,65.9,8,9.14,4,4.37,1.04,4.21,0.875,0.997,0.612
17,2L8X4X3/4X3/4SLBB,2L8X4X3/4X3/4SLBB,0.983,18.7,297,6.14,35.5,F,2L,57.4,11.6,56.3,8,10.7,4,4.35,1.05,4.18,0.75,0.949,0.531
17,2L8X4X3/4SLBB,2L8X4X3/4SLBB,0.98,18.7,257,6.14,32.1,F,2L,57.4,11.6,49.9,8,10.7,4,4.07,1.05,3.89,0.75,0.949,0.531
17,2L8X4X3/4X3/8SLBB,2L8X4X3/4X3/8SLBB,0.981,18.7,276,6.14,33.7,F,2L,57.4,11.6,53.1,8,10.7,4,4.2,1.05,4.03,0.75,0.949,0.531
14.3,2L8X4X5/8SLBB,2L8X4X5/8SLBB,0.979,16.2,213,5.23,26.6,F,2L,48.4,9.73,41.4,8,12.8,4,4.05,1.06,3.86,0.625,0.902,0.448
14.3,2L8X4X5/8X3/8SLBB,2L8X4X5/8X3/8SLBB,0.98,16.2,229,5.23,28,F,2L,48.4,9.73,44.1,8,12.8,4,4.18,1.06,4,0.625,0.902,0.448
14.3,2L8X4X5/8X3/4SLBB,2L8X4X5/8X3/4SLBB,0.981,16.2,246,5.23,29.4,F,2L,48.4,9.73,46.8,8,12.8,4,4.32,1.06,4.15,0.625,0.902,0.448
13,2L8X4X9/16SLBB,2L8X4X9/16SLBB,0.978,14.9,193,4.77,24.1,F,2L,43.8,8.77,37.1,8,14.2,4,4.04,1.07,3.85,0.563,0.878,0.406
13,2L8X4X9/16X3/8SLBB,2L8X4X9/16X3/8SLBB,0.98,14.9,207,4.77,25.3,F,2L,43.8,8.77,39.6,8,14.2,4,4.17,1.07,3.99,0.563,0.878,0.406
13,2L8X4X9/16X3/4SLBB,2L8X4X9/16X3/4SLBB,0.981,14.9,222,4.77,26.5,F,2L,43.8,8.77,42,8,14.2,4,4.31,1.07,4.13,0.563,0.878,0.406
11.6,2L8X4X1/2SLBB,2L8X4X1/2SLBB,0.978,13.5,170,4.29,21.2,F,2L,39.2,7.81,32.9,8,16,4,4.03,1.08,3.83,0.5,0.854,0.363
11.6,2L8X4X1/2X3/8SLBB,2L8X4X1/2X3/8SLBB,0.979,13.5,183,4.29,22.4,F,2L,39.2,7.81,35.1,8,16,4,4.16,1.08,3.97,0.5,0.854,0.363
11.6,2L8X4X1/2X3/4SLBB,2L8X4X1/2X3/4SLBB,0.98,13.5,197,4.29,23.5,F,2L,39.2,7.81,37.3,8,16,4,4.3,1.08,4.12,0.5,0.854,0.363
10.2,2L8X4X7/16X3/8SLBB,2L8X4X7/16X3/8SLBB,0.978,12.1,160,3.81,19.5,F,2L,34.4,6.85,30.6,8,18.3,4,4.15,1.09,3.96,0.438,0.829,0.319
10.2,2L8X4X7/16SLBB,2L8X4X7/16SLBB,0.977,12.1,149,3.81,18.6,F,2L,34.4,6.85,28.7,8,18.3,4,4.02,1.09,3.82,0.438,0.829,0.319
10.2,2L8X4X7/16X3/4SLBB,2L8X4X7/16X3/4SLBB,0.98,12.1,171,3.81,20.4,F,2L,34.4,6.85,32.6,8,18.3,4,4.29,1.09,4.1,0.438,0.829,0.319
15.5,2L7X4X3/4SLBB,2L7X4X3/4SLBB,0.969,18,173,6.01,24.7,F,2L,52.4,11.2,38.7,7,9.33,4,3.57,1.08,3.34,0.75,1,0.553
15.5,2L7X4X3/4X3/8SLBB,2L7X4X3/4X3/8SLBB,0.971,18,188,6.01,26.2,F,2L,52.4,11.2,41.6,7,9.33,4,3.7,1.08,3.48,0.75,1,0.553
15.5,2L7X4X3/4X3/4SLBB,2L7X4X3/4X3/4SLBB,0.973,18,204,6.01,27.7,F,2L,52.4,11.2,44.5,7,9.33,4,3.84,1.08,3.63,0.75,1,0.553
13,2L7X4X5/8X3/8SLBB,2L7X4X5/8X3/8SLBB,0.969,15.6,156,5.12,21.7,F,2L,44.2,9.38,34.3,7,11.2,4,3.68,1.1,3.46,0.625,0.958,0.464
13,2L7X4X5/8SLBB,2L7X4X5/8SLBB,0.967,15.6,142,5.12,20.3,F,2L,44.2,9.38,31.8,7,11.2,4,3.55,1.1,3.31,0.625,0.958,0.464
13,2L7X4X5/8X3/4SLBB,2L7X4X5/8X3/4SLBB,0.971,15.6,168,5.12,22.8,F,2L,44.2,9.38,36.7,7,11.2,4,3.82,1.1,3.6,0.625,0.958,0.464
10.5,2L7X4X1/2SLBB,2L7X4X1/2SLBB,0.965,13,114,4.2,16.3,F,2L,35.8,7.54,25.2,7,14,4,3.53,1.11,3.29,0.5,0.91,0.376
10.5,2L7X4X1/2X3/4SLBB,2L7X4X1/2X3/4SLBB,0.97,13,134,4.2,18.2,F,2L,35.8,7.54,29.2,7,14,4,3.8,1.11,3.57,0.5,0.91,0.376
10.5,2L7X4X1/2X3/8SLBB,2L7X4X1/2X3/8SLBB,0.968,13,124,4.2,17.3,F,2L,35.8,7.54,27.2,7,14,4,3.66,1.11,3.43,0.5,0.91,0.376
9.26,2L7X4X7/16SLBB,2L7X4X7/16SLBB,0.964,11.6,99.6,3.72,14.2,F,2L,31.4,6.61,22,7,16,4,3.53,1.12,3.28,0.438,0.886,0.331
9.26,2L7X4X7/16X3/8SLBB,2L7X4X7/16X3/8SLBB,0.967,11.6,108,3.72,15,F,2L,31.4,6.61,23.8,7,16,4,3.66,1.12,3.42,0.438,0.886,0.331
9.26,2L7X4X7/16X3/4SLBB,2L7X4X7/16X3/4SLBB,0.969,11.6,117,3.72,15.9,F,2L,31.4,6.61,25.5,7,16,4,3.79,1.12,3.56,0.438,0.886,0.331
8,2L7X4X3/8X3/8SLBB,2L7X4X3/8X3/8SLBB,0.966,10.1,92.5,3.22,12.9,F,2L,27.2,5.68,20.3,7,18.7,4,3.65,1.12,3.4,0.375,0.861,0.286
8,2L7X4X3/8SLBB,2L7X4X3/8SLBB,0.963,10.1,85,3.22,12.1,F,2L,27.2,5.68,18.8,7,18.7,4,3.52,1.12,3.26,0.375,0.861,0.286
16,2L6X4X7/8SLBB,2L6X4X7/8SLBB,0.952,19.4,127,6.74,21.2,F,2L,54.4,12.5,33.9,6,6.86,4,3.1,1.1,2.82,0.875,1.12,0.667
8,2L7X4X3/8X3/4SLBB,2L7X4X3/8X3/4SLBB,0.968,10.1,100,3.22,13.6,F,2L,27.2,5.68,21.8,7,18.7,4,3.78,1.12,3.54,0.375,0.861,0.286
16,2L6X4X7/8X3/4SLBB,2L6X4X7/8X3/4SLBB,0.959,19.4,155,6.74,24.3,F,2L,54.4,12.5,39.9,6,6.86,4,3.37,1.1,3.11,0.875,1.12,0.667
13.9,2L6X4X3/4X3/8SLBB,2L6X4X3/4X3/8SLBB,0.953,17.3,120,5.9,19.4,F,2L,47.2,10.8,31.3,6,8,4,3.22,1.12,2.94,0.75,1.07,0.578
16,2L6X4X7/8X3/8SLBB,2L6X4X7/8X3/8SLBB,0.956,19.4,140,6.74,22.6,F,2L,54.4,12.5,36.9,6,6.86,4,3.23,1.1,2.96,0.875,1.12,0.667
13.9,2L6X4X3/4SLBB,2L6X4X3/4SLBB,0.949,17.3,109,5.9,18.2,F,2L,47.2,10.8,28.7,6,8,4,3.09,1.12,2.8,0.75,1.07,0.578
13.9,2L6X4X3/4X3/4SLBB,2L6X4X3/4X3/4SLBB,0.957,17.3,132,5.9,20.7,F,2L,47.2,10.8,33.9,6,8,4,3.35,1.12,3.08,0.75,1.07,0.578
11.7,2L6X4X5/8SLBB,2L6X4X5/8SLBB,0.946,15,89.8,5.03,15,F,2L,40,9.13,23.8,6,9.6,4,3.08,1.13,2.77,0.625,1.03,0.488
11.7,2L6X4X5/8X3/4SLBB,2L6X4X5/8X3/4SLBB,0.954,15,110,5.03,17.3,F,2L,40,9.13,28.2,6,9.6,4,3.34,1.13,3.06,0.625,1.03,0.488
11.7,2L6X4X5/8X3/8SLBB,2L6X4X5/8X3/8SLBB,0.95,15,99.1,5.03,16,F,2L,40,9.13,26,6,9.6,4,3.21,1.13,2.91,0.625,1.03,0.488
10.6,2L6X4X9/16SLBB,2L6X4X9/16SLBB,0.945,13.7,80.7,4.58,13.4,F,2L,36.2,8.26,21.2,6,10.7,4,3.07,1.14,2.76,0.563,1,0.443
10.6,2L6X4X9/16X3/8SLBB,2L6X4X9/16X3/8SLBB,0.949,13.7,89.1,4.58,14.4,F,2L,36.2,8.26,23.2,6,10.7,4,3.2,1.14,2.9,0.563,1,0.443
10.6,2L6X4X9/16X3/4SLBB,2L6X4X9/16X3/4SLBB,0.953,13.7,98,4.58,15.4,F,2L,36.2,8.26,25.2,6,10.7,4,3.33,1.14,3.04,0.563,1,0.443
9.5,2L6X4X1/2SLBB,2L6X4X1/2SLBB,0.943,12.4,71.8,4.12,12,F,2L,32.4,7.38,18.8,6,12,4,3.07,1.14,2.75,0.5,0.981,0.396
9.5,2L6X4X1/2X3/8SLBB,2L6X4X1/2X3/8SLBB,0.948,12.4,79.3,4.12,12.8,F,2L,32.4,7.38,20.6,6,12,4,3.19,1.14,2.89,0.5,0.981,0.396
8.36,2L6X4X7/16SLBB,2L6X4X7/16SLBB,0.942,11.1,62.8,3.65,10.5,F,2L,28.6,6.49,16.3,6,13.7,4,3.06,1.15,2.74,0.438,0.957,0.348
9.5,2L6X4X1/2X3/4SLBB,2L6X4X1/2X3/4SLBB,0.952,12.4,87.2,4.12,13.7,F,2L,32.4,7.38,22.4,6,12,4,3.32,1.14,3.03,0.5,0.981,0.396
8.36,2L6X4X7/16X3/8SLBB,2L6X4X7/16X3/8SLBB,0.946,11.1,69.3,3.65,11.2,F,2L,28.6,6.49,17.9,6,13.7,4,3.19,1.15,2.88,0.438,0.957,0.348
8.36,2L6X4X7/16X3/4SLBB,2L6X4X7/16X3/4SLBB,0.95,11.1,76.2,3.65,12,F,2L,28.6,6.49,19.4,6,13.7,4,3.31,1.15,3.02,0.438,0.957,0.348
7.22,2L6X4X3/8SLBB,2L6X4X3/8SLBB,0.94,9.72,53.8,3.17,8.97,F,2L,24.6,5.58,13.9,6,16,4,3.06,1.16,2.73,0.375,0.933,0.301
7.22,2L6X4X3/8X3/4SLBB,2L6X4X3/8X3/4SLBB,0.949,9.72,65,3.17,10.2,F,2L,24.6,5.58,16.6,6,16,4,3.31,1.16,3,0.375,0.933,0.301
6.06,2L6X4X5/16SLBB,2L6X4X5/16SLBB,0.939,8.26,44.8,2.67,7.47,F,2L,20.6,4.67,11.5,6,19.2,4,3.05,1.17,2.72,0.313,0.908,0.253
6.06,2L6X4X5/16X3/8SLBB,2L6X4X5/16X3/8SLBB,0.944,8.26,49.2,2.67,7.95,F,2L,20.6,4.67,12.7,6,19.2,4,3.17,1.17,2.85,0.313,0.908,0.253
7.22,2L6X4X3/8X3/8SLBB,2L6X4X3/8X3/8SLBB,0.945,9.72,59.1,3.17,9.55,F,2L,24.6,5.58,15.3,6,16,4,3.18,1.16,2.86,0.375,0.933,0.301
6.06,2L6X4X5/16X3/4SLBB,2L6X4X5/16X3/4SLBB,0.948,8.26,54.2,2.67,8.5,F,2L,20.6,4.67,13.8,6,19.2,4,3.3,1.17,2.99,0.313,0.908,0.253
9,2L6X3-1/2X1/2SLBB,2L6X3-1/2X1/2SLBB,0.964,8.47,71.6,3.17,11.9,F,2L,30.6,5.77,18.6,6,12,3.5,3.04,0.968,2.82,0.5,0.829,0.375
9,2L6X3-1/2X1/2X3/8SLBB,2L6X3-1/2X1/2X3/8SLBB,0.967,8.47,78.9,3.17,12.8,F,2L,30.6,5.77,20.3,6,12,3.5,3.17,0.968,2.96,0.5,0.829,0.375
9,2L6X3-1/2X1/2X3/4SLBB,2L6X3-1/2X1/2X3/4SLBB,0.969,8.47,87,3.17,13.6,F,2L,30.6,5.77,22,6,12,3.5,3.31,0.968,3.11,0.5,0.829,0.375
6.88,2L6X3-1/2X3/8SLBB,2L6X3-1/2X3/8SLBB,0.962,6.65,53.9,2.45,8.98,F,2L,23.4,4.36,13.9,6,16,3.5,3.02,0.984,2.8,0.375,0.781,0.287
6.88,2L6X3-1/2X3/8X3/8SLBB,2L6X3-1/2X3/8X3/8SLBB,0.965,6.65,59.5,2.45,9.62,F,2L,23.4,4.36,15.2,6,16,3.5,3.15,0.984,2.94,0.375,0.781,0.287
6.88,2L6X3-1/2X3/8X3/4SLBB,2L6X3-1/2X3/8X3/4SLBB,0.967,6.65,65.3,2.45,10.2,F,2L,23.4,4.36,16.5,6,16,3.5,3.29,0.984,3.08,0.375,0.781,0.287
5.78,2L6X3-1/2X5/16SLBB,2L6X3-1/2X5/16SLBB,0.96,5.68,44.7,2.07,7.45,F,2L,19.6,3.65,11.6,6,19.2,3.5,3.02,0.991,2.78,0.313,0.756,0.241
5.78,2L6X3-1/2X5/16X3/4SLBB,2L6X3-1/2X5/16X3/4SLBB,0.966,5.68,54.1,2.07,8.49,F,2L,19.6,3.65,13.7,6,19.2,3.5,3.28,0.991,3.06,0.313,0.756,0.241
5.78,2L6X3-1/2X5/16X3/8SLBB,2L6X3-1/2X5/16X3/8SLBB,0.964,5.68,49.3,2.07,7.97,F,2L,19.6,3.65,12.6,6,19.2,3.5,3.14,0.991,2.92,0.313,0.756,0.241
11.7,2L5X3-1/2X3/4SLBB,2L5X3-1/2X3/4SLBB,0.943,11,63.5,4.4,12.7,F,2L,39.6,8.13,20.4,5,6.67,3.5,2.6,0.974,2.33,0.75,0.993,0.585
11.7,2L5X3-1/2X3/4X3/8SLBB,2L5X3-1/2X3/4X3/8SLBB,0.949,11,71.4,4.4,13.8,F,2L,39.6,8.13,22.6,5,6.67,3.5,2.73,0.974,2.47,0.75,0.993,0.585
11.7,2L5X3-1/2X3/4X3/4SLBB,2L5X3-1/2X3/4X3/4SLBB,0.953,11,80.3,4.4,14.9,F,2L,39.6,8.13,24.7,5,6.67,3.5,2.86,0.974,2.62,0.75,0.993,0.585
9.86,2L5X3-1/2X5/8SLBB,2L5X3-1/2X5/8SLBB,0.94,9.6,52.2,3.76,10.4,F,2L,33.6,6.87,16.7,5,8,3.5,2.59,0.987,2.3,0.625,0.947,0.493
9.86,2L5X3-1/2X5/8X3/8SLBB,2L5X3-1/2X5/8X3/8SLBB,0.945,9.6,59.2,3.76,11.4,F,2L,33.6,6.87,18.5,5,8,3.5,2.71,0.987,2.45,0.625,0.947,0.493
9.86,2L5X3-1/2X5/8X3/4SLBB,2L5X3-1/2X5/8X3/4SLBB,0.95,9.6,66.1,3.76,12.3,F,2L,33.6,6.87,20.4,5,8,3.5,2.85,0.987,2.59,0.625,0.947,0.493
8,2L5X3-1/2X1/2SLBB,2L5X3-1/2X1/2SLBB,0.936,8.04,41.6,3.09,8.32,F,2L,27.2,5.57,13.2,5,10,3.5,2.58,1,2.28,0.5,0.901,0.4
8,2L5X3-1/2X1/2X3/8SLBB,2L5X3-1/2X1/2X3/8SLBB,0.942,8.04,46.9,3.09,9.04,F,2L,27.2,5.57,14.7,5,10,3.5,2.7,1,2.42,0.5,0.901,0.4
8,2L5X3-1/2X1/2X3/4SLBB,2L5X3-1/2X1/2X3/4SLBB,0.947,8.04,52.8,3.09,9.82,F,2L,27.2,5.57,16.2,5,10,3.5,2.83,1,2.57,0.5,0.901,0.4
6.1,2L5X3-1/2X3/8SLBB,2L5X3-1/2X3/8SLBB,0.933,6.31,31.2,2.38,6.24,F,2L,20.8,4.23,9.76,5,13.3,3.5,2.56,1.02,2.26,0.375,0.854,0.305
6.1,2L5X3-1/2X3/8X3/8SLBB,2L5X3-1/2X3/8X3/8SLBB,0.938,6.31,34.8,2.38,6.71,F,2L,20.8,4.23,10.9,5,13.3,3.5,2.69,1.02,2.39,0.375,0.854,0.305
6.1,2L5X3-1/2X3/8X3/4SLBB,2L5X3-1/2X3/8X3/4SLBB,0.944,6.31,39.4,2.38,7.33,F,2L,20.8,4.23,12,5,13.3,3.5,2.81,1.02,2.54,0.375,0.854,0.305
5.12,2L5X3-1/2X5/16SLBB,2L5X3-1/2X5/16SLBB,0.931,5.38,25.9,2.01,5.18,F,2L,17.4,3.55,8.04,5,16,3.5,2.56,1.02,2.25,0.313,0.829,0.256
5.12,2L5X3-1/2X5/16X3/8SLBB,2L5X3-1/2X5/16X3/8SLBB,0.937,5.38,29,2.01,5.59,F,2L,17.4,3.55,9,5,16,3.5,2.68,1.02,2.38,0.313,0.829,0.256
5.12,2L5X3-1/2X5/16X3/4SLBB,2L5X3-1/2X5/16X3/4SLBB,0.942,5.38,32.5,2.01,6.05,F,2L,17.4,3.55,9.96,5,16,3.5,2.81,1.02,2.52,0.313,0.829,0.256
4.14,2L5X3-1/2X1/4SLBB,2L5X3-1/2X1/4SLBB,0.929,4.4,20.6,1.63,4.12,F,2L,14,2.85,6.42,5,20,3.5,2.55,1.03,2.23,0.25,0.804,0.207
4.14,2L5X3-1/2X1/4X3/8SLBB,2L5X3-1/2X1/4X3/8SLBB,0.935,4.4,23.3,1.63,4.49,F,2L,14,2.85,7.19,5,20,3.5,2.67,1.03,2.37,0.25,0.804,0.207
4.14,2L5X3-1/2X1/4X3/4SLBB,2L5X3-1/2X1/4X3/4SLBB,0.941,4.4,26.1,1.63,4.86,F,2L,14,2.85,7.97,5,20,3.5,2.8,1.03,2.51,0.25,0.804,0.207
7.5,2L5X3X1/2SLBB,2L5X3X1/2SLBB,0.962,5.1,41.4,2.26,8.28,F,2L,25.6,4.15,13,5,10,3,2.54,0.824,2.35,0.5,0.746,0.375
7.5,2L5X3X1/2X3/8SLBB,2L5X3X1/2X3/8SLBB,0.966,5.1,46.9,2.26,9.04,F,2L,25.6,4.15,14.5,5,10,3,2.68,0.824,2.5,0.5,0.746,0.375
6.62,2L5X3X7/16SLBB,2L5X3X7/16SLBB,0.961,4.58,36.2,2.01,7.24,F,2L,22.6,3.65,11.4,5,11.4,3,2.54,0.831,2.34,0.438,0.722,0.331
7.5,2L5X3X1/2X3/4SLBB,2L5X3X1/2X3/4SLBB,0.969,5.1,52.3,2.26,9.73,F,2L,25.6,4.15,15.9,5,10,3,2.81,0.824,2.64,0.5,0.746,0.375
6.62,2L5X3X7/16X3/4SLBB,2L5X3X7/16X3/4SLBB,0.968,4.58,45.8,2.01,8.52,F,2L,22.6,3.65,13.9,5,11.4,3,2.8,0.831,2.63,0.438,0.722,0.331
5.72,2L5X3X3/8SLBB,2L5X3X3/8SLBB,0.959,4.02,31.1,1.75,6.22,F,2L,19.6,3.14,9.67,5,13.3,3,2.53,0.838,2.33,0.375,0.698,0.286
6.62,2L5X3X7/16X3/8SLBB,2L5X3X7/16X3/8SLBB,0.964,4.58,40.7,2.01,7.85,F,2L,22.6,3.65,12.6,5,11.4,3,2.67,0.831,2.48,0.438,0.722,0.331
5.72,2L5X3X3/8X3/8SLBB,2L5X3X3/8X3/8SLBB,0.963,4.02,34.9,1.75,6.73,F,2L,19.6,3.14,10.7,5,13.3,3,2.66,0.838,2.47,0.375,0.698,0.286
5.72,2L5X3X3/8X3/4SLBB,2L5X3X3/8X3/4SLBB,0.967,4.02,39.3,1.75,7.31,F,2L,19.6,3.14,11.8,5,13.3,3,2.79,0.838,2.62,0.375,0.698,0.286
4.82,2L5X3X5/16SLBB,2L5X3X5/16SLBB,0.958,3.44,25.9,1.48,5.18,F,2L,16.4,2.62,8.05,5,16,3,2.52,0.846,2.32,0.313,0.673,0.241
4.82,2L5X3X5/16X3/8SLBB,2L5X3X5/16X3/8SLBB,0.962,3.44,29.2,1.48,5.63,F,2L,16.4,2.62,8.95,5,16,3,2.65,0.846,2.46,0.313,0.673,0.241
4.82,2L5X3X5/16X3/4SLBB,2L5X3X5/16X3/4SLBB,0.965,3.44,32.6,1.48,6.07,F,2L,16.4,2.62,9.86,5,16,3,2.78,0.846,2.6,0.313,0.673,0.241
3.88,2L5X3X1/4SLBB,2L5X3X1/4SLBB,0.957,2.82,20.5,1.2,4.1,F,2L,13.2,2.1,6.36,5,20,3,2.51,0.853,2.3,0.25,0.648,0.194
3.88,2L5X3X1/4X3/8SLBB,2L5X3X1/4X3/8SLBB,0.961,2.82,23.1,1.2,4.45,F,2L,13.2,2.1,7.09,5,20,3,2.64,0.853,2.44,0.25,0.648,0.194
7,2L4X3-1/2X1/2SLBB,2L4X3-1/2X1/2SLBB,0.882,7.53,21.4,3,5.35,F,2L,23.8,5.39,8.68,4,8,3.5,2.16,1.04,1.75,0.5,0.994,0.438
3.88,2L5X3X1/4X3/4SLBB,2L5X3X1/4X3/4SLBB,0.964,2.82,25.8,1.2,4.8,F,2L,13.2,2.1,7.82,5,20,3,2.77,0.853,2.58,0.25,0.648,0.194
7,2L4X3-1/2X1/2X3/8SLBB,2L4X3-1/2X1/2X3/8SLBB,0.893,7.53,25,3,5.97,F,2L,23.8,5.39,9.99,4,8,3.5,2.28,1.04,1.89,0.5,0.994,0.438
7,2L4X3-1/2X1/2X3/4SLBB,2L4X3-1/2X1/2X3/4SLBB,0.904,7.53,28.8,3,6.58,F,2L,23.8,5.39,11.3,4,8,3.5,2.4,1.04,2.03,0.5,0.994,0.438
5.36,2L4X3-1/2X3/8X3/8SLBB,2L4X3-1/2X3/8X3/8SLBB,0.888,5.92,18.5,2.32,4.42,F,2L,18.2,4.13,7.44,4,10.7,3.5,2.27,1.05,1.86,0.375,0.947,0.335
5.36,2L4X3-1/2X3/8SLBB,2L4X3-1/2X3/8SLBB,0.876,5.92,16,2.32,4,F,2L,18.2,4.13,6.43,4,10.7,3.5,2.16,1.05,1.73,0.375,0.947,0.335
5.36,2L4X3-1/2X3/8X3/4SLBB,2L4X3-1/2X3/8X3/4SLBB,0.899,5.92,21.4,2.32,4.89,F,2L,18.2,4.13,8.44,4,10.7,3.5,2.39,1.05,2,0.375,0.947,0.335
4.5,2L4X3-1/2X5/16SLBB,2L4X3-1/2X5/16SLBB,0.874,5.05,13.3,1.96,3.32,F,2L,15.4,3.48,5.26,4,12.8,3.5,2.16,1.06,1.72,0.313,0.923,0.281
4.5,2L4X3-1/2X5/16X3/8SLBB,2L4X3-1/2X5/16X3/8SLBB,0.885,5.05,15.4,1.96,3.68,F,2L,15.4,3.48,6.11,4,12.8,3.5,2.26,1.06,1.85,0.313,0.923,0.281
3.64,2L4X3-1/2X1/4SLBB,2L4X3-1/2X1/4SLBB,0.871,4.13,10.5,1.59,2.62,F,2L,12.4,2.8,4.15,4,16,3.5,2.15,1.07,1.7,0.25,0.897,0.228
4.5,2L4X3-1/2X5/16X3/4SLBB,2L4X3-1/2X5/16X3/4SLBB,0.896,5.05,17.8,1.96,4.07,F,2L,15.4,3.48,6.95,4,12.8,3.5,2.38,1.06,1.99,0.313,0.923,0.281
3.64,2L4X3-1/2X1/4X3/8SLBB,2L4X3-1/2X1/4X3/8SLBB,0.883,4.13,12.2,1.59,2.91,F,2L,12.4,2.8,4.83,4,16,3.5,2.26,1.07,1.83,0.25,0.897,0.228
3.64,2L4X3-1/2X1/4X3/4SLBB,2L4X3-1/2X1/4X3/4SLBB,0.894,4.13,14.1,1.59,3.22,F,2L,12.4,2.8,5.51,4,16,3.5,2.37,1.07,1.97,0.25,0.897,0.228
7.98,2L4X3X5/8SLBB,2L4X3X5/8SLBB,0.93,5.7,27,2.67,6.75,F,2L,27.2,4.9,10.9,4,6.4,3,2.1,0.845,1.84,0.625,0.867,0.499
7.98,2L4X3X5/8X3/8SLBB,2L4X3X5/8X3/8SLBB,0.938,5.7,31.3,2.67,7.47,F,2L,27.2,4.9,12.4,4,6.4,3,2.22,0.845,1.98,0.625,0.867,0.499
7.98,2L4X3X5/8X3/4SLBB,2L4X3X5/8X3/4SLBB,0.945,5.7,36.2,2.67,8.27,F,2L,27.2,4.9,13.9,4,6.4,3,2.36,0.845,2.13,0.625,0.867,0.499
6.5,2L4X3X1/2SLBB,2L4X3X1/2SLBB,0.925,4.79,21.3,2.2,5.32,F,2L,22.2,3.99,8.58,4,8,3,2.09,0.858,1.81,0.5,0.822,0.406
6.5,2L4X3X1/2X3/8SLBB,2L4X3X1/2X3/8SLBB,0.933,4.79,24.7,2.2,5.9,F,2L,22.2,3.99,9.8,4,8,3,2.21,0.858,1.95,0.5,0.822,0.406
6.5,2L4X3X1/2X3/4SLBB,2L4X3X1/2X3/4SLBB,0.94,4.79,28.7,2.2,6.56,F,2L,22.2,3.99,11,4,8,3,2.34,0.858,2.1,0.5,0.822,0.406
4.98,2L4X3X3/8X3/8SLBB,2L4X3X3/8X3/8SLBB,0.928,3.79,18.6,1.7,4.44,F,2L,17,3.04,7.26,4,10.7,3,2.2,0.873,1.93,0.375,0.775,0.311
4.98,2L4X3X3/8SLBB,2L4X3X3/8SLBB,0.92,3.79,16,1.7,4,F,2L,17,3.04,6.32,4,10.7,3,2.08,0.873,1.79,0.375,0.775,0.311
4.98,2L4X3X3/8X3/4SLBB,2L4X3X3/8X3/4SLBB,0.936,3.79,21.3,1.7,4.87,F,2L,17,3.04,8.19,4,10.7,3,2.32,0.873,2.07,0.375,0.775,0.311
4.18,2L4X3X5/16SLBB,2L4X3X5/16SLBB,0.918,3.24,13.2,1.44,3.3,F,2L,14.4,2.56,5.22,4,12.8,3,2.07,0.88,1.78,0.313,0.75,0.261
4.18,2L4X3X5/16X3/8SLBB,2L4X3X5/16X3/8SLBB,0.926,3.24,15.2,1.44,3.63,F,2L,14.4,2.56,6.01,4,12.8,3,2.19,0.88,1.91,0.313,0.75,0.261
3.38,2L4X3X1/4SLBB,2L4X3X1/4SLBB,0.915,2.66,10.5,1.17,2.62,F,2L,11.6,2.06,4.12,4,16,3,2.06,0.887,1.76,0.25,0.725,0.211
4.18,2L4X3X5/16X3/4SLBB,2L4X3X5/16X3/4SLBB,0.934,3.24,17.7,1.44,4.05,F,2L,14.4,2.56,6.79,4,12.8,3,2.32,0.88,2.06,0.313,0.75,0.261
3.38,2L4X3X1/4X3/8SLBB,2L4X3X1/4X3/8SLBB,0.924,2.66,12.2,1.17,2.91,F,2L,11.6,2.06,4.76,4,16,3,2.18,0.887,1.9,0.25,0.725,0.211
3.38,2L4X3X1/4X3/4SLBB,2L4X3X1/4X3/4SLBB,0.932,2.66,14.1,1.17,3.22,F,2L,11.6,2.06,5.39,4,16,3,2.31,0.887,2.04,0.25,0.725,0.211
6.04,2L3-1/2X3X1/2SLBB,2L3-1/2X3X1/2SLBB,0.892,4.65,14.5,2.18,4.14,F,2L,20.4,3.94,6.76,3.5,7,3,1.88,0.877,1.55,0.5,0.869,0.431
6.04,2L3-1/2X3X1/2X3/8SLBB,2L3-1/2X3X1/2X3/8SLBB,0.904,4.65,17.3,2.18,4.69,F,2L,20.4,3.94,7.9,3.5,7,3,2,0.877,1.69,0.5,0.869,0.431
6.04,2L3-1/2X3X1/2X3/4SLBB,2L3-1/2X3X1/2X3/4SLBB,0.915,4.65,20.4,2.18,5.26,F,2L,20.4,3.94,9.03,3.5,7,3,2.13,0.877,1.84,0.5,0.869,0.431
5.34,2L3-1/2X3X7/16SLBB,2L3-1/2X3X7/16SLBB,0.889,4.18,12.7,1.94,3.63,F,2L,18.2,3.49,5.82,3.5,7.99,3,1.88,0.885,1.54,0.438,0.846,0.381
5.34,2L3-1/2X3X7/16X3/8SLBB,2L3-1/2X3X7/16X3/8SLBB,0.901,4.18,14.9,1.94,4.04,F,2L,18.2,3.49,6.82,3.5,7.99,3,1.99,0.885,1.67,0.438,0.846,0.381
5.34,2L3-1/2X3X7/16X3/4SLBB,2L3-1/2X3X7/16X3/4SLBB,0.912,4.18,17.7,1.94,4.57,F,2L,18.2,3.49,7.82,3.5,7.99,3,2.12,0.885,1.82,0.438,0.846,0.381
4.64,2L3-1/2X3X3/8SLBB,2L3-1/2X3X3/8SLBB,0.885,3.69,10.7,1.69,3.06,F,2L,15.8,3.04,4.96,3.5,9.33,3,1.88,0.892,1.52,0.375,0.823,0.331
4.64,2L3-1/2X3X3/8X3/8SLBB,2L3-1/2X3X3/8X3/8SLBB,0.898,3.69,12.8,1.69,3.47,F,2L,15.8,3.04,5.83,3.5,9.33,3,1.99,0.892,1.66,0.375,0.823,0.331
4.64,2L3-1/2X3X3/8X3/4SLBB,2L3-1/2X3X3/8X3/4SLBB,0.91,3.69,15.2,1.69,3.92,F,2L,15.8,3.04,6.7,3.5,9.33,3,2.11,0.892,1.81,0.375,0.823,0.331
3.9,2L3-1/2X3X5/16SLBB,2L3-1/2X3X5/16SLBB,0.883,3.16,8.89,1.44,2.54,F,2L,13.2,2.56,4.1,3.5,11.2,3,1.87,0.9,1.51,0.313,0.798,0.279
3.9,2L3-1/2X3X5/16X3/8SLBB,2L3-1/2X3X5/16X3/8SLBB,0.895,3.16,10.6,1.44,2.87,F,2L,13.2,2.56,4.83,3.5,11.2,3,1.98,0.9,1.65,0.313,0.798,0.279
3.9,2L3-1/2X3X5/16X3/4SLBB,2L3-1/2X3X5/16X3/4SLBB,0.907,3.16,12.5,1.44,3.23,F,2L,13.2,2.56,5.56,3.5,11.2,3,2.11,0.9,1.79,0.313,0.798,0.279
3.16,2L3-1/2X3X1/4SLBB,2L3-1/2X3X1/4SLBB,0.88,2.61,7.11,1.17,2.03,F,2L,10.8,2.08,3.22,3.5,14,3,1.87,0.908,1.5,0.25,0.773,0.226
3.16,2L3-1/2X3X1/4X3/8SLBB,2L3-1/2X3X1/4X3/8SLBB,0.893,2.61,8.4,1.17,2.28,F,2L,10.8,2.08,3.82,3.5,14,3,1.98,0.908,1.63,0.25,0.773,0.226
3.16,2L3-1/2X3X1/4X3/4SLBB,2L3-1/2X3X1/4X3/4SLBB,0.905,2.61,10,1.17,2.58,F,2L,10.8,2.08,4.41,3.5,14,3,2.1,0.908,1.78,0.25,0.773,0.226
5.54,2L3-1/2X2-1/2X1/2SLBB,2L3-1/2X2-1/2X1/2SLBB,0.938,2.72,14.5,1.51,4.14,F,2L,18.8,2.78,6.65,3.5,7,2.5,1.82,0.701,1.62,0.5,0.701,0.396
5.54,2L3-1/2X2-1/2X1/2X3/8SLBB,2L3-1/2X2-1/2X1/2X3/8SLBB,0.946,2.72,17.2,1.51,4.66,F,2L,18.8,2.78,7.69,3.5,7,2.5,1.95,0.701,1.76,0.5,0.701,0.396
5.54,2L3-1/2X2-1/2X1/2X3/4SLBB,2L3-1/2X2-1/2X1/2X3/4SLBB,0.953,2.72,20.2,1.51,5.21,F,2L,18.8,2.78,8.73,3.5,7,2.5,2.08,0.701,1.91,0.5,0.701,0.396
4.24,2L3-1/2X2-1/2X3/8SLBB,2L3-1/2X2-1/2X3/8SLBB,0.933,2.17,10.7,1.18,3.06,F,2L,14.4,2.13,4.88,3.5,9.33,2.5,1.81,0.716,1.59,0.375,0.655,0.303
4.24,2L3-1/2X2-1/2X3/8X3/8SLBB,2L3-1/2X2-1/2X3/8X3/8SLBB,0.941,2.17,12.7,1.18,3.44,F,2L,14.4,2.13,5.67,3.5,9.33,2.5,1.93,0.716,1.73,0.375,0.655,0.303
4.24,2L3-1/2X2-1/2X3/8X3/4SLBB,2L3-1/2X2-1/2X3/8X3/4SLBB,0.949,2.17,15,1.18,3.87,F,2L,14.4,2.13,6.47,3.5,9.33,2.5,2.07,0.716,1.88,0.375,0.655,0.303
3.58,2L3-1/2X2-1/2X5/16SLBB,2L3-1/2X2-1/2X5/16SLBB,0.93,1.87,8.94,1,2.55,F,2L,12.2,1.8,4.05,3.5,11.2,2.5,1.8,0.723,1.58,0.313,0.632,0.256
3.58,2L3-1/2X2-1/2X5/16X3/8SLBB,2L3-1/2X2-1/2X5/16X3/8SLBB,0.939,1.87,10.6,1,2.87,F,2L,12.2,1.8,4.72,3.5,11.2,2.5,1.92,0.723,1.72,0.313,0.632,0.256
3.58,2L3-1/2X2-1/2X5/16X3/4SLBB,2L3-1/2X2-1/2X5/16X3/4SLBB,0.947,1.87,12.5,1,3.23,F,2L,12.2,1.8,5.39,3.5,11.2,2.5,2.06,0.723,1.87,0.313,0.632,0.256
2.9,2L3-1/2X2-1/2X1/4SLBB,2L3-1/2X2-1/2X1/4SLBB,0.928,1.55,7.15,0.819,2.04,F,2L,9.8,1.46,3.19,3.5,14,2.5,1.8,0.731,1.57,0.25,0.607,0.207
2.9,2L3-1/2X2-1/2X1/4X3/8SLBB,2L3-1/2X2-1/2X1/4X3/8SLBB,0.937,1.55,8.38,0.819,2.27,F,2L,9.8,1.46,3.73,3.5,14,2.5,1.92,0.731,1.7,0.25,0.607,0.207
2.9,2L3-1/2X2-1/2X1/4X3/4SLBB,2L3-1/2X2-1/2X1/4X3/4SLBB,0.944,1.55,9.93,0.819,2.56,F,2L,9.8,1.46,4.28,3.5,14,2.5,2.05,0.731,1.85,0.25,0.607,0.207
5,2L3X2-1/2X1/2SLBB,2L3X2-1/2X1/2SLBB,0.905,2.58,9.11,1.47,3.04,F,2L,17,2.68,4.97,3,6,2.5,1.61,0.718,1.35,0.5,0.746,0.417
5,2L3X2-1/2X1/2X3/8SLBB,2L3X2-1/2X1/2X3/8SLBB,0.918,2.58,11.1,1.47,3.48,F,2L,17,2.68,5.91,3,6,2.5,1.73,0.718,1.49,0.5,0.746,0.417
5,2L3X2-1/2X1/2X3/4SLBB,2L3X2-1/2X1/2X3/4SLBB,0.929,2.58,13.4,1.47,3.97,F,2L,17,2.68,6.85,3,6,2.5,1.86,0.718,1.64,0.5,0.746,0.417
4.44,2L3X2-1/2X7/16X3/8SLBB,2L3X2-1/2X7/16X3/8SLBB,0.914,2.33,9.73,1.31,3.05,F,2L,15.2,2.38,5.15,3,6.85,2.5,1.72,0.724,1.48,0.438,0.724,0.37
4.44,2L3X2-1/2X7/16SLBB,2L3X2-1/2X7/16SLBB,0.901,2.33,7.97,1.31,2.66,F,2L,15.2,2.38,4.32,3,6.85,2.5,1.6,0.724,1.34,0.438,0.724,0.37
3.86,2L3X2-1/2X3/8X3/8SLBB,2L3X2-1/2X3/8X3/8SLBB,0.911,2.06,8.23,1.15,2.58,F,2L,13.2,2.07,4.39,3,8,2.5,1.72,0.731,1.46,0.375,0.701,0.322
3.26,2L3X2-1/2X5/16SLBB,2L3X2-1/2X5/16SLBB,0.893,1.78,5.59,0.974,1.86,F,2L,11.2,1.75,3.02,3,9.58,2.5,1.59,0.739,1.31,0.313,0.677,0.272
3.86,2L3X2-1/2X3/8X3/4SLBB,2L3X2-1/2X3/8X3/4SLBB,0.923,2.06,10,1.15,2.96,F,2L,13.2,2.07,5.11,3,8,2.5,1.85,0.731,1.61,0.375,0.701,0.322
3.26,2L3X2-1/2X5/16X3/4SLBB,2L3X2-1/2X5/16X3/4SLBB,0.92,1.78,8.35,0.974,2.47,F,2L,11.2,1.75,4.24,3,9.58,2.5,1.84,0.739,1.6,0.313,0.677,0.272
2.64,2L3X2-1/2X1/4SLBB,2L3X2-1/2X1/4SLBB,0.89,1.47,4.46,0.794,1.49,F,2L,9,1.41,2.38,3,12,2.5,1.59,0.746,1.3,0.25,0.653,0.22
4.44,2L3X2-1/2X7/16X3/4SLBB,2L3X2-1/2X7/16X3/4SLBB,0.926,2.33,11.8,1.31,3.5,F,2L,15.2,2.38,5.98,3,6.85,2.5,1.85,0.724,1.63,0.438,0.724,0.37
3.26,2L3X2-1/2X5/16X3/8SLBB,2L3X2-1/2X5/16X3/8SLBB,0.907,1.78,6.85,0.974,2.15,F,2L,11.2,1.75,3.63,3,9.58,2.5,1.71,0.739,1.45,0.313,0.677,0.272
2.64,2L3X2-1/2X1/4X3/8SLBB,2L3X2-1/2X1/4X3/8SLBB,0.904,1.47,5.47,0.794,1.72,F,2L,9,1.41,2.87,3,12,2.5,1.7,0.746,1.44,0.25,0.653,0.22
3.86,2L3X2-1/2X3/8SLBB,2L3X2-1/2X3/8SLBB,0.897,2.06,6.73,1.15,2.24,F,2L,13.2,2.07,3.66,3,8,2.5,1.6,0.731,1.32,0.375,0.701,0.322
2,2L3X2-1/2X3/16X3/8SLBB,2L3X2-1/2X3/16X3/8SLBB,0.901,1.14,4.03,0.606,1.26,F,2L,6.78,1.07,2.12,3,16,2.5,1.7,0.753,1.42,0.188,0.627,0.167
2,2L3X2-1/2X3/16X3/4SLBB,2L3X2-1/2X3/16X3/4SLBB,0.914,1.14,4.93,0.606,1.46,F,2L,6.78,1.07,2.5,3,16,2.5,1.82,0.753,1.57,0.188,0.627,0.167
2.64,2L3X2-1/2X1/4X3/4SLBB,2L3X2-1/2X1/4X3/4SLBB,0.917,1.47,6.59,0.794,1.95,F,2L,9,1.41,3.37,3,12,2.5,1.83,0.746,1.58,0.25,0.653,0.22
2,2L3X2-1/2X3/16SLBB,2L3X2-1/2X3/16SLBB,0.887,1.14,3.33,0.606,1.11,F,2L,6.78,1.07,1.75,3,16,2.5,1.58,0.753,1.29,0.188,0.627,0.167
4.52,2L3X2X1/2X3/8SLBB,2L3X2X1/2X3/8SLBB,0.962,1.33,11,0.94,3.45,F,2L,15.4,1.77,5.73,3,6,2,1.69,0.543,1.56,0.5,0.58,0.377
4.52,2L3X2X1/2SLBB,2L3X2X1/2SLBB,0.955,1.33,9.11,0.94,3.04,F,2L,15.4,1.77,4.88,3,6,2,1.55,0.543,1.42,0.5,0.58,0.377
4.52,2L3X2X1/2X3/4SLBB,2L3X2X1/2X3/4SLBB,0.968,1.33,13.4,0.94,3.97,F,2L,15.4,1.77,6.58,3,6,2,1.83,0.543,1.72,0.5,0.58,0.377
3.5,2L3X2X3/8SLBB,2L3X2X3/8SLBB,0.949,1.08,6.76,0.736,2.25,F,2L,11.8,1.36,3.6,3,8,2,1.54,0.555,1.39,0.375,0.535,0.292
3.5,2L3X2X3/8X3/8SLBB,2L3X2X3/8X3/8SLBB,0.957,1.08,8.3,0.736,2.6,F,2L,11.8,1.36,4.26,3,8,2,1.67,0.555,1.54,0.375,0.535,0.292
3.5,2L3X2X3/8X3/4SLBB,2L3X2X3/8X3/4SLBB,0.963,1.08,10,0.736,2.96,F,2L,11.8,1.36,4.92,3,8,2,1.81,0.555,1.69,0.375,0.535,0.292
2.96,2L3X2X5/16SLBB,2L3X2X5/16SLBB,0.946,0.935,5.64,0.628,1.88,F,2L,10,1.14,2.99,3,9.58,2,1.53,0.562,1.38,0.313,0.511,0.247
2.96,2L3X2X5/16X3/8SLBB,2L3X2X5/16X3/8SLBB,0.954,0.935,6.84,0.628,2.15,F,2L,10,1.14,3.54,3,9.58,2,1.66,0.562,1.52,0.313,0.511,0.247
2.96,2L3X2X5/16X3/4SLBB,2L3X2X5/16X3/4SLBB,0.961,0.935,8.26,0.628,2.45,F,2L,10,1.14,4.1,3,9.58,2,1.8,0.562,1.67,0.313,0.511,0.247
2.4,2L3X2X1/4SLBB,2L3X2X1/4SLBB,0.944,0.779,4.5,0.515,1.5,F,2L,8.2,0.926,2.35,3,12,2,1.52,0.569,1.37,0.25,0.487,0.2
2.4,2L3X2X1/4X3/8SLBB,2L3X2X1/4X3/8SLBB,0.952,0.779,5.47,0.515,1.72,F,2L,8.2,0.926,2.8,3,12,2,1.65,0.569,1.51,0.25,0.487,0.2
2.4,2L3X2X1/4X3/4SLBB,2L3X2X1/4X3/4SLBB,0.959,0.779,6.61,0.515,1.96,F,2L,8.2,0.926,3.25,3,12,2,1.79,0.569,1.66,0.25,0.487,0.2
1.83,2L3X2X3/16SLBB,2L3X2X3/16SLBB,0.941,0.61,3.34,0.396,1.11,F,2L,6.14,0.703,1.75,3,16,2,1.52,0.577,1.35,0.188,0.462,0.153
1.83,2L3X2X3/16X3/8SLBB,2L3X2X3/16X3/8SLBB,0.95,0.61,4.06,0.396,1.27,F,2L,6.14,0.703,2.09,3,16,2,1.64,0.577,1.49,0.188,0.462,0.153
1.83,2L3X2X3/16X3/4SLBB,2L3X2X3/16X3/4SLBB,0.957,0.61,4.92,0.396,1.46,F,2L,6.14,0.703,2.43,3,16,2,1.78,0.577,1.64,0.188,0.462,0.153
3.1,2L2-1/2X2X3/8SLBB,2L2-1/2X2X3/8SLBB,0.913,1.03,3.96,0.722,1.58,F,2L,10.6,1.31,2.56,2.5,6.67,2,1.32,0.574,1.13,0.375,0.578,0.31
3.1,2L2-1/2X2X3/8X3/4SLBB,2L2-1/2X2X3/8X3/4SLBB,0.939,1.03,6.25,0.722,2.17,F,2L,10.6,1.31,3.72,2.5,6.67,2,1.59,0.574,1.42,0.375,0.578,0.31
3.1,2L2-1/2X2X3/8X3/8SLBB,2L2-1/2X2X3/8X3/8SLBB,0.927,1.03,5,0.722,1.86,F,2L,10.6,1.31,3.14,2.5,6.67,2,1.45,0.574,1.27,0.375,0.578,0.31
2.64,2L2-1/2X2X5/16X3/8SLBB,2L2-1/2X2X5/16X3/8SLBB,0.923,0.891,4.19,0.617,1.56,F,2L,9,1.11,2.61,2.5,7.99,2,1.44,0.581,1.26,0.313,0.555,0.264
2.64,2L2-1/2X2X5/16SLBB,2L2-1/2X2X5/16SLBB,0.909,0.891,3.31,0.617,1.32,F,2L,9,1.11,2.12,2.5,7.99,2,1.32,0.581,1.12,0.313,0.555,0.264
2.14,2L2-1/2X2X1/4SLBB,2L2-1/2X2X1/4SLBB,0.904,0.744,2.59,0.507,1.04,F,2L,7.24,0.909,1.67,2.5,10,2,1.32,0.589,1.1,0.25,0.532,0.214
2.14,2L2-1/2X2X1/4X3/8SLBB,2L2-1/2X2X1/4X3/8SLBB,0.92,0.744,3.29,0.507,1.22,F,2L,7.24,0.909,2.07,2.5,10,2,1.43,0.589,1.24,0.25,0.532,0.214
2.64,2L2-1/2X2X5/16X3/4SLBB,2L2-1/2X2X5/16X3/4SLBB,0.936,0.891,5.25,0.617,1.83,F,2L,9,1.11,3.11,2.5,7.99,2,1.58,0.581,1.41,0.313,0.555,0.264
2.14,2L2-1/2X2X1/4X3/4SLBB,2L2-1/2X2X1/4X3/4SLBB,0.933,0.744,4.13,0.507,1.44,F,2L,7.24,0.909,2.47,2.5,10,2,1.57,0.589,1.39,0.25,0.532,0.214
1.64,2L2-1/2X2X3/16SLBB,2L2-1/2X2X3/16SLBB,0.901,0.583,1.95,0.391,0.78,F,2L,5.5,0.695,1.23,2.5,13.3,2,1.31,0.597,1.09,0.188,0.508,0.164
1.64,2L2-1/2X2X3/16X3/8SLBB,2L2-1/2X2X3/16X3/8SLBB,0.916,0.583,2.48,0.391,0.923,F,2L,5.5,0.695,1.54,2.5,13.3,2,1.43,0.597,1.23,0.188,0.508,0.164
1.64,2L2-1/2X2X3/16X3/4SLBB,2L2-1/2X2X3/16X3/4SLBB,0.929,0.583,3.12,0.391,1.09,F,2L,5.5,0.695,1.85,2.5,13.3,2,1.56,0.597,1.38,0.188,0.508,0.164
1.89,2L2-1/2X1-1/2X1/4SLBB,2L2-1/2X1-1/2X1/4SLBB,0.962,0.316,2.59,0.28,1.04,F,2L,6.38,1.12,1.64,2.5,10,1.5,1.26,0.409,1.17,0.25,0.372,0.189
1.89,2L2-1/2X1-1/2X1/4X3/8SLBB,2L2-1/2X1-1/2X1/4X3/8SLBB,0.969,0.316,3.29,0.28,1.22,F,2L,6.38,1.12,2,2.5,10,1.5,1.4,0.409,1.32,0.25,0.372,0.189
1.89,2L2-1/2X1-1/2X1/4X3/4SLBB,2L2-1/2X1-1/2X1/4X3/4SLBB,0.975,0.316,4.08,0.28,1.42,F,2L,6.38,1.12,2.35,2.5,10,1.5,1.55,0.409,1.47,0.25,0.372,0.189
1.45,2L2-1/2X1-1/2X3/16SLBB,2L2-1/2X1-1/2X3/16SLBB,0.959,0.249,1.95,0.216,0.78,F,2L,4.88,0.82,1.21,2.5,13.3,1.5,1.26,0.416,1.16,0.188,0.347,0.145
1.45,2L2-1/2X1-1/2X3/16X3/8SLBB,2L2-1/2X1-1/2X3/16X3/8SLBB,0.967,0.249,2.45,0.216,0.912,F,2L,4.88,0.82,1.49,2.5,13.3,1.5,1.39,0.416,1.3,0.188,0.347,0.145
1.45,2L2-1/2X1-1/2X3/16X3/4SLBB,2L2-1/2X1-1/2X3/16X3/4SLBB,0.973,0.249,3.09,0.216,1.07,F,2L,4.88,0.82,1.76,2.5,13.3,1.5,1.53,0.416,1.46,0.188,0.347,0.145
