A,AISC_name,Cw,Dlt,EDI_Std_Nomenclature,H,Ix,Iy,J,PA,PB,PC,PD,Sx,Sy,T_F,Type,W,WGi,Zx,Zy,bf,bfdet,bf_2tf,d,ddet,kdes,kdet,ro,rx,ry,tf,tfdet,tw,twdet,twdet_2,y,yp
49.2,WT22X167.5,438,21.4,WT22X167.5,0.723,2170,600,37.2,58.9,74.8,59.9,75.8,131,75.2,F,WT,167.5,5.5,234,118,15.9,16,4.5,22,22,2.56,3,8.82,6.63,3.49,1.77,1.75,1.03,1,0.5,5.53,1.54
96.4,WT20X327.5,3190,11.1,WT20X327.5,0.763,3730,1440,293,59.5,76.4,60.5,77.4,234,170,T,WT,327.5,7.5,426,271,16.9,16.875,2.39,21.8,21.75,4.72,4.813,8.38,6.22,3.86,3.54,3.563,1.97,2,1,5.85,2.85
33.9,WT22X115,139,30.3,WT22X115,0.723,1440,398,12.4,57.8,73.6,58.8,74.6,88.6,50.5,F,WT,115,5.5,157,78.3,15.8,15.75,6.45,21.5,21.5,2.01,2.438,8.67,6.53,3.43,1.22,1.25,0.71,0.688,0.375,5.17,1.07
42.6,WT22X145,275,25.2,WT22X145,0.733,1830,521,25.4,58.4,74.2,59.4,75.2,111,65.9,F,WT,145,5.5,196,102,15.8,15.875,5.02,21.8,21.75,2.36,2.813,8.66,6.54,3.49,1.58,1.563,0.865,0.875,0.438,5.26,1.35
58.3,WT20X198.5,677,16.8,WT20X198.5,0.76,2070,771,70.6,56.1,72.2,57.1,73.2,134,95.7,T,WT,198.5,7.5,240,150,16.1,16.125,3.66,20.5,20.5,3.38,3.5,8.01,5.96,3.63,2.2,2.188,1.22,1.25,0.625,5.03,1.81
87.2,WT20X296.5,2340,12,WT20X296.5,0.762,3310,1260,221,58.7,75.4,59.7,76.4,209,151,T,WT,296.5,7.5,379,240,16.7,16.75,2.58,21.5,21.5,4.41,4.5,8.29,6.16,3.8,3.23,3.25,1.79,1.813,0.938,5.66,2.61
74,WT20X251.5,1400,13.6,WT20X251.5,0.76,2730,1020,138,57.4,73.8,58.4,74.8,174,124,T,WT,251.5,7.5,314,197,16.4,16.375,2.98,21,21,3.94,4,8.17,6.07,3.72,2.76,2.75,1.54,1.563,0.813,5.38,2.25
38.5,WT22X131,200,27.6,WT22X131,0.731,1640,462,18.6,58.2,74,59.2,75,99.4,58.6,F,WT,131,5.5,176,90.9,15.8,15.75,5.57,21.7,21.625,2.2,2.625,8.64,6.53,3.47,1.42,1.438,0.785,0.813,0.438,5.19,1.22
63.3,WT20X215.5,881,15.4,WT20X215.5,0.756,2290,843,88.2,56.4,72.6,57.4,73.6,148,104,T,WT,215.5,7.5,266,164,16.2,16.25,3.44,20.6,20.625,3.54,3.625,8.09,6.01,3.65,2.36,2.375,1.34,1.313,0.688,5.18,1.95
43.6,WT20X148.5,279,21.4,WT20X148.5,0.756,1500,546,30.5,54.6,70.4,55.6,71.4,98.9,69,F,WT,148.5,7.5,176,107,15.8,15.875,4.8,19.9,19.875,2.83,2.938,7.88,5.87,3.54,1.65,1.625,0.93,0.938,0.5,4.71,1.38
54.7,WT20X186,558,17.5,WT20X186,0.756,1930,709,57.7,55.7,71.8,56.7,72.8,126,88.3,T,WT,186,7.5,225,138,16.1,16.125,3.93,20.3,20.375,3.23,3.313,8,5.95,3.6,2.05,2.063,1.16,1.188,0.625,4.98,1.7
53.2,WT20X181,511,18.1,WT20X181,0.759,1870,691,54.2,55.6,71.6,56.6,72.6,122,86.3,T,WT,181,7.5,217,135,16,16,3.99,20.3,20.25,3.19,3.25,7.96,5.92,3.6,2.01,2,1.12,1.125,0.563,4.91,1.66
47.7,WT20X162,362,20.1,WT20X162,0.76,1650,609,39.6,55.1,71,56.1,72,108,76.6,F,WT,162,7.5,192,119,15.9,15.875,4.4,20.1,20.125,2.99,3.063,7.89,5.88,3.57,1.81,1.813,1,1,0.5,4.77,1.5
47.9,WT20X163.5,449,17.3,WT20X163.5,0.68,1840,320,51.4,51.9,64,52.9,65,125,52.7,T,WT,163.5,7.5,224,85,12.1,12.125,2.85,20.4,20.375,3.31,3.375,8.13,6.19,2.58,2.13,2.125,1.18,1.188,0.625,5.66,1.98
57.8,WT20X196,796,14.6,WT20X196,0.679,2270,401,85.4,53,65.4,54,66.4,153,64.9,T,WT,196,7.5,275,106,12.4,12.375,2.45,20.8,20.75,3.7,3.813,8.26,6.27,2.64,2.52,2.5,1.42,1.438,0.75,5.94,2.33
29.2,WT20X99.5,83.5,29.7,WT20X99.5,0.746,988,347,9.12,53.4,69.2,54.4,70.2,66.5,44.1,F,WT,99.5,7.5,117,68.2,15.8,15.75,7.39,19.3,19.375,2.25,2.313,7.82,5.81,3.45,1.07,1.063,0.65,0.625,0.313,4.47,0.929
48.8,WT20X165.5,484,16.7,WT20X165.5,0.674,1880,322,52.5,52,64.2,53,65.2,128,52.9,T,WT,165.5,7.5,231,85.7,12.2,12.125,2.86,20.4,20.375,3.31,3.375,8.19,6.21,2.57,2.13,2.125,1.22,1.25,0.625,5.74,2
36.7,WT20X124.5,158,26.3,WT20X124.5,0.77,1210,463,19,54.2,70,55.2,71,79.4,58.8,F,WT,124.5,7.5,140,90.8,15.8,15.75,5.55,19.7,19.75,2.6,2.688,7.7,5.75,3.55,1.42,1.438,0.75,0.75,0.375,4.41,1.16
31.8,WT20X107.5,101,30,WT20X107.5,0.771,1030,398,12.4,53.8,69.6,54.8,70.6,68,50.5,F,WT,107.5,7.5,120,77.8,15.8,15.75,6.45,19.5,19.5,2.4,2.5,7.66,5.71,3.54,1.22,1.25,0.65,0.625,0.313,4.28,1.01
40.7,WT20X138.5,218,23.9,WT20X138.5,0.77,1360,522,25.7,54.4,70.2,55.4,71.2,88.6,65.9,F,WT,138.5,7.5,157,102,15.8,15.875,5.03,19.8,19.875,2.76,2.875,7.75,5.78,3.58,1.58,1.563,0.83,0.813,0.438,4.5,1.29
31.1,WT20X105.5,113,26.3,WT20X105.5,0.69,1120,195,15.2,50.2,62,51.2,63,76.7,33,F,WT,105.5,7.5,137,52.1,11.8,11.75,4.17,19.7,19.625,2.6,2.688,7.84,6.01,2.51,1.42,1.438,0.75,0.75,0.375,5.08,1.31
24.5,WT20X83.5,62.9,29.7,WT20X83.5,0.659,899,141,6.99,49.4,61.2,50.4,62.2,63.7,23.9,F,WT,83.5,7.5,115,37.8,11.8,11.75,5.76,19.3,19.25,2.21,2.313,8.01,6.05,2.4,1.03,1,0.65,0.625,0.313,5.19,1.1
26.7,WT20X91.5,71.2,30,WT20X91.5,0.688,955,165,9.65,49.8,61.6,50.8,62.6,65.7,28,F,WT,91.5,7.5,117,44,11.8,11.75,4.92,19.5,19.5,2.38,2.5,7.81,5.98,2.49,1.2,1.188,0.65,0.625,0.313,4.97,1.13
43.1,WT20X147,322,19.1,WT20X147,0.681,1630,281,38.2,51.4,63.4,52.4,64.4,111,46.7,F,WT,147,7.5,199,75,12,12,3.11,20.2,20.25,3.11,3.188,8.06,6.14,2.55,1.93,1.938,1.06,1.063,0.563,5.51,1.8
41,WT20X139,282,19.5,WT20X139,0.675,1550,261,32.4,51.2,63.2,52.2,64.2,106,43.5,F,WT,139,7.5,191,69.9,12,12,3.31,20.1,20.125,2.99,3.063,8.08,6.14,2.52,1.81,1.813,1.03,1,0.5,5.51,1.71
34.6,WT20X117.5,156,23.9,WT20X117.5,0.691,1260,222,20.6,50.5,62.4,51.5,63.4,85.7,37.3,F,WT,117.5,7.5,153,59,11.9,11.875,3.77,19.8,19.875,2.76,2.875,7.88,6.04,2.54,1.58,1.563,0.83,0.813,0.438,5.17,1.45
38.7,WT20X132,233,20.8,WT20X132,0.679,1450,246,27.9,50.9,62.8,51.9,63.8,99.2,41.3,F,WT,132,7.5,178,66,11.9,11.875,3.45,20,20,2.91,3,8.02,6.11,2.52,1.73,1.75,0.96,0.938,0.5,5.41,1.63
96.2,WT18X326,3070,10.4,WT18X326,0.795,3160,1610,295,57.6,75.2,58.6,76.2,208,184,T,WT,326,7.5,383,290,17.6,17.625,2.48,20.5,20.5,4.49,4.813,7.91,5.74,4.1,3.54,3.563,1.97,2,1,5.35,2.73
118,WT18X401,5830,8.95,WT18X401,0.797,4110,2100,519,60,78,60.6,78.6,265,233,T,WT,401,7.5,491,372,18,18,2.1,21.3,21.25,5.04,5.125,8.12,5.9,4.22,4.29,4.313,2.38,2.375,1.188,5.8,3.28
107,WT18X361.5,4250,9.63,WT18X361.5,0.798,3610,1850,390,59,76.8,59.6,77.4,235,208,T,WT,361.5,7.5,434,329,17.8,17.75,2.28,20.9,20.875,4.65,4.688,8,5.81,4.16,3.9,3.875,2.17,2.188,1.125,5.55,3.01
21.9,WT20X74.5,51.9,30.3,WT20X74.5,0.626,815,114,4.66,49,60.8,50,61.8,59.7,19.4,F,WT,74.5,7.5,108,30.9,11.8,11.75,7.11,19.1,19.125,2.01,2.125,8.23,6.1,2.29,0.83,0.813,0.63,0.625,0.313,5.45,1.72
136,WT18X462.5,9680,7.15,WT18X462.5,0.769,5130,2470,707,61.2,79.8,61.8,80.4,337,266,T,WT,462.5,7.5,617,431,18.6,18.625,2.05,21.6,21.625,5.28,5.375,8.52,6.14,4.26,4.53,4.5,3.02,3,1.5,6.36,3.66
64.9,WT18X220.5,914,14.3,WT18X220.5,0.792,1980,997,96.6,54.8,71.8,55.8,72.8,134,117,T,WT,220.5,7.5,242,184,17,17,3.48,19.4,19.375,3.39,3.75,7.6,5.52,3.92,2.44,2.438,1.36,1.375,0.688,4.69,1.91
126,WT18X426.5,7100,8.57,WT18X426.5,0.799,4480,2300,615,60.8,79,61.4,79.6,286,253,T,WT,426.5,7.5,533,403,18.2,18.25,2.01,21.6,21.625,5.28,5.375,8.21,5.96,4.27,4.53,4.5,2.52,2.5,1.25,5.95,3.46
77.8,WT18X264.5,1600,12.4,WT18X264.5,0.794,2440,1240,163,56,73.2,57,74.2,164,145,T,WT,264.5,7.5,298,227,17.2,17.25,2.96,19.9,19.875,3.86,4.188,7.72,5.6,4,2.91,2.938,1.61,1.625,0.813,4.96,2.26
48.4,WT18X165,372,18.4,WT18X165,0.793,1410,711,42,53.2,69.8,54.2,70.8,97,85.5,F,WT,165,7.5,173,132,16.6,16.625,4.49,18.8,18.875,2.8,3.125,7.43,5.39,3.83,1.85,1.875,1.02,1,0.5,4.3,1.46
71.7,WT18X243.5,1250,13.1,WT18X243.5,0.792,2220,1120,128,55.5,72.6,56.5,73.6,150,131,T,WT,243.5,7.5,272,206,17.1,17.125,3.19,19.7,19.625,3.63,4,7.68,5.57,3.96,2.68,2.688,1.5,1.5,0.75,4.84,2.1
58.1,WT18X197.5,652,15.7,WT18X197.5,0.792,1740,877,70.7,54.2,71,55.2,72,119,104,T,WT,197.5,7.5,213,162,16.8,16.875,3.83,19.2,19.25,3.15,3.438,7.54,5.47,3.88,2.2,2.188,1.22,1.25,0.625,4.53,1.73
53,WT18X180.5,491,17,WT18X180.5,0.792,1570,786,54.1,53.7,70.4,54.7,71.4,107,94,T,WT,180.5,7.5,192,146,16.7,16.75,4.16,19,19,2.96,3.313,7.49,5.43,3.85,2.01,2,1.12,1.125,0.563,4.42,1.59
44.5,WT18X151,285,19.8,WT18X151,0.792,1280,648,32.1,53.1,69.8,54.1,70.8,88.8,77.8,F,WT,151,7.5,158,120,16.7,16.625,4.96,18.7,18.625,2.63,3,7.41,5.37,3.82,1.68,1.688,0.945,0.938,0.5,4.22,1.33
38.5,WT18X131,185,21.9,WT18X131,0.785,1110,545,20.8,52.4,69,53.4,70,77.5,65.8,F,WT,131,7.5,137,102,16.6,16.5,5.75,18.4,18.375,2.39,2.75,7.39,5.36,3.76,1.44,1.438,0.84,0.813,0.438,4.14,1.16
41.5,WT18X141,231,21,WT18X141,0.791,1190,599,26.3,52.8,69.4,53.8,70.4,82.6,72.2,F,WT,141,7.5,146,112,16.6,16.625,5.29,18.6,18.5,2.52,2.875,7.38,5.36,3.8,1.57,1.563,0.885,0.875,0.438,4.16,1.25
36.3,WT18X123.5,155,22.9,WT18X123.5,0.783,1040,507,17.3,52.1,68.6,53.1,69.6,73.3,61.4,F,WT,123.5,7.5,129,94.8,16.5,16.5,6.11,18.3,18.375,2.3,2.625,7.39,5.36,3.74,1.35,1.375,0.8,0.813,0.438,4.12,1.1
34,WT18X116,151,21.4,WT18X116,0.703,1080,234,19.7,48.3,60.4,49.3,61.4,78.5,38.6,F,WT,116,5.5,140,60.9,12.1,12.125,3.86,18.6,18.5,2.32,2.813,7.4,5.63,2.62,1.57,1.563,0.87,0.875,0.438,4.82,1.4
30.9,WT18X105,119,22,WT18X105,0.687,985,206,13.9,47.8,60,48.8,61,73.1,33.8,F,WT,105,5.5,131,53.4,12.2,12.125,4.48,18.3,18.375,2.11,2.625,7.49,5.65,2.58,1.36,1.375,0.83,0.813,0.438,4.87,1.27
37.6,WT18X128,205,19.5,WT18X128,0.703,1210,264,26.4,48.6,60.8,49.6,61.8,87.4,43.2,F,WT,128,5.5,156,68.5,12.2,12.25,3.53,18.7,18.75,2.48,2.938,7.45,5.66,2.65,1.73,1.75,0.96,0.938,0.5,4.92,1.54
26.8,WT18X91,77.6,25.1,WT18X91,0.685,845,174,9.2,47.5,59.6,48.5,60.6,63.1,28.8,F,WT,91,5.5,113,45.3,12.1,12.125,5.12,18.2,18.125,1.93,2.375,7.45,5.62,2.55,1.18,1.188,0.725,0.75,0.375,4.77,1.11
25,WT18X85,63.2,26.6,WT18X85,0.684,786,160,7.51,47.2,59.2,48.2,60.2,58.9,26.6,F,WT,85,5.5,105,41.8,12,12,5.47,18.1,18.125,1.85,2.375,7.44,5.61,2.53,1.1,1.125,0.68,0.688,0.375,4.73,1.04
28.5,WT18X97,92.7,23.8,WT18X97,0.688,901,187,11.1,47.5,59.6,48.5,60.6,67,30.9,F,WT,97,5.5,120,48.8,12.1,12.125,4.81,18.2,18.25,2.01,2.5,7.45,5.62,2.56,1.26,1.25,0.765,0.75,0.375,4.8,1.18
23.5,WT18X80,53.6,27.7,WT18X80,0.678,740,147,6.17,47,59,48,60,55.8,24.6,F,WT,80,5.5,100,38.6,12,12,5.88,18,18,1.77,2.25,7.46,5.61,2.5,1.02,1,0.65,0.625,0.313,4.74,0.98
22.1,WT18X75,46,28.6,WT18X75,0.67,698,135,5.04,46.8,58.8,47.8,59.8,53.1,22.5,F,WT,75,5.5,95.5,35.4,12,12,6.37,17.9,17.875,1.69,2.188,7.5,5.62,2.47,0.94,0.938,0.625,0.625,0.313,4.78,0.923
19.9,WT18X67.5,37.3,29.7,WT18X67.5,0.644,637,113,3.48,46.6,58.6,47.6,59.6,49.7,18.9,F,WT,67.5,5.5,90.1,29.8,12,12,7.56,17.8,17.75,1.54,2.063,7.65,5.66,2.38,0.79,0.813,0.6,0.625,0.313,4.96,1.23
57,WT16.5X193.5,615,14.3,WT16.5X193.5,0.803,1460,810,73.9,51.2,67.4,52.2,68.4,107,100,T,WT,193.5,5.5,193,156,16.2,16.25,3.55,18,18,3.07,3.563,7.05,5.07,3.77,2.28,2.25,1.26,1.25,0.625,4.27,1.76
52.1,WT16.5X177,468,15.3,WT16.5X177,0.803,1320,729,57.1,50.7,66.8,51.7,67.8,96.8,90.6,T,WT,177,5.5,174,141,16.1,16.125,3.85,17.8,17.75,2.88,3.375,7,5.03,3.74,2.09,2.063,1.16,1.188,0.625,4.15,1.62
46.8,WT16.5X159,335,16.9,WT16.5X159,0.804,1160,645,42.1,50.2,66.2,51.2,67.2,85.8,80.7,F,WT,159,5.5,154,125,16,16,4.23,17.6,17.625,2.68,3.188,6.93,4.99,3.71,1.89,1.875,1.04,1.063,0.563,4.02,1.46
42.8,WT16.5X145.5,256,18.1,WT16.5X145.5,0.802,1060,581,32.5,49.7,65.6,50.7,66.6,78.3,73.1,F,WT,145.5,5.5,140,113,15.9,15.875,4.6,17.4,17.375,2.52,2.938,6.9,4.96,3.68,1.73,1.75,0.96,0.938,0.5,3.93,1.35
38.7,WT16.5X131.5,188,19.9,WT16.5X131.5,0.802,943,517,24.3,49.4,65.2,50.4,66.2,70.2,65.5,F,WT,131.5,5.5,125,101,15.8,15.75,5.03,17.3,17.25,2.36,2.813,6.86,4.93,3.65,1.57,1.563,0.87,0.875,0.438,3.83,1.23
34.1,WT18X115.5,129,23.9,WT18X115.5,0.78,978,470,14.3,51.9,68.4,52.9,69.4,69.1,57,F,WT,115.5,7.5,122,88,16.5,16.5,6.54,18.2,18.25,2.21,2.563,7.39,5.36,3.71,1.26,1.25,0.76,0.75,0.375,4.1,1.03
35.6,WT16.5X120.5,146,20.6,WT16.5X120.5,0.792,872,466,18,49.1,65,50.1,66,65.8,58.8,F,WT,120.5,5.5,116,90.8,15.9,15.875,5.66,17.1,17.125,2.19,2.688,6.9,4.96,3.62,1.4,1.375,0.83,0.813,0.438,3.84,1.12
32.6,WT16.5X110.5,113,21.9,WT16.5X110.5,0.788,799,420,13.9,48.8,64.6,49.8,65.6,60.8,53.2,F,WT,110.5,5.5,107,82.1,15.8,15.75,6.2,17,17,2.06,2.5,6.89,4.95,3.59,1.28,1.25,0.775,0.75,0.375,3.81,1.03
29.7,WT16.5X100.5,84.9,23.5,WT16.5X100.5,0.784,725,375,10.4,48.3,64,49.3,65,55.5,47.6,F,WT,100.5,5.5,97.8,73.3,15.7,15.75,6.85,16.8,16.875,1.94,2.438,6.88,4.95,3.56,1.15,1.125,0.715,0.688,0.375,3.77,0.94
24.7,WT16.5X84.5,55.4,25.2,WT16.5X84.5,0.715,649,155,8.81,44.3,55.8,45.3,56.8,51.1,27,F,WT,84.5,5.5,90.8,42.1,11.5,11.5,4.71,16.9,16.875,1.92,2.438,6.74,5.12,2.5,1.22,1.25,0.67,0.688,0.375,4.21,1.08
22.5,WT16.5X76,43,26.3,WT16.5X76,0.7,592,136,6.16,44,55.6,45,56.6,47.4,23.6,F,WT,76,5.5,84.5,36.9,11.6,11.625,5.48,16.7,16.75,1.76,2.313,6.82,5.14,2.47,1.06,1.063,0.635,0.625,0.313,4.26,0.967
19.1,WT16.5X65,29.3,28.4,WT16.5X65,0.677,513,109,3.67,43.5,55,44.5,56,42.1,18.9,F,WT,65,5.5,75.6,29.7,11.5,11.5,6.73,16.5,16.5,1.56,2.125,6.93,5.18,2.38,0.855,0.875,0.58,0.563,0.313,4.36,0.832
20.7,WT16.5X70.5,35.4,27.6,WT16.5X70.5,0.691,552,123,4.84,43.9,55.4,44.9,56.4,44.7,21.3,F,WT,70.5,5.5,79.8,33.4,11.5,11.5,6.01,16.7,16.625,1.66,2.188,6.86,5.15,2.43,0.96,0.938,0.605,0.625,0.313,4.29,0.901
52.5,WT15X178.5,478,13.2,WT15X178.5,0.818,1090,693,66.6,47.3,62.8,48.3,63.8,87.2,89.6,T,WT,178.5,5.5,159,140,15.5,15.5,3.45,16.4,16.375,3.03,3.5,6.45,4.56,3.64,2.24,2.25,1.24,1.25,0.625,3.87,1.7
17.4,WT16.5X59,23.4,29.8,WT16.5X59,0.659,469,93.5,2.64,43.3,54.8,44.3,55.8,39.2,16.3,F,WT,59,5.5,70.8,25.6,11.5,11.5,7.76,16.4,16.375,1.44,2,7.02,5.2,2.32,0.74,0.75,0.55,0.563,0.313,4.47,0.862
57.6,WT15X195.5,636,12.2,WT15X195.5,0.817,1220,774,86.3,47.8,63.4,48.8,64.4,96.9,99.2,T,WT,195.5,5.5,177,155,15.6,15.625,3.19,16.6,16.625,3.23,3.75,6.51,4.61,3.67,2.44,2.438,1.36,1.375,0.688,4,1.85
34.7,WT15X117.5,133,18.9,WT15X117.5,0.818,674,427,20.1,45.5,60.6,46.5,61.6,55.1,56.8,F,WT,117.5,5.5,98.2,87.5,15.1,15,5.02,15.7,15.625,2.29,2.75,6.24,4.41,3.51,1.5,1.5,0.83,0.813,0.438,3.41,1.15
48,WT15X163,361,14.2,WT15X163,0.817,981,622,51.2,46.8,62.2,47.8,63.2,78.8,81,T,WT,163,5.5,143,126,15.4,15.375,3.75,16.2,16.25,2.84,3.313,6.4,4.52,3.6,2.05,2.063,1.14,1.125,0.563,3.76,1.56
43,WT15X146,257,15.7,WT15X146,0.819,861,549,37.5,46.3,61.6,47.3,62.6,69.6,71.9,F,WT,146,5.5,125,111,15.3,15.25,4.12,16,16,2.64,3.125,6.33,4.48,3.58,1.85,1.875,1.02,1,0.5,3.62,1.41
79.3,WT13.5X269.5,1740,8.3,WT13.5X269.5,0.831,1530,1060,247,47.2,62.5,47.9,63.2,128,138,T,WT,269.5,5.5,242,218,15.3,15.25,2.15,16.3,16.25,4.33,4.438,6.26,4.39,3.65,3.54,3.563,1.97,2,1,4.34,2.6
38.5,WT15X130.5,184,17,WT15X130.5,0.815,765,480,26.9,45.8,61,46.8,62,62.4,63.3,F,WT,130.5,5.5,112,97.9,15.2,15.13,4.59,15.8,15.75,2.44,2.94,6.3,4.46,3.53,1.65,1.63,0.93,0.94,0.5,3.54,1.27
25.4,WT15X86.5,53,23.2,WT15X86.5,0.802,497,299,7.78,44.4,59.4,45.4,60.4,41.7,39.9,F,WT,86.5,5.5,73.5,61.4,15,15,7.04,15.2,15.25,1.85,2.31,6.24,4.42,3.42,1.07,1.06,0.655,0.63,0.31,3.31,0.851
54.2,WT13.5X184,532,11,WT13.5X184,0.828,939,655,84.5,44.1,58.8,45.1,59.8,81.7,89.3,T,WT,184,5.5,151,140,14.7,14.63,2.96,15.2,15.25,3.27,3.69,5.96,4.16,3.48,2.48,2.5,1.38,1.38,0.69,3.71,1.85
49.5,WT13.5X168,401,11.9,WT13.5X168,0.829,839,587,65.4,43.6,58.2,44.6,59.2,73.4,80.8,T,WT,168,5.5,135,126,14.6,14.5,3.19,15,15,3.07,3.5,5.9,4.12,3.45,2.28,2.25,1.26,1.25,0.63,3.58,1.7
45.2,WT13.5X153.5,304,12.8,WT13.5X153.5,0.828,753,527,50.5,43,57.4,44,58.4,66.4,72.9,T,WT,153.5,5.5,121,113,14.4,14.5,3.46,14.8,14.75,2.88,3.31,5.85,4.08,3.41,2.09,2.06,1.16,1.19,0.63,3.47,1.56
15.9,WT15X54,17.3,27.3,WT15X54,0.668,349,73,2.49,39.3,49.8,40.3,50.8,32,13.9,F,WT,54,5.5,57.7,21.9,10.5,10.5,6.89,14.9,14.88,1.41,2,6.31,4.69,2.15,0.76,0.75,0.545,0.56,0.31,4.01,0.757
18.2,WT15X62,23.9,25.8,WT15X62,0.694,396,90.4,3.98,39.7,50.2,40.7,51.2,35.3,17.2,F,WT,62,5.5,63.1,27,10.5,10.5,5.65,15.1,15.13,1.58,2.25,6.2,4.66,2.23,0.93,0.94,0.585,0.56,0.31,3.9,0.867
17.1,WT15X58,20.5,26.5,WT15X58,0.683,373,82.1,3.21,39.5,50,40.5,51,33.7,15.6,F,WT,58,5.5,60.4,24.6,10.5,10.5,6.17,15,15,1.5,2.13,6.24,4.67,2.19,0.85,0.88,0.565,0.56,0.31,3.94,0.815
28,WT15X95.5,71.2,21.5,WT15X95.5,0.807,549,336,10.5,44.6,59.6,45.6,60.6,45.7,44.7,F,WT,95.5,5.5,80.8,68.9,15,15,6.35,15.3,15.38,1.97,2.5,6.25,4.42,3.46,1.19,1.19,0.71,0.69,0.38,3.34,0.935
19.5,WT15X66,28.5,24.7,WT15X66,0.698,421,98,4.85,39.9,50.4,40.9,51.4,37.4,18.6,F,WT,66,5.5,66.8,29.2,10.5,10.5,5.27,15.2,15.13,1.65,2.25,6.19,4.66,2.25,1,1,0.615,0.63,0.31,3.9,0.921
41.5,WT13.5X140.5,232,13.8,WT13.5X140.5,0.83,677,477,39.6,42.6,57,43.6,58,59.9,66.4,F,WT,140.5,5.5,109,103,14.4,14.38,3.72,14.6,14.63,2.72,3.13,5.79,4.04,3.39,1.93,1.94,1.06,1.06,0.56,3.35,1.44
21.8,WT15X74,37.6,23.5,WT15X74,0.716,466,114,7.24,40.1,50.6,41.1,51.6,40.6,21.7,F,WT,74,5.5,72.2,33.9,10.5,10.5,4.44,15.3,15.38,1.83,2.5,6.1,4.63,2.28,1.18,1.19,0.65,0.63,0.31,3.84,1.04
14.5,WT15X49.5,14.3,28.5,WT15X49.5,0.653,322,63.9,1.88,39.1,49.6,40.1,50.6,30,12.2,F,WT,49.5,5.5,54.4,19.3,10.5,10.5,7.8,14.8,14.88,1.32,2,6.38,4.71,2.1,0.67,0.69,0.52,0.5,0.25,4.09,0.912
34.7,WT13.5X117.5,135,15.7,WT13.5X117.5,0.825,556,384,23.4,41.8,56,42.8,57,50,54.2,F,WT,117.5,5.5,89.9,83.8,14.2,14.25,4.41,14.3,14.38,2.4,2.88,5.73,4,3.33,1.61,1.63,0.91,0.94,0.5,3.2,1.22
13.2,WT15X45,10.5,31.5,WT15X45,0.654,290,57.3,1.41,39,49.4,40,50.4,27.1,11,F,WT,45,5.5,49,17.3,10.4,10.38,8.52,14.8,14.75,1.26,1.88,6.35,4.69,2.09,0.61,0.63,0.47,0.5,0.25,4.04,0.835
32,WT13.5X108.5,105,17.1,WT13.5X108.5,0.828,502,352,18.8,41.5,55.6,42.5,56.6,45.2,49.9,F,WT,108.5,5.5,81.1,77,14.1,14.13,4.71,14.2,14.25,2.29,2.69,5.68,3.96,3.32,1.5,1.5,0.83,0.81,0.44,3.1,1.13
31.1,WT15X105.5,96.4,20,WT15X105.5,0.809,610,378,14.1,45.1,60.2,46.1,61.2,50.5,50.1,F,WT,105.5,5.5,89.5,77.2,15.1,15.13,5.74,15.5,15.5,2.1,2.56,6.27,4.43,3.49,1.32,1.31,0.775,0.75,0.38,3.39,1.03
38.1,WT13.5X129,178,14.8,WT13.5X129,0.828,613,430,30.7,42.3,56.6,43.3,57.6,54.7,60.2,F,WT,129,5.5,98.9,93.3,14.3,14.25,4.03,14.5,14.5,2.56,3,5.76,4.02,3.36,1.77,1.75,0.98,1,0.5,3.27,1.33
23.8,WT13.5X80.5,42.7,20.9,WT13.5X80.5,0.814,372,248,7.53,40.6,54.6,41.6,55.6,34.4,35.4,F,WT,80.5,5.5,60.8,54.5,14,14,6.49,13.8,13.75,1.87,2.31,5.66,3.95,3.23,1.08,1.06,0.66,0.69,0.38,2.98,0.849
26.3,WT13.5X89,57.7,19.2,WT13.5X89,0.815,414,278,10,40.9,55,41.9,56,38.2,39.4,F,WT,89,5.5,67.7,60.8,14.1,14.13,5.92,13.9,13.88,1.98,2.38,5.69,3.97,3.25,1.19,1.19,0.725,0.75,0.38,3.04,0.932
28.6,WT13.5X97,74.3,18.8,WT13.5X97,0.827,444,309,13.5,41.2,55.2,42.2,56.2,40.3,44.1,F,WT,97,5.5,71.8,67.8,14,14,5.24,14.1,14,2.13,2.56,5.64,3.94,3.29,1.34,1.31,0.75,0.75,0.38,3.02,1.02
18.9,WT13.5X64.5,24,22.6,WT13.5X64.5,0.732,323,92.2,5.55,36.6,46.6,37.6,47.6,31,18.4,F,WT,64.5,5.5,55.1,28.8,10,10,4.55,13.8,13.88,1.7,2.31,5.48,4.13,2.21,1.1,1.13,0.61,0.63,0.31,3.39,0.945
16.8,WT13.5X57,17.5,23.9,WT13.5X57,0.716,289,79.3,3.65,36.3,46.4,37.3,47.4,28.3,15.8,F,WT,57,5.5,50.4,24.6,10.1,10.13,5.41,13.6,13.63,1.53,2.13,5.54,4.15,2.18,0.93,0.94,0.57,0.56,0.31,3.42,0.832
21.6,WT13.5X73,31.7,22.6,WT13.5X73,0.812,336,222,5.62,40.4,54.4,41.4,55.4,31.2,31.7,F,WT,73,5.5,55,48.8,14,14,7.16,13.7,13.75,1.76,2.19,5.64,3.95,3.2,0.975,1,0.605,0.63,0.31,2.94,0.772
15,WT13.5X51,12.6,26.2,WT13.5X51,0.713,258,69.6,2.63,36,46,37,47,25.3,13.9,F,WT,51,5.5,45,21.7,10,10,6.03,13.5,13.5,1.43,2.06,5.53,4.14,2.15,0.83,0.81,0.515,0.5,0.25,3.37,0.75
13.8,WT13.5X47,10.2,27.6,WT13.5X47,0.702,239,62,2.01,36,46,37,47,23.8,12.4,F,WT,47,5.5,42.4,19.4,10,10,6.7,13.5,13.5,1.34,1.94,5.57,4.16,2.12,0.745,0.75,0.49,0.5,0.25,3.41,0.692
12.4,WT13.5X42,7.79,29.1,WT13.5X42,0.685,216,52.8,1.4,35.8,45.8,36.8,46.8,21.9,10.6,F,WT,42,5.5,39.2,16.6,10,10,7.78,13.4,13.38,1.24,1.88,5.63,4.18,2.07,0.64,0.63,0.46,0.44,0.25,3.48,0.621
49.1,WT12X167.5,405,10,WT12X167.5,0.837,686,513,75.6,40.1,53.6,41.1,54.6,66.3,75.9,T,WT,167.5,5.5,123,119,13.5,13.5,2.73,13.8,13.75,2.98,3.75,5.4,3.73,3.23,2.48,2.5,1.38,1.38,0.69,3.42,1.82
54.5,WT12X185,553,9.2,WT12X185,0.837,779,581,100,40.7,54.4,41.7,55.4,74.7,85.1,T,WT,185,5.5,140,133,13.7,13.63,2.51,14,14,3.22,4,5.47,3.78,3.27,2.72,2.75,1.52,1.5,0.75,3.57,1.99
41,WT12X139.5,230,11.6,WT12X139.5,0.837,546,412,45.1,39.1,52.4,40.1,53.4,53.6,61.9,T,WT,139.5,5.5,98.8,96.3,13.3,13.25,3.18,13.4,13.38,2.59,3.38,5.28,3.65,3.17,2.09,2.06,1.16,1.19,0.63,3.18,1.54
44.9,WT12X153,305,10.8,WT12X153,0.837,611,460,58.4,39.6,53,40.6,54,59.4,68.6,T,WT,153,5.5,110,107,13.4,13.38,2.94,13.6,13.63,2.78,3.56,5.34,3.69,3.2,2.28,2.25,1.26,1.25,0.63,3.29,1.67
36.8,WT12X125,165,12.7,WT12X125,0.838,478,362,33.2,38.6,51.8,39.6,52.8,47.2,54.9,F,WT,125,5.5,86.5,85.2,13.2,13.13,3.49,13.2,13.13,2.39,3.13,5.22,3.61,3.14,1.89,1.88,1.04,1.06,0.56,3.05,1.39
33.6,WT12X114.5,125,13.5,WT12X114.5,0.836,431,326,25.5,38.1,51.2,39.1,52.2,42.9,49.7,F,WT,114.5,5.5,78.1,77,13.1,13.13,3.79,13,13,2.23,3,5.19,3.58,3.11,1.73,1.75,0.96,0.94,0.5,2.96,1.28
30.3,WT12X103.5,91.3,14.8,WT12X103.5,0.836,382,289,19.1,37.8,50.8,38.8,51.8,38.3,44.4,F,WT,103.5,5.5,69.3,68.6,13,13,4.14,12.9,12.88,2.07,2.88,5.14,3.55,3.08,1.57,1.56,0.87,0.88,0.44,2.87,1.17
28.2,WT12X96,72.5,15.7,WT12X96,0.836,350,265,15.3,37.4,50.4,38.4,51.4,35.2,40.9,F,WT,96,5.5,63.5,63.1,13,13,4.43,12.7,12.75,1.96,2.75,5.11,3.53,3.07,1.46,1.44,0.81,0.81,0.44,2.8,1.09
25.8,WT12X88,55.8,16.8,WT12X88,0.835,319,240,11.9,37.1,50,38.1,51,32.2,37.2,F,WT,88,5.5,57.8,57.3,12.9,12.88,4.81,12.6,12.63,1.84,2.63,5.09,3.51,3.04,1.34,1.31,0.75,0.75,0.38,2.74,1
23.9,WT12X81,43.8,17.7,WT12X81,0.832,293,221,9.22,37,50,38,51,29.9,34.2,F,WT,81,5.5,53.3,52.6,13,13,5.31,12.5,12.5,1.72,2.5,5.09,3.5,3.05,1.22,1.25,0.705,0.69,0.38,2.7,0.921
21.5,WT12X73,31.9,19.1,WT12X73,0.827,264,195,6.7,36.7,49.6,37.7,50.6,27.2,30.3,F,WT,73,5.5,48.2,46.6,12.9,12.88,5.92,12.4,12.38,1.59,2.38,5.08,3.5,3.01,1.09,1.06,0.65,0.63,0.31,2.66,0.833
19.3,WT12X65.5,23.1,20.2,WT12X65.5,0.818,238,170,4.74,36.3,49.2,37.3,50.2,24.8,26.5,F,WT,65.5,5.5,43.9,40.7,12.9,12.88,6.7,12.2,12.25,1.46,2.25,5.09,3.52,2.97,0.96,0.94,0.605,0.63,0.31,2.65,0.75
17.2,WT12X58.5,16.4,22,WT12X58.5,0.814,212,149,3.35,36,48.8,37,49.8,22.3,23.2,F,WT,58.5,5.5,39.2,35.7,12.8,12.75,7.53,12.1,12.13,1.35,2.13,5.08,3.51,2.94,0.85,0.88,0.55,0.56,0.31,2.62,0.672
15.1,WT12X51.5,12.3,22.4,WT12X51.5,0.733,204,59.7,3.53,32.6,41.6,33.6,42.6,22,13.3,F,WT,51.5,5.5,39.2,20.7,9,9,4.59,12.3,12.25,1.48,2.25,4.88,3.67,1.99,0.98,1,0.55,0.56,0.31,3.01,0.841
15.3,WT12X52,11.6,24,WT12X52,0.809,189,130,2.35,35.8,48.6,36.8,49.6,20,20.3,F,WT,52,5.5,35.1,31.2,12.8,12.75,8.5,12,12,1.25,2.06,5.07,3.51,2.91,0.75,0.75,0.5,0.5,0.25,2.59,0.6
13.8,WT12X47,9.57,23.7,WT12X47,0.727,186,54.5,2.62,32.5,41.5,33.5,42.5,20.3,12,F,WT,47,5.5,36.1,18.7,9.07,9.13,5.18,12.2,12.13,1.38,2.13,4.89,3.67,1.98,0.875,0.88,0.515,0.5,0.25,2.99,0.764
11.2,WT12X38,5.3,27.3,WT12X38,0.709,151,41.3,1.34,32,41,33,42,16.9,9.18,F,WT,38,5.5,30.1,14.3,8.99,9,6.61,12,12,1.18,1.94,4.93,3.68,1.92,0.68,0.69,0.44,0.44,0.25,3,0.622
10,WT12X34,4.08,28.7,WT12X34,0.691,137,35.2,0.932,31.8,40.7,32.8,41.7,15.6,7.85,F,WT,34,5.5,27.9,12.3,8.97,9,7.66,11.9,11.88,1.09,1.88,4.99,3.7,1.87,0.585,0.56,0.415,0.44,0.25,3.06,0.56
12.4,WT12X42,6.9,25.7,WT12X42,0.72,166,47.2,1.84,32.2,41.2,33.2,42.2,18.3,10.5,F,WT,42,5.5,32.5,16.3,9.02,9,5.86,12.1,12,1.27,2.06,4.9,3.67,1.95,0.77,0.75,0.47,0.5,0.25,2.97,0.685
9.11,WT12X31,3.92,27.7,WT12X31,0.619,131,17.2,0.85,30.2,37.2,30.8,37.9,15.6,4.9,F,WT,31,3.5,28.4,7.85,7.04,7,5.97,11.9,11.88,1.09,1.5,5.13,3.79,1.38,0.59,0.56,0.43,0.44,0.25,3.46,1.28
40.9,WT10.5X137.5,224,9.92,WT10.5X137.5,0.859,420,394,53.5,36.1,49,37.1,50,45.7,61.1,T,WT,137.5,5.5,86.3,95.1,12.9,12.88,2.95,12.1,12.13,3.37,3.44,4.81,3.2,3.1,2.19,2.19,1.22,1.25,0.63,2.9,1.59
37,WT10.5X124,163,10.8,WT10.5X124,0.86,368,349,40.2,35.6,48.4,36.6,49.4,40.3,54.5,F,WT,124,5.5,75.7,84.8,12.8,12.75,3.22,11.9,11.88,3.17,3.25,4.75,3.15,3.07,1.99,2,1.1,1.13,0.56,2.77,1.45
8.1,WT12X27.5,2.93,29.9,WT12X27.5,0.606,117,14.5,0.588,29.9,36.9,30.6,37.6,14.1,4.15,F,WT,27.5,3.5,25.6,6.65,7.01,7,6.94,11.8,11.75,1.01,1.44,5.17,3.8,1.34,0.505,0.5,0.395,0.38,0.19,3.5,1.53
33.2,WT10.5X111.5,117,11.7,WT10.5X111.5,0.859,324,307,29.6,35.1,47.8,36.1,48.8,35.9,48.3,F,WT,111.5,5.5,66.7,74.9,12.7,12.75,3.55,11.7,11.75,2.97,3.06,4.7,3.12,3.04,1.79,1.81,1,1,0.5,2.66,1.31
29.6,WT10.5X100.5,85.4,12.6,WT10.5X100.5,0.859,285,271,20.4,34.6,47.2,35.6,48.2,31.9,43.1,F,WT,100.5,5.5,58.6,66.5,12.6,12.63,3.86,11.5,11.5,2.13,2.88,4.67,3.1,3.02,1.63,1.63,0.91,0.94,0.5,2.57,1.18
19.4,WT10.5X66,23.4,16.8,WT10.5X66,0.845,181,166,5.62,33.2,45.6,34.2,46.6,21.1,26.7,F,WT,66,5.5,37.6,41.1,12.4,12.5,6.01,10.9,10.88,1.54,2.25,4.6,3.06,2.93,1.04,1.06,0.65,0.63,0.31,2.33,0.78
26.8,WT10.5X91,63,13.7,WT10.5X91,0.859,253,241,15.3,34.3,46.8,35.3,47.8,28.5,38.6,F,WT,91,5.5,52.1,59.5,12.5,12.5,4.22,11.4,11.38,1.98,2.75,4.64,3.07,3,1.48,1.5,0.83,0.81,0.44,2.48,1.07
7.07,WT10.5X24,1.52,29.4,WT10.5X24,0.676,74.9,19.4,0.4,28.2,36.4,28.7,36.9,9.9,4.76,F,WT,24,5.5,17.8,7.44,8.14,8.13,9.47,10.3,10.25,0.93,1.13,4.44,3.26,1.66,0.43,0.44,0.35,0.38,0.19,2.74,0.459
16.3,WT10.5X55.5,13.8,19.6,WT10.5X55.5,0.845,150,137,3.4,32.9,45.2,33.9,46.2,17.5,22.2,F,WT,55.5,5.5,31,34.1,12.3,12.38,7.05,10.8,10.75,1.38,2.13,4.56,3.03,2.9,0.875,0.88,0.55,0.56,0.31,2.23,0.662
8.37,WT10.5X28.5,2.5,25.9,WT10.5X28.5,0.665,90.4,15.3,0.884,27,33.6,27.6,34.1,11.8,4.67,F,WT,28.5,3.5,21.2,7.4,6.56,6.5,5.04,10.5,10.5,1.15,1.31,4.36,3.29,1.35,0.65,0.63,0.405,0.38,0.19,2.85,0.638
7.36,WT10.5X25,1.89,27.4,WT10.5X25,0.64,80.3,12.5,0.57,26.8,33.3,27.3,33.9,10.7,3.82,F,WT,25,3.5,19.4,6.08,6.53,6.5,6.1,10.4,10.38,1.04,1.25,4.44,3.3,1.3,0.535,0.56,0.38,0.38,0.19,2.93,0.771
14.9,WT10.5X50.5,10.4,21.4,WT10.5X50.5,0.846,135,124,2.6,32.7,45,33.7,46,15.8,20.2,F,WT,50.5,5.5,27.9,30.8,12.3,12.25,7.68,10.7,10.63,1.3,2.06,4.53,3.01,2.89,0.8,0.81,0.5,0.5,0.25,2.18,0.605
41.7,WT9X141.5,251,7.79,WT9X141.5,0.873,337,352,66.5,33,44.9,33.7,45.6,41.5,59.2,F,WT,141.5,5.5,80.2,92.5,11.9,11.88,2.38,10.9,10.88,3,3.38,4.36,2.85,2.91,2.5,2.5,1.4,1.38,0.69,2.8,1.75
45.8,WT9X155.5,339,7.37,WT9X155.5,0.875,383,398,87.2,33.7,45.7,34.4,46.4,46.6,66.2,F,WT,155.5,5.5,90.6,104,12,12,2.19,11.2,11.13,3.24,3.56,4.41,2.89,2.95,2.74,2.75,1.52,1.5,0.75,2.93,1.91
6.49,WT10.5X22,1.4,29.4,WT10.5X22,0.623,71.1,10.3,0.383,26.6,33.1,27.1,33.6,9.68,3.18,F,WT,22,3.5,17.6,5.07,6.5,6.5,7.22,10.3,10.38,0.95,1.13,4.49,3.31,1.26,0.45,0.44,0.35,0.38,0.19,2.98,1.06
31.2,WT9X105.5,102,9.72,WT9X105.5,0.874,229,246,29.1,31.5,43.1,32.2,43.8,29.1,42.7,F,WT,105.5,5.5,55,66.1,11.6,11.5,3.02,10.3,10.38,2.31,2.81,4.19,2.72,2.82,1.91,1.94,1.06,1.06,0.56,2.44,1.34
38,WT9X129,189,8.36,WT9X129,0.874,298,314,51.1,32.5,44.3,33.2,45,37,53.4,F,WT,129,5.5,71,83.1,11.8,11.75,2.56,10.7,10.75,2.7,3.19,4.3,2.8,2.88,2.3,2.31,1.28,1.25,0.63,2.68,1.61
13.7,WT10.5X46.5,9.33,18.6,WT10.5X46.5,0.73,144,46.4,3.01,29.5,37.9,30,38.4,17.9,11,F,WT,46.5,5.5,31.8,17.3,8.42,8.38,4.53,10.8,10.75,1.43,1.63,4.37,3.25,1.84,0.93,0.94,0.58,0.56,0.31,2.74,0.812
34.3,WT9X117,140,9.05,WT9X117,0.875,261,279,39.1,32,43.7,32.7,44.4,32.7,47.9,F,WT,117,5.5,62.4,74.4,11.7,11.63,2.76,10.5,10.5,2.51,3,4.23,2.75,2.85,2.11,2.13,1.16,1.19,0.63,2.55,1.48
17.9,WT10.5X61,18.4,18,WT10.5X61,0.846,166,152,4.47,33,45.4,34,46.4,19.3,24.6,F,WT,61,5.5,34.3,37.8,12.4,12.38,6.45,10.8,10.88,1.46,2.25,4.58,3.04,2.91,0.96,0.94,0.6,0.63,0.31,2.28,0.724
28.1,WT9X96,75.7,10.6,WT9X96,0.875,202,220,22.3,31.2,42.7,31.9,43.4,25.8,38.4,F,WT,96,5.5,48.5,59.4,11.5,11.5,3.27,10.2,10.13,2.15,2.63,4.13,2.68,2.79,1.75,1.75,0.96,0.94,0.5,2.34,1.23
25.7,WT9X87.5,56.5,11.2,WT9X87.5,0.872,181,196,16.8,30.7,42.1,31.4,42.8,23.4,34.4,F,WT,87.5,5.5,43.6,53.1,11.4,11.38,3.58,10,10,1.99,2.44,4.1,2.66,2.76,1.59,1.56,0.89,0.88,0.44,2.26,1.13
10,WT10.5X34,3.62,24.7,WT10.5X34,0.728,103,32.4,1.22,29,37.2,29.5,37.7,12.9,7.83,F,WT,34,5.5,22.9,12.2,8.27,8.25,6.04,10.6,10.63,1.19,1.38,4.3,3.2,1.8,0.685,0.69,0.43,0.44,0.25,2.59,0.606
21.6,WT10.5X73.5,32.5,15.3,WT10.5X73.5,0.846,204,188,7.69,33.5,46,34.5,47,23.7,30,F,WT,73.5,5.5,42.4,46.3,12.5,12.5,5.44,11,11,1.65,2.44,4.63,3.08,2.95,1.15,1.13,0.72,0.75,0.38,2.39,0.864
8.1,WT10.5X27.5,2.08,27.7,WT10.5X27.5,0.703,84.4,24.2,0.617,28.5,36.7,29,37.2,10.9,5.89,F,WT,27.5,5.5,19.4,9.18,8.22,8.25,7.87,10.4,10.38,1.02,1.19,4.37,3.23,1.73,0.522,0.5,0.375,0.38,0.19,2.64,0.493
12.2,WT10.5X41.5,6.5,20.8,WT10.5X41.5,0.732,127,40.7,2.16,29.2,37.6,29.8,38.1,15.7,9.74,F,WT,41.5,5.5,28,15.2,8.36,8.38,5,10.7,10.75,1.34,1.5,4.33,3.22,1.83,0.835,0.81,0.515,0.5,0.25,2.66,0.728
21,WT9X71.5,30.7,13.4,WT9X71.5,0.874,142,156,9.58,30,41.2,30.7,41.9,18.5,27.7,F,WT,71.5,5.5,34,42.7,11.2,11.25,4.25,9.75,9.75,1.72,2.19,4.02,2.6,2.72,1.32,1.31,0.73,0.75,0.38,2.09,0.937
9.13,WT10.5X31,2.78,26.3,WT10.5X31,0.721,93.8,28.7,0.913,28.7,37,29.2,37.5,11.9,6.97,F,WT,31,5.5,21.1,10.9,8.24,8.25,6.7,10.5,10.5,1.12,1.31,4.31,3.21,1.77,0.615,0.63,0.4,0.38,0.19,2.58,0.554
10.7,WT10.5X36.5,4.42,23.3,WT10.5X36.5,0.732,110,35.3,1.51,29,37.3,29.5,37.8,13.8,8.51,F,WT,36.5,5.5,24.4,13.3,8.3,8.25,5.6,10.6,10.63,1.24,1.44,4.3,3.21,1.81,0.74,0.75,0.455,0.44,0.25,2.6,0.647
23.2,WT9X79,41.2,12.2,WT9X79,0.872,160,174,12.5,30.3,41.6,31,42.3,20.8,30.7,F,WT,79,5.5,38.5,47.4,11.3,11.25,3.92,9.86,9.88,1.84,2.38,4.06,2.63,2.74,1.44,1.44,0.81,0.81,0.44,2.17,1.02
15.6,WT9X53,12.1,15.9,WT9X53,0.86,104,110,3.73,29.3,40.5,29.9,41.1,14.1,19.7,F,WT,53,5.5,25.2,30.2,11.2,11.25,5.96,9.37,9.38,1.34,1.81,4,2.59,2.66,0.94,0.94,0.59,0.56,0.31,1.97,0.695
24.4,WT10.5X83,47.3,14.9,WT10.5X83,0.861,226,217,11.8,33.8,46.2,34.8,47.2,25.5,35,F,WT,83,5.5,46.3,53.9,12.4,12.38,4.57,11.2,11.25,1.86,2.63,4.59,3.04,2.99,1.36,1.38,0.75,0.75,0.38,2.39,0.983
12.7,WT9X43,6.42,19.2,WT9X43,0.861,82.4,87.6,2.04,28.8,39.9,29.5,40.6,11.2,15.8,F,WT,43,5.5,19.9,24.2,11.1,11.13,7.2,9.2,9.25,1.17,1.63,3.95,2.55,2.63,0.77,0.75,0.48,0.5,0.25,1.86,0.57
17.6,WT9X59.5,17.4,14.5,WT9X59.5,0.862,119,126,5.3,29.6,40.9,30.3,41.6,15.9,22.5,F,WT,59.5,5.5,28.7,34.5,11.3,11.25,5.31,9.49,9.5,1.46,1.94,4.03,2.6,2.69,1.06,1.06,0.655,0.63,0.31,2.03,0.778
19.2,WT9X65,22.8,14.4,WT9X65,0.873,127,139,7.23,29.8,41,30.5,41.7,16.7,24.9,F,WT,65,5.5,30.5,38.3,11.2,11.13,4.65,9.63,9.63,1.6,2.06,4,2.58,2.7,1.2,1.19,0.67,0.69,0.38,2.02,0.856
10.4,WT9X35.5,3.96,18.7,WT9X35.5,0.752,78.2,30.1,1.74,25.6,33.2,26.1,33.8,11.2,7.89,F,WT,35.5,3.5,20,12.3,7.64,7.63,4.71,9.24,9.25,1.21,1.5,3.72,2.74,1.7,0.81,0.81,0.495,0.5,0.25,2.26,0.683
11.1,WT9X38,4.37,21.4,WT9X38,0.861,71.8,76.2,1.41,28.5,39.5,29.2,40.2,9.83,13.8,F,WT,38,5.5,17.3,21.1,11,11,8.11,9.11,9.13,1.08,1.56,3.93,2.54,2.61,0.68,0.69,0.425,0.44,0.25,1.8,0.505
8.1,WT9X27.5,1.84,23.2,WT9X27.5,0.749,59.5,22.5,0.83,25.1,32.7,25.7,33.2,8.63,5.97,F,WT,27.5,3.5,15.3,9.26,7.53,7.5,5.98,9.06,9,1.03,1.31,3.68,2.71,1.67,0.63,0.63,0.39,0.38,0.19,2.16,0.538
9.55,WT9X32.5,3.01,20.4,WT9X32.5,0.755,70.7,27.4,1.36,25.4,33,26,33.5,10.1,7.22,F,WT,32.5,3.5,18,11.2,7.59,7.63,5.06,9.18,9.13,1.15,1.44,3.69,2.72,1.69,0.75,0.75,0.45,0.44,0.25,2.2,0.629
8.82,WT9X30,2.35,22,WT9X30,0.756,64.7,25,1.08,25.3,32.8,25.8,33.4,9.29,6.63,F,WT,30,3.5,16.5,10.3,7.56,7.5,5.44,9.12,9.13,1.1,1.38,3.67,2.71,1.68,0.695,0.69,0.415,0.44,0.25,2.16,0.583
14.2,WT9X48.5,9.29,17.4,WT9X48.5,0.863,93.8,100,2.92,29,40.1,29.7,40.8,12.7,18,F,WT,48.5,5.5,22.6,27.6,11.1,11.13,6.41,9.3,9.25,1.27,1.75,3.97,2.56,2.65,0.87,0.88,0.535,0.56,0.31,1.91,0.64
11.3,WT8X38.5,4.61,18.2,WT8X38.5,0.877,56.9,69.2,1.78,26.1,36.4,26.8,37.1,8.59,13.4,F,WT,38.5,5.5,15.3,20.5,10.3,10.25,6.77,8.26,8.25,1.16,1.63,3.57,2.24,2.47,0.76,0.75,0.455,0.44,0.25,1.63,0.549
5.88,WT9X20,0.788,28.4,WT9X20,0.693,44.8,9.55,0.404,23.4,29.4,23.9,29.9,6.73,3.17,F,WT,20,3.5,12,4.97,6.02,6,5.73,8.95,9,0.927,1.19,3.65,2.76,1.27,0.525,0.5,0.315,0.31,0.19,2.29,0.489
7.34,WT9X25,1.36,25.4,WT9X25,0.748,53.5,20,0.619,25,32.5,25.5,33,7.79,5.35,F,WT,25,3.5,13.8,8.28,7.5,7.5,6.57,9,9,0.972,1.25,3.66,2.7,1.65,0.57,0.56,0.355,0.38,0.19,2.12,0.489
9.81,WT8X33.5,3.01,20.7,WT8X33.5,0.879,48.6,59.5,1.19,25.9,36.1,26.5,36.7,7.36,11.6,F,WT,33.5,5.5,13,17.7,10.2,10.25,7.7,8.17,8.13,1.07,1.56,3.54,2.22,2.46,0.665,0.69,0.395,0.38,0.19,1.56,0.481
7.37,WT8X25,1.34,21.4,WT8X25,0.769,42.3,18.6,0.76,22.8,29.9,23.3,30.4,6.78,5.26,F,WT,25,3.5,12,8.15,7.07,7.13,5.61,8.13,8.13,1.03,1.31,3.28,2.4,1.59,0.63,0.63,0.38,0.38,0.19,1.89,0.521
8.39,WT8X28.5,1.99,19.1,WT8X28.5,0.77,48.7,21.6,1.1,23,30.2,23.6,30.7,7.77,6.06,F,WT,28.5,3.5,13.8,9.42,7.12,7.13,4.98,8.22,8.25,1.12,1.38,3.3,2.41,1.6,0.715,0.69,0.43,0.44,0.25,1.94,0.589
6.63,WT8X22.5,0.974,23.4,WT8X22.5,0.767,37.8,16.4,0.555,22.7,29.7,23.2,30.2,6.1,4.67,F,WT,22.5,3.5,10.8,7.22,7.04,7,6.23,8.07,8.13,0.967,1.25,3.27,2.39,1.57,0.565,0.56,0.345,0.38,0.19,1.86,0.471
5.15,WT9X17.5,0.598,29.5,WT9X17.5,0.662,40.1,7.67,0.252,23.2,29.2,23.7,29.7,6.21,2.56,F,WT,17.5,3.5,11.2,4.02,6,6,7.06,8.85,8.88,0.827,1.13,3.74,2.79,1.22,0.425,0.44,0.3,0.31,0.19,2.39,0.45
5.29,WT8X18,0.516,26.9,WT8X18,0.745,30.6,12.2,0.272,22.3,29.3,22.9,29.8,5.05,3.5,F,WT,18,3.5,8.93,5.42,6.99,7,8.12,7.93,7.88,0.832,1.13,3.3,2.41,1.52,0.43,0.44,0.295,0.31,0.19,1.88,0.378
4.56,WT8X15.5,0.366,28.9,WT8X15.5,0.695,27.5,6.2,0.23,20.9,26.4,21.4,26.9,4.64,2.24,F,WT,15.5,3.5,8.27,3.51,5.53,5.5,6.28,7.94,8,0.842,1.13,3.26,2.45,1.17,0.44,0.44,0.275,0.25,0.13,2.02,0.413
5.89,WT8X20,0.673,26.3,WT8X20,0.769,33.1,14.4,0.396,22.5,29.5,23,30,5.35,4.12,F,WT,20,3.5,9.43,6.36,7,7,6.93,8.01,8,0.907,1.19,3.24,2.37,1.56,0.505,0.5,0.305,0.31,0.19,1.81,0.421
3.84,WT8X13,0.243,31.4,WT8X13,0.667,23.5,4.79,0.13,20.7,26.2,21.2,26.7,4.09,1.74,F,WT,13,3.5,7.36,2.73,5.5,5.5,7.97,7.85,7.88,0.747,1.06,3.32,2.47,1.12,0.345,0.38,0.25,0.25,0.13,2.09,0.372
129,WT7X436.5,8980,2.99,WT7X436.5,0.962,1040,3080,1110,41.9,60.7,42.4,61.2,131,328,T,WT,436.5,8.5,281,511,18.8,18.75,1.71,11.8,11.75,6.1,6.19,5.76,2.84,4.89,5.51,5.5,3.94,3.94,2,3.88,3.43
6.77,WT9X23,1.2,25.1,WT9X23,0.695,52.1,11.3,0.609,23.6,29.7,24.1,30.2,7.77,3.71,F,WT,23,3.5,13.9,5.84,6.06,6,5.01,9.03,9,1.01,1.25,3.67,2.77,1.29,0.605,0.63,0.36,0.38,0.19,2.33,0.558
14.7,WT8X50,10.4,14.5,WT8X50,0.878,76.8,93.1,3.85,26.7,37.1,27.4,37.8,11.4,17.9,F,WT,50,5.5,20.7,27.4,10.4,10.38,5.29,8.49,8.5,1.39,1.88,3.63,2.28,2.51,0.985,1,0.585,0.56,0.31,1.76,0.706
13.1,WT8X44.5,7.19,16,WT8X44.5,0.877,67.2,81.3,2.72,26.5,36.9,27.2,37.6,10.1,15.7,F,WT,44.5,5.5,18.1,24,10.4,10.38,5.92,8.38,8.38,1.28,1.75,3.6,2.27,2.49,0.875,0.88,0.525,0.5,0.25,1.7,0.631
119,WT7X404,7000,3.05,WT7X404,0.96,898,2770,898,40.9,59.5,41.4,60,116,298,T,WT,404,8.5,249,465,18.6,18.63,1.82,11.4,11.38,5.71,5.75,5.67,2.75,4.82,5.12,5.13,3.74,3.75,1.88,3.69,3.2
107,WT7X365,5250,3.65,WT7X365,0.966,739,2360,714,39.3,57.2,40.3,58.2,95.4,264,T,WT,365,7.5,211,408,17.9,17.88,1.82,11.2,11.25,5.51,6.19,5.47,2.62,4.69,4.91,4.94,3.07,3.06,1.56,3.47,3
97.8,WT7X332.5,3920,3.82,WT7X332.5,0.966,622,2080,555,38.3,56,39.3,57,82.1,236,T,WT,332.5,7.5,182,365,17.7,17.63,1.95,10.8,10.88,5.12,5.81,5.35,2.52,4.62,4.52,4.5,2.83,2.81,1.44,3.25,2.77
89,WT7X302.5,2930,4.04,WT7X302.5,0.966,524,1840,430,37.4,54.8,38.4,55.8,70.6,211,T,WT,302.5,7.5,157,326,17.4,17.38,2.09,10.5,10.5,4.76,5.44,5.24,2.43,4.55,4.16,4.19,2.6,2.63,1.31,3.05,2.55
80.9,WT7X275,2180,4.24,WT7X275,0.966,442,1630,331,36.4,53.6,37.4,54.6,60.9,189,T,WT,275,7.5,136,292,17.2,17.25,2.25,10.1,10.13,4.42,5.13,5.15,2.34,4.49,3.82,3.81,2.38,2.38,1.19,2.85,2.35
73.5,WT7X250,1620,4.47,WT7X250,0.967,375,1440,254,35.6,52.6,36.6,53.6,52.7,169,T,WT,250,7.5,117,261,17,17,2.43,9.8,9.75,4.1,4.81,5.06,2.26,4.43,3.5,3.5,2.19,2.19,1.13,2.67,2.16
66.9,WT7X227.5,1210,4.71,WT7X227.5,0.967,321,1280,196,34.8,51.6,35.8,52.6,45.9,152,T,WT,227.5,7.5,102,234,16.8,16.88,2.62,9.51,9.5,3.81,4.5,4.98,2.19,4.38,3.21,3.19,2.02,2,1,2.51,1.99
62.7,WT7X213,991,4.97,WT7X213,0.968,287,1180,164,34.4,51.1,35.4,52.1,41.4,141,T,WT,213,7.5,91.7,217,16.7,16.75,2.75,9.34,9.38,3.63,4.31,4.92,2.14,4.34,3.04,3.06,1.88,1.88,0.94,2.4,1.88
54.4,WT7X185,640,5.4,WT7X185,0.968,229,994,110,33.4,49.9,34.4,50.9,33.9,121,T,WT,185,7.5,74.4,185,16.5,16.5,3.1,8.96,9,3.26,3.94,4.82,2.05,4.27,2.66,2.69,1.66,1.69,0.81,2.19,1.65
58.4,WT7X199,801,5.17,WT7X199,0.968,257,1090,135,33.9,50.5,34.9,51.5,37.6,131,T,WT,199,7.5,82.9,201,16.6,16.63,2.92,9.15,9.13,3.44,4.13,4.87,2.1,4.31,2.85,2.88,1.77,1.75,0.88,2.3,1.76
50.3,WT7X171,502,5.69,WT7X171,0.968,203,903,88.3,32.9,49.3,33.9,50.3,30.4,110,T,WT,171,7.5,66.2,169,16.4,16.38,3.31,8.77,8.75,3.07,3.75,4.77,2.01,4.24,2.47,2.5,1.54,1.56,0.81,2.09,1.54
45.7,WT7X155.5,375,6.07,WT7X155.5,0.969,176,807,67.5,32.3,48.5,33.3,49.5,26.7,99.4,T,WT,155.5,7.5,57.7,152,16.2,16.25,3.59,8.56,8.5,2.86,3.56,4.71,1.96,4.2,2.26,2.25,1.41,1.44,0.75,1.97,1.41
41.6,WT7X141.5,281,6.49,WT7X141.5,0.969,153,722,51.8,31.8,47.9,32.8,48.9,23.5,89.7,T,WT,141.5,7.5,50.4,137,16.1,16.13,3.89,8.37,8.38,2.67,3.38,4.66,1.92,4.17,2.07,2.06,1.29,1.31,0.69,1.86,1.29
37.8,WT7X128.5,209,6.94,WT7X128.5,0.969,133,645,39.3,31.4,47.4,32.4,48.4,20.7,80.7,F,WT,128.5,7.5,43.9,123,16,16,4.23,8.19,8.25,2.49,3.19,4.61,1.88,4.13,1.89,1.88,1.18,1.19,0.63,1.75,1.18
34.2,WT7X116.5,154,7.5,WT7X116.5,0.97,116,576,29.6,30.9,46.8,31.9,47.8,18.2,72.5,F,WT,116.5,7.5,38.2,110,15.9,15.88,4.62,8.02,8,2.32,3,4.57,1.84,4.1,1.72,1.75,1.07,1.06,0.56,1.65,1.08
31,WT7X105.5,113,8.02,WT7X105.5,0.97,102,513,22.2,30.5,46.3,31.5,47.3,16.2,65,F,WT,105.5,7.5,33.4,98.9,15.8,15.75,5.06,7.86,7.88,2.16,2.88,4.52,1.81,4.07,1.56,1.56,0.98,1,0.5,1.57,0.98
28.4,WT7X96.5,87.2,8.7,WT7X96.5,0.971,89.8,466,17.3,30.2,45.9,31.2,46.9,14.4,59.3,F,WT,96.5,7.5,29.4,90.1,15.7,15.75,5.45,7.74,7.75,2.04,2.75,4.49,1.78,4.05,1.44,1.44,0.89,0.88,0.44,1.49,0.903
25.9,WT7X88,65.2,9.17,WT7X88,0.97,80.5,419,13.2,29.9,45.6,30.9,46.6,13,53.5,F,WT,88,7.5,26.3,81.3,15.7,15.63,5.97,7.61,7.63,1.91,2.63,4.46,1.76,4.02,1.31,1.31,0.83,0.81,0.44,1.43,0.827
23.4,WT7X79.5,47.9,10.1,WT7X79.5,0.971,70.2,374,9.84,29.6,45.2,30.6,46.2,11.4,48.1,F,WT,79.5,7.5,22.8,73,15.6,15.63,6.54,7.49,7.5,1.79,2.5,4.43,1.73,4,1.19,1.19,0.745,0.75,0.38,1.35,0.751
21.3,WT7X72.5,36.3,10.9,WT7X72.5,0.971,62.5,338,7.56,29.3,44.8,30.3,45.8,10.2,43.7,F,WT,72.5,7.5,20.2,66.2,15.5,15.5,7.11,7.39,7.38,1.69,2.38,4.4,1.71,3.98,1.09,1.06,0.68,0.69,0.38,1.29,0.688
19.4,WT7X66,26.6,11.4,WT7X66,0.966,57.8,274,6.13,28.3,43,29.4,44.1,9.57,37.2,F,WT,66,5.5,18.6,56.5,14.7,14.75,7.15,7.33,7.38,1.63,2.31,4.21,1.73,3.76,1.03,1,0.645,0.63,0.31,1.29,0.658
17.7,WT7X60,20,12.3,WT7X60,0.966,51.7,247,4.67,28.2,42.9,29.2,43.9,8.61,33.7,F,WT,60,5.5,16.5,51.2,14.7,14.63,7.8,7.24,7.25,1.54,2.25,4.19,1.71,3.74,0.94,0.94,0.59,0.56,0.31,1.24,0.602
14.6,WT7X49.5,11.1,14.6,WT7X49.5,0.967,40.9,201,2.68,27.7,42.3,28.8,43.4,6.88,27.6,F,WT,49.5,5.5,12.9,41.8,14.6,14.63,9.34,7.08,7.13,1.38,2.06,4.14,1.67,3.71,0.78,0.75,0.485,0.5,0.25,1.14,0.5
13.2,WT7X45,8.31,15.9,WT7X45,0.968,36.5,181,2.03,27.5,42,28.5,43,6.16,25,F,WT,45,5.5,11.5,37.8,14.5,14.5,10.2,7.01,7,1.31,2,4.12,1.66,3.7,0.71,0.69,0.44,0.44,0.25,1.09,0.456
16,WT7X54.5,15,13.6,WT7X54.5,0.968,45.3,223,3.55,27.9,42.5,28.9,43.5,7.56,30.6,F,WT,54.5,5.5,14.4,46.3,14.6,14.63,8.49,7.16,7.13,1.46,2.19,4.16,1.68,3.73,0.86,0.88,0.525,0.5,0.25,1.17,0.548
10.9,WT7X37,4.19,15.8,WT7X37,0.916,36,66.9,1.93,23.6,33.7,24.3,34.4,6.25,13.3,F,WT,37,5.5,11.5,20.2,10.1,10.13,6.41,7.09,7.13,1.38,1.63,3.21,1.82,2.48,0.785,0.81,0.45,0.44,0.25,1.32,0.541
10,WT7X34,3.21,16.9,WT7X34,0.916,32.6,60.7,1.5,23.4,33.4,24,34,5.69,12.1,F,WT,34,5.5,10.4,18.4,10,10,6.97,7.02,7,1.31,1.56,3.19,1.81,2.46,0.72,0.75,0.415,0.44,0.25,1.29,0.498
12,WT7X41,5.63,14,WT7X41,0.912,41.2,74.1,2.53,23.7,33.8,24.4,34.5,7.14,14.6,F,WT,41,5.5,13.2,22.4,10.1,10.13,5.92,7.16,7.13,1.45,1.69,3.24,1.85,2.48,0.855,0.88,0.51,0.5,0.25,1.39,0.593
8.96,WT7X30.5,2.29,18.5,WT7X30.5,0.915,28.9,53.7,1.09,23.2,33.2,23.9,33.9,5.07,10.7,F,WT,30.5,5.5,9.15,16.4,10,10,7.75,6.95,7,1.24,1.5,3.17,1.8,2.45,0.645,0.63,0.375,0.38,0.19,1.25,0.448
7.8,WT7X26.5,1.46,18.8,WT7X26.5,0.868,27.6,28.8,0.967,21.3,29.4,22,30,4.94,7.15,F,WT,26.5,5.5,8.87,11,8.06,8,6.11,6.96,7,1.25,1.5,2.89,1.88,1.92,0.66,0.69,0.37,0.38,0.19,1.38,0.484
7.07,WT7X24,1.07,20.3,WT7X24,0.866,24.9,25.7,0.723,21.1,29.2,21.8,29.9,4.49,6.4,F,WT,24,5.5,8,9.8,8.03,8,6.75,6.9,6.88,1.19,1.44,2.87,1.88,1.91,0.595,0.63,0.34,0.31,0.19,1.35,0.44
6.31,WT7X21.5,0.751,22.4,WT7X21.5,0.865,21.9,22.6,0.522,21,29,21.7,29.7,3.98,5.65,F,WT,21.5,5.5,7.05,8.64,8,8,7.54,6.83,6.88,1.12,1.38,2.86,1.86,1.89,0.53,0.5,0.305,0.31,0.19,1.31,0.395
5.58,WT7X19,0.554,22.7,WT7X19,0.799,23.3,13.3,0.398,20.4,27.1,20.9,27.6,4.22,3.94,F,WT,19,3.5,7.45,6.07,6.77,6.75,6.57,7.05,7,0.915,1.25,2.86,2.04,1.55,0.515,0.5,0.31,0.31,0.19,1.54,0.412
5,WT7X17,0.4,24.5,WT7X17,0.792,20.9,11.6,0.284,20.2,27,20.7,27.5,3.83,3.45,F,WT,17,3.5,6.74,5.32,6.75,6.75,7.41,6.99,7,0.855,1.19,2.87,2.04,1.53,0.455,0.44,0.285,0.31,0.19,1.53,0.371
4.42,WT7X15,0.287,25.6,WT7X15,0.772,19,9.79,0.19,20.1,26.8,20.6,27.3,3.55,2.91,F,WT,15,3.5,6.25,4.49,6.73,6.75,8.74,6.92,6.88,0.785,1.13,2.9,2.07,1.49,0.385,0.38,0.27,0.25,0.13,1.58,0.329
3.85,WT7X13,0.207,27.3,WT7X13,0.712,17.3,4.45,0.179,18.4,23.5,19,24,3.31,1.77,F,WT,13,2.75,5.89,2.76,5.03,5,5.98,6.96,7,0.82,1.13,2.82,2.12,1.08,0.42,0.44,0.255,0.25,0.13,1.72,0.383
3.25,WT7X11,0.134,29.9,WT7X11,0.689,14.8,3.5,0.104,18.2,23.2,18.7,23.7,2.91,1.4,F,WT,11,2.75,5.2,2.19,5,5,7.46,6.87,6.88,0.735,1.06,2.86,2.14,1.04,0.335,0.31,0.23,0.25,0.13,1.76,0.325
44.7,WT6X152.5,356,5.01,WT6X152.5,0.959,162,525,92,28.8,42,29.5,42.7,27,79.3,T,WT,152.5,5.5,59.1,122,13.2,13.25,2.45,8.16,8.13,3.3,3.63,4,1.9,3.42,2.71,2.69,1.63,1.63,0.81,2.16,1.69
41,WT6X139.5,267,5.18,WT6X139.5,0.958,141,469,70.9,28.3,41.4,29,42.1,24.1,71.3,T,WT,139.5,5.5,51.9,110,13.1,13.13,2.66,7.93,7.88,3.07,3.38,3.94,1.86,3.38,2.47,2.5,1.53,1.5,0.75,2.05,1.56
37.1,WT6X126,195,5.51,WT6X126,0.958,121,414,53.5,27.7,40.7,28.4,41.4,20.9,63.6,T,WT,126,5.5,44.8,97.9,13,13,2.89,7.71,7.75,2.85,3.13,3.88,1.81,3.34,2.25,2.25,1.4,1.38,0.69,1.92,1.42
30.9,WT6X105,112,6.24,WT6X105,0.958,92.1,332,32.1,26.8,39.6,27.5,40.3,16.4,51.9,F,WT,105,5.5,34.5,79.7,12.8,12.75,3.37,7.36,7.38,2.5,2.81,3.79,1.73,3.28,1.9,1.88,1.18,1.19,0.63,1.72,1.21
33.8,WT6X115,148,5.84,WT6X115,0.958,106,371,41.6,27.3,40.2,28,40.9,18.5,57.5,T,WT,115,5.5,39.4,88.4,12.9,12.88,3.11,7.53,7.5,2.67,2.94,3.83,1.77,3.31,2.07,2.06,1.29,1.31,0.69,1.82,1.31
28,WT6X95,82.1,6.78,WT6X95,0.96,79,295,24.3,26.4,39.1,27.1,39.8,14.2,46.5,F,WT,95,5.5,29.8,71.2,12.7,12.63,3.65,7.19,7.25,2.33,2.63,3.73,1.68,3.25,1.74,1.75,1.06,1.06,0.56,1.62,1.1
49.5,WT6X168,481,4.72,WT6X168,0.958,190,593,120,29.5,42.9,30.2,43.6,31.2,88.6,T,WT,168,5.5,68.4,137,13.4,13.38,2.26,8.41,8.38,3.55,3.88,4.07,1.96,3.47,2.96,2.94,1.78,1.75,0.88,2.31,1.84
25,WT6X85,58.3,7.31,WT6X85,0.96,67.8,259,17.7,26,38.6,26.6,39.2,12.3,41.2,F,WT,85,5.5,25.6,62.9,12.6,12.63,4.03,7.02,7,2.16,2.44,3.69,1.65,3.22,1.56,1.56,0.96,0.94,0.5,1.52,0.994
15.6,WT6X53,13.6,10.6,WT6X53,0.961,36.3,151,4.55,24.4,36.6,25.1,37.3,6.92,24.7,F,WT,53,5.5,13.6,37.5,12.2,12.25,6.17,6.45,6.5,1.59,1.88,3.53,1.53,3.11,0.99,1,0.61,0.63,0.31,1.19,0.637
20,WT6X68,28.9,8.49,WT6X68,0.959,50.6,199,9.21,25.1,37.5,25.8,38.2,9.46,32.1,F,WT,68,5.5,19,48.9,12.4,12.38,4.96,6.71,6.75,1.85,2.13,3.61,1.59,3.16,1.25,1.25,0.79,0.81,0.44,1.35,0.805
22.4,WT6X76,41.3,7.89,WT6X76,0.96,58.5,227,12.8,25.5,38,26.2,38.7,10.8,36.4,F,WT,76,5.5,22,55.6,12.5,12.5,4.46,6.86,6.88,2,2.31,3.65,1.62,3.19,1.4,1.38,0.87,0.88,0.44,1.43,0.896
17.6,WT6X60,19.7,9.24,WT6X60,0.959,43.4,172,6.42,24.7,37,25.4,37.7,8.22,28,F,WT,60,5.5,16.2,42.7,12.3,12.38,5.57,6.56,6.5,1.7,2,3.57,1.57,3.13,1.11,1.13,0.71,0.69,0.38,1.28,0.716
11.6,WT6X39.5,5.43,13.2,WT6X39.5,0.96,25.8,108,1.91,23.8,35.9,24.5,36.6,5.03,17.9,F,WT,39.5,5.5,9.49,27.1,12.1,12.13,8.22,6.19,6.25,1.33,1.63,3.47,1.49,3.05,0.735,0.75,0.47,0.5,0.25,1.06,0.48
14.1,WT6X48,10.1,11.6,WT6X48,0.962,32,135,3.42,24.2,36.4,24.9,37.1,6.12,22.2,F,WT,48,5.5,11.9,33.7,12.2,12.13,6.76,6.36,6.38,1.5,1.81,3.51,1.51,3.09,0.9,0.88,0.55,0.56,0.31,1.13,0.58
9.54,WT6X32.5,2.97,15.5,WT6X32.5,0.96,20.6,87.2,1.09,23.4,35.4,24.1,36.1,4.06,14.5,F,WT,32.5,5.5,7.5,22,12,12,9.92,6.06,6,1.2,1.5,3.43,1.47,3.02,0.605,0.63,0.39,0.38,0.19,0.985,0.398
12.8,WT6X43.5,7.34,12.2,WT6X43.5,0.96,28.9,120,2.54,24,36.1,24.6,36.7,5.6,19.9,F,WT,43.5,5.5,10.7,30.2,12.1,12.13,7.48,6.27,6.25,1.41,1.69,3.49,1.5,3.07,0.81,0.81,0.515,0.5,0.25,1.1,0.527
10.6,WT6X36,4.07,14.3,WT6X36,0.96,23.2,97.5,1.46,23.6,35.6,24.3,36.3,4.54,16.2,F,WT,36,5.5,8.48,24.6,12,12,8.99,6.13,6.13,1.27,1.56,3.45,1.48,3.04,0.67,0.69,0.43,0.44,0.25,1.02,0.439
7.78,WT6X26.5,1.53,17.5,WT6X26.5,0.939,17.7,47.9,0.788,21.5,31.5,22.1,32.1,3.54,9.58,F,WT,26.5,5.5,6.46,14.5,10,10,8.69,6.03,6,1.18,1.38,3,1.51,2.48,0.575,0.56,0.345,0.38,0.19,1.02,0.389
6.56,WT6X22.5,0.885,18,WT6X22.5,0.898,16.6,25,0.627,19.5,27.6,20.1,28.2,3.39,6.21,F,WT,22.5,5.5,6.1,9.47,8.05,8,7,6.03,6,1.08,1.38,2.66,1.59,1.95,0.575,0.56,0.335,0.31,0.19,1.13,0.408
8.52,WT6X29,2.08,16.9,WT6X29,0.944,19.1,53.5,1.05,21.6,31.6,22.2,32.2,3.76,10.7,F,WT,29,5.5,6.97,16.2,10,10,7.82,6.1,6.13,1.24,1.5,3,1.5,2.51,0.64,0.63,0.36,0.38,0.19,1.03,0.426
7.3,WT6X25,1.23,16.5,WT6X25,0.899,18.7,28.2,0.855,19.7,27.8,20.3,28.4,3.79,6.97,F,WT,25,5.5,6.88,10.6,8.08,8.13,6.31,6.1,6.13,1.14,1.5,2.67,1.6,1.96,0.64,0.63,0.37,0.38,0.19,1.17,0.452
5.84,WT6X20,0.62,20.2,WT6X20,0.901,14.4,22,0.452,19.3,27.4,20,28,2.95,5.5,F,WT,20,5.5,5.28,8.38,8.01,8,7.77,5.97,6,1.02,1.38,2.63,1.57,1.94,0.515,0.5,0.295,0.31,0.19,1.09,0.365
5.17,WT6X17.5,0.437,20.8,WT6X17.5,0.834,16,12.2,0.369,18.5,25.1,19.1,25.6,3.23,3.73,F,WT,17.5,3.5,5.71,5.73,6.56,6.5,6.31,6.25,6.25,0.82,1.19,2.56,1.76,1.54,0.52,0.5,0.3,0.31,0.19,1.3,0.394
4.4,WT6X15,0.267,23.7,WT6X15,0.83,13.5,10.2,0.228,18.3,24.9,18.9,25.4,2.75,3.12,F,WT,15,3.5,4.83,4.78,6.52,6.5,7.41,6.17,6.13,0.74,1.13,2.54,1.75,1.52,0.44,0.44,0.26,0.25,0.13,1.27,0.337
3.82,WT6X13,0.174,26.6,WT6X13,0.827,11.7,8.66,0.15,18.2,24.7,18.7,25.2,2.4,2.67,F,WT,13,3.5,4.2,4.08,6.49,6.5,8.54,6.11,6.13,0.68,1.06,2.54,1.75,1.51,0.38,0.38,0.23,0.25,0.13,1.25,0.295
3.24,WT6X11,0.137,23.7,WT6X11,0.683,11.7,2.33,0.146,16,20,16.4,20.4,2.59,1.15,F,WT,11,2.25,4.63,1.83,4.03,4,4.74,6.16,6.13,0.725,0.94,2.52,1.9,0.847,0.425,0.44,0.26,0.25,0.13,1.63,0.402
2.79,WT6X9.5,0.0934,25.9,WT6X9.5,0.665,10.1,1.88,0.0899,15.8,19.8,16.2,20.2,2.28,0.939,F,WT,9.5,2.25,4.11,1.49,4.01,4,5.72,6.08,6.13,0.65,0.88,2.54,1.9,0.821,0.35,0.38,0.235,0.25,0.13,1.65,0.348
2.36,WT6X8,0.0678,27.3,WT6X8,0.624,8.7,1.41,0.0511,15.6,19.6,16,20,2.04,0.706,F,WT,8,2.25,3.72,1.13,3.99,4,7.53,6,6,0.565,0.81,2.62,1.92,0.773,0.265,0.25,0.22,0.25,0.13,1.74,0.639
2.08,WT6X7,0.0493,29.8,WT6X7,0.611,7.67,1.18,0.035,15.5,19.5,15.9,19.9,1.83,0.593,F,WT,7,2.25,3.32,0.947,3.97,4,8.82,5.96,6,0.525,0.75,2.64,1.92,0.753,0.225,0.25,0.2,0.19,0.13,1.76,0.76
16.5,WT5X56,16.9,7.52,WT5X56,0.963,28.6,118,7.5,21.2,31.6,21.8,32.2,6.4,22.6,F,WT,56,5.5,13.4,34.6,10.4,10.38,4.17,5.68,5.63,1.75,1.94,3.04,1.32,2.67,1.25,1.25,0.755,0.75,0.38,1.21,0.791
14.7,WT5X50,11.9,8.16,WT5X50,0.964,24.5,103,5.41,20.9,31.2,21.4,31.7,5.56,20,F,WT,50,5.5,11.4,30.5,10.3,10.38,4.62,5.55,5.5,1.62,1.81,3,1.29,2.65,1.12,1.13,0.68,0.69,0.38,1.13,0.711
13,WT5X44,8.02,8.96,WT5X44,0.964,20.8,89.3,3.75,20.6,30.9,21.1,31.4,4.77,17.4,F,WT,44,5.5,9.65,26.5,10.3,10.25,5.18,5.42,5.38,1.49,1.69,2.97,1.27,2.63,0.99,1,0.605,0.63,0.31,1.06,0.631
11.3,WT5X38.5,5.31,10,WT5X38.5,0.964,17.4,76.8,2.55,20.3,30.5,20.8,31,4.05,15.1,F,WT,38.5,5.5,8.06,22.9,10.2,10.25,5.86,5.3,5.25,1.37,1.56,2.94,1.24,2.6,0.87,0.88,0.53,0.5,0.25,0.99,0.555
8.84,WT5X30,2.46,12.2,WT5X30,0.964,12.9,58.1,1.23,19.8,29.9,20.3,30.4,3.04,11.5,F,WT,30,5.5,5.87,17.5,10.1,10.13,7.41,5.11,5.13,1.18,1.38,2.89,1.21,2.57,0.68,0.69,0.42,0.44,0.25,0.884,0.438
10,WT5X34,3.62,11.1,WT5X34,0.965,14.9,66.7,1.78,20,30.1,20.5,30.6,3.49,13.2,F,WT,34,5.5,6.85,20,10.1,10.13,6.58,5.2,5.25,1.27,1.44,2.91,1.22,2.58,0.77,0.75,0.47,0.5,0.25,0.932,0.493
7.9,WT5X27,1.78,13.6,WT5X27,0.966,11.1,51.7,0.909,19.6,29.6,20.1,30.1,2.64,10.3,F,WT,27,5.5,5.05,15.6,10,10,8.15,5.05,5,1.12,1.31,2.87,1.19,2.56,0.615,0.63,0.37,0.38,0.19,0.836,0.395
7.21,WT5X24.5,1.33,14.7,WT5X24.5,0.966,10,46.7,0.693,19.5,29.5,20,30,2.39,9.34,F,WT,24.5,5.5,4.52,14.1,10,10,8.93,4.99,5,1.06,1.25,2.85,1.18,2.54,0.56,0.56,0.34,0.31,0.19,0.807,0.361
6.63,WT5X22.5,0.981,14.4,WT5X22.5,0.94,10.2,26.7,0.753,17.6,25.6,18.1,26.1,2.47,6.65,F,WT,22.5,5.5,4.65,10.1,8.02,8,6.47,5.05,5,1.12,1.31,2.43,1.24,2.01,0.62,0.63,0.35,0.38,0.19,0.907,0.413
5.73,WT5X19.5,0.616,15.7,WT5X19.5,0.936,8.84,22.5,0.487,17.4,25.4,17.9,25.9,2.16,5.64,F,WT,19.5,5.5,3.99,8.57,7.99,8,7.53,4.96,5,1.03,1.19,2.42,1.24,1.98,0.53,0.5,0.315,0.31,0.19,0.876,0.359
4.85,WT5X16.5,0.356,16.8,WT5X16.5,0.927,7.71,18.3,0.291,17.2,25.1,17.7,25.7,1.93,4.6,F,WT,16.5,5.5,3.48,7,7.96,8,9.15,4.87,4.88,0.935,1.13,2.4,1.26,1.94,0.435,0.44,0.29,0.31,0.19,0.869,0.305
4.42,WT5X15,0.273,17.5,WT5X15,0.849,9.28,8.35,0.31,15.9,21.7,16.3,22.1,2.24,2.87,F,WT,15,2.75,4.01,4.41,5.81,5.75,5.7,5.24,5.25,0.81,1.13,2.17,1.45,1.37,0.51,0.5,0.3,0.31,0.19,1.1,0.38
3.81,WT5X13,0.173,19.9,WT5X13,0.848,7.86,7.05,0.201,15.7,21.5,16.1,21.9,1.91,2.44,F,WT,13,2.75,3.39,3.75,5.77,5.75,6.56,5.17,5.13,0.74,1.06,2.15,1.44,1.36,0.44,0.44,0.26,0.25,0.13,1.06,0.33
3.24,WT5X11,0.107,21.2,WT5X11,0.83,6.88,5.71,0.119,15.5,21.3,15.9,21.7,1.72,1.99,F,WT,11,2.75,3.02,3.05,5.75,5.75,7.99,5.09,5.13,0.66,0.94,2.16,1.46,1.33,0.36,0.38,0.24,0.25,0.13,1.07,0.282
2.81,WT5X9.5,0.0796,20.5,WT5X9.5,0.729,6.68,2.15,0.116,13.9,17.9,14.3,18.3,1.74,1.07,F,WT,9.5,2.25,3.1,1.67,4.02,4,5.09,5.12,5.13,0.695,0.94,2.08,1.54,0.874,0.395,0.38,0.25,0.25,0.13,1.28,0.349
2.5,WT5X8.5,0.061,21.1,WT5X8.5,0.703,6.06,1.78,0.0776,13.8,17.8,14.1,18.1,1.62,0.887,F,WT,8.5,2.25,2.9,1.4,4.01,4,6.08,5.06,5,0.63,0.88,2.11,1.56,0.844,0.33,0.31,0.24,0.25,0.13,1.32,0.311
2.21,WT5X7.5,0.0475,21.7,WT5X7.5,0.672,5.45,1.45,0.0518,13.6,17.6,14,18,1.5,0.723,F,WT,7.5,2.25,2.71,1.15,4,4,7.41,5,5,0.57,0.81,2.16,1.57,0.81,0.27,0.25,0.23,0.25,0.13,1.37,0.305
1.77,WT5X6,0.0255,26,WT5X6,0.661,4.35,1.09,0.0272,13.5,17.4,13.8,17.8,1.22,0.551,F,WT,6,2.25,2.2,0.869,3.96,4,9.43,4.94,4.88,0.51,0.75,2.16,1.57,0.785,0.21,0.19,0.19,0.19,0.13,1.36,0.322
9.84,WT4X33.5,3.56,7.89,WT4X33.5,0.962,10.9,44.3,2.51,16.8,25,17.3,25.6,3.05,10.7,F,WT,33.5,5.5,6.29,16.3,8.28,8.25,4.43,4.5,4.5,1.33,1.63,2.41,1.05,2.12,0.935,0.94,0.57,0.56,0.31,0.936,0.594
8.54,WT4X29,2.28,8.59,WT4X29,0.961,9.12,37.5,1.66,16.5,24.7,17,25.2,2.61,9.13,F,WT,29,5.5,5.25,13.9,8.22,8.25,5.07,4.38,4.38,1.2,1.5,2.38,1.03,2.1,0.81,0.81,0.51,0.5,0.25,0.874,0.52
7.05,WT4X24,1.3,10.6,WT4X24,0.966,6.85,30.5,0.977,16.1,24.2,16.6,24.7,1.97,7.51,F,WT,24,5.5,3.94,11.4,8.11,8.13,5.92,4.25,4.25,1.08,1.38,2.34,0.986,2.08,0.685,0.69,0.4,0.38,0.19,0.777,0.435
5.87,WT4X20,0.715,11.5,WT4X20,0.961,5.73,24.5,0.558,15.8,23.9,16.3,24.4,1.69,6.08,F,WT,20,5.5,3.25,9.24,8.07,8.13,7.21,4.13,4.13,0.954,1.25,2.32,0.988,2.04,0.56,0.56,0.36,0.38,0.19,0.735,0.364
5.14,WT4X17.5,0.48,13.1,WT4X17.5,0.963,4.82,21.3,0.384,15.6,23.6,16.1,24.2,1.43,5.31,F,WT,17.5,5.5,2.71,8.05,8.02,8,8.1,4.06,4,0.889,1.19,2.3,0.968,2.03,0.495,0.5,0.31,0.31,0.19,0.688,0.321
4.56,WT4X15.5,0.327,14,WT4X15.5,0.961,4.28,18.5,0.267,15.5,23.5,16,24,1.28,4.64,F,WT,15.5,5.5,2.39,7.03,8,8,9.19,4,4,0.829,1.13,2.28,0.969,2.02,0.435,0.44,0.285,0.31,0.19,0.668,0.285
4.12,WT4X14,0.23,14.1,WT4X14,0.935,4.23,10.8,0.268,14.2,20.8,14.6,21.1,1.28,3.31,F,WT,14,4,2.38,5.04,6.54,6.5,7.03,4.03,4,0.859,0.94,1.98,1.01,1.62,0.465,0.44,0.285,0.31,0.19,0.734,0.315
3.54,WT4X12,0.144,16.2,WT4X12,0.936,3.53,9.14,0.173,14.1,20.6,14.4,20.9,1.08,2.81,F,WT,12,4,1.98,4.28,6.5,6.5,8.12,3.97,4,0.794,0.88,1.96,0.999,1.61,0.4,0.38,0.245,0.25,0.13,0.695,0.272
3.08,WT4X10.5,0.0916,16.6,WT4X10.5,0.877,3.9,4.88,0.141,13.2,18.5,13.6,18.8,1.18,1.85,F,WT,10.5,2.75,2.11,2.84,5.27,5.25,6.59,4.14,4.13,0.7,0.88,1.8,1.12,1.26,0.4,0.38,0.25,0.25,0.13,0.831,0.292
2.63,WT4X9,0.0562,17.7,WT4X9,0.863,3.41,3.98,0.0855,13.1,18.3,13.4,18.6,1.05,1.52,F,WT,9,2.75,1.86,2.33,5.25,5.25,7.95,4.07,4.13,0.63,0.81,1.8,1.14,1.23,0.33,0.31,0.23,0.25,0.13,0.834,0.251
2.22,WT4X7.5,0.0382,16.6,WT4X7.5,0.76,3.28,1.7,0.0679,11.8,15.8,12.1,16.2,1.07,0.849,F,WT,7.5,2.25,1.91,1.33,4.02,4,6.37,4.06,4,0.615,0.81,1.72,1.22,0.876,0.315,0.31,0.245,0.25,0.13,0.998,0.276
1.92,WT4X6.5,0.0269,17.4,WT4X6.5,0.733,2.89,1.36,0.0433,11.7,15.7,12,16,0.974,0.682,F,WT,6.5,2.25,1.74,1.07,4,4,7.84,4,4,0.555,0.75,1.74,1.23,0.843,0.255,0.25,0.23,0.25,0.13,1.03,0.24
1.48,WT4X5,0.0114,23.2,WT4X5,0.749,2.15,1.05,0.0212,11.5,15.4,11.8,15.8,0.717,0.531,F,WT,5,2.25,1.27,0.826,3.94,4,9.61,3.95,4,0.505,0.69,1.7,1.2,0.84,0.205,0.19,0.17,0.19,0.13,0.953,0.188
3.67,WT3X12.5,0.171,10,WT3X12.5,0.953,2.29,8.53,0.229,12.1,18.2,12.5,18.5,0.886,2.81,F,WT,12.5,3.5,1.68,4.28,6.08,6.13,6.68,3.19,3.25,0.705,0.94,1.76,0.789,1.52,0.455,0.44,0.32,0.31,0.19,0.61,0.302
2.94,WT3X10,0.0858,11.9,WT3X10,0.953,1.76,6.64,0.12,11.9,17.9,12.2,18.2,0.693,2.21,F,WT,10,3.5,1.29,3.36,6.02,6,8.25,3.1,3.13,0.615,0.88,1.73,0.774,1.5,0.365,0.38,0.26,0.25,0.13,0.56,0.244
2.21,WT3X7.5,0.0342,13,WT3X7.5,0.937,1.41,4.66,0.0504,11.7,17.6,12,18,0.577,1.56,F,WT,7.5,3.5,1.03,2.37,5.99,6,11.5,3,3,0.51,0.75,1.71,0.797,1.45,0.26,0.25,0.23,0.25,0.13,0.558,0.185
2.37,WT3X8,0.0426,12.1,WT3X8,0.88,1.69,2.21,0.111,10,14,10.3,14.3,0.685,1.1,F,WT,8,2.25,1.25,1.69,4.03,4,4.98,3.14,3.13,0.655,0.88,1.37,0.844,0.966,0.405,0.38,0.26,0.25,0.13,0.676,0.294
1.78,WT3X6,0.0178,13.1,WT3X6,0.846,1.32,1.5,0.0449,9.7,13.7,10,14,0.564,0.748,F,WT,6,2.25,1.01,1.16,4,4,7.14,3.02,3,0.53,0.75,1.37,0.862,0.918,0.28,0.25,0.23,0.25,0.13,0.677,0.222
1.34,WT3X4.5,0.00736,17.4,WT3X4.5,0.852,0.95,1.1,0.0202,9.5,13.4,9.84,13.8,0.408,0.557,F,WT,4.5,2.25,0.72,0.856,3.94,4,9.16,2.95,3,0.465,0.69,1.34,0.842,0.905,0.215,0.19,0.17,0.19,0.13,0.623,0.17
1.26,WT3X4.25,0.0062,17.2,WT3X4.25,0.839,0.905,0.995,0.0166,9.44,13.4,9.78,13.7,0.397,0.505,F,WT,4.25,2.25,0.7,0.778,3.94,4,10.1,2.92,2.88,0.445,0.69,1.34,0.848,0.89,0.195,0.19,0.17,0.19,0.13,0.637,0.16
2.78,WT2.5X9.5,0.0775,9.56,WT2.5X9.5,0.964,1.01,4.56,0.157,9.93,15,10.2,15.2,0.485,1.81,F,WT,9.5,2.75,0.97,2.76,5.03,5,5.85,2.58,2.63,0.73,0.81,1.44,0.604,1.28,0.43,0.44,0.27,0.25,0.13,0.487,0.276
2.35,WT2.5X8,0.0453,10.5,WT2.5X8,0.962,0.845,3.75,0.0958,9.76,14.8,10,15,0.413,1.5,F,WT,8,2.75,0.801,2.28,5,5,6.94,2.51,2.5,0.66,0.75,1.43,0.599,1.26,0.36,0.38,0.24,0.25,0.13,0.458,0.235
1.91,WT2X6.5,0.0233,7.43,WT2X6.5,0.947,0.526,1.93,0.075,7.95,12,8.22,12.3,0.321,0.95,F,WT,6.5,2.25,0.616,1.46,4.06,4,5.88,2.08,2.13,0.595,0.75,1.16,0.524,1,0.345,0.38,0.28,0.25,0.13,0.44,0.236
1.82,MT6.25X6.2,0.0284,40.4,MT6.25X6.2,0.634,7.29,1,0.0246,0,0,0,0,1.61,0.536,F,MT,6.2,0,2.92,0.839,3.75,3.75,8.22,6.27,6.25,0.563,0.56,2.69,2.01,0.746,0.228,0.25,0.155,0.13,0.06,1.74,0.372
1.7,MT6.25X5.8,0.0268,40.3,MT6.25X5.8,0.602,6.94,0.756,0.0206,0,0,0,0,1.57,0.432,F,MT,5.8,0,2.86,0.684,3.5,3.5,8.29,6.25,6.25,0.563,0.56,2.75,2.03,0.669,0.211,0.19,0.155,0.13,0.06,1.84,0.808
1.74,MT6X5.9,0.0337,33.9,MT6X5.9,0.567,6.61,0.543,0.0249,0,0,0,0,1.61,0.354,F,MT,5.9,0,2.89,0.575,3.07,3.13,6.82,6,6,0.563,0.56,2.71,1.96,0.561,0.225,0.25,0.177,0.19,0.13,1.89,1.13
1.59,MT6X5.4,0.025,37.4,MT6X5.4,0.574,6.03,0.506,0.0196,0,0,0,0,1.46,0.33,F,MT,5.4,0,2.63,0.532,3.07,3.13,7.31,5.99,6,0.563,0.56,2.69,1.95,0.566,0.21,0.19,0.16,0.19,0.13,1.86,1.05
1.48,MT6X5,0.0202,40.2,MT6X5,0.572,5.62,0.517,0.0145,0,0,0,0,1.36,0.318,F,MT,5,0,2.45,0.509,3.25,3.25,9.03,5.99,6,0.5,0.5,2.71,1.96,0.594,0.18,0.19,0.149,0.13,0.06,1.86,1.08
1.33,MT5X4.5,0.0138,31.8,MT5X4.5,0.585,3.47,0.336,0.0156,0,0,0,0,1,0.25,F,MT,4.5,0,1.81,0.403,2.69,2.75,6.53,5,5,0.563,0.56,2.22,1.62,0.505,0.206,0.19,0.157,0.19,0.13,1.54,0.808
1.19,MT5X4,0.00989,35.3,MT5X4,0.583,3.08,0.296,0.0112,0,0,0,0,0.894,0.22,F,MT,4,0,1.61,0.354,2.69,2.75,7.39,4.98,5,0.563,0.56,2.22,1.62,0.502,0.182,0.19,0.141,0.13,0.06,1.52,0.809
1.11,MT5X3.75,0.00792,38.4,MT5X3.75,0.588,2.91,0.281,0.00932,0,0,0,0,0.836,0.209,F,MT,3.75,0,1.51,0.334,2.69,2.75,7.77,5,5,0.438,0.44,2.22,1.63,0.505,0.173,0.19,0.13,0.13,0.06,1.51,0.759
0.959,MT4X3.25,0.00463,29.6,MT4X3.25,0.612,1.57,0.188,0.00917,0,0,0,0,0.558,0.165,F,MT,3.25,0,1.01,0.264,2.28,2.25,6.03,4,4,0.563,0.56,1.74,1.29,0.444,0.189,0.19,0.135,0.13,0.06,1.18,0.472
0.911,MT4X3.1,0.00403,31,MT4X3.1,0.608,1.5,0.176,0.00778,0,0,0,0,0.533,0.154,F,MT,3.1,0,0.967,0.247,2.28,2.25,6.44,4,4,0.438,0.44,1.75,1.29,0.441,0.177,0.19,0.129,0.13,0.06,1.18,0.497
0.647,MT3X2.2,0.00124,26.3,MT3X2.2,0.646,0.579,0.0897,0.00494,0,0,0,0,0.268,0.0973,F,MT,2.2,0,0.483,0.155,1.84,1.88,5.38,3,3,0.375,0.38,1.27,0.949,0.374,0.171,0.19,0.114,0.13,0.06,0.841,0.19
0.545,MT3X1.85,0.000754,30.2,MT3X1.85,0.644,0.483,0.0863,0.00265,0,0,0,0,0.226,0.0863,F,MT,1.85,0,0.409,0.136,2,2,7.75,2.96,3,0.313,0.31,1.28,0.945,0.4,0.129,0.13,0.098,0.13,0.06,0.827,0.174
2.78,MT2.5X9.45,0.0732,7.91,MT2.5X9.45,0.955,1.05,4.35,0.156,0,0,0,0,0.528,1.74,T,MT,9.45,2.75,1.03,2.66,5,5,6.01,2.5,2.5,0.813,0.81,1.43,0.617,1.26,0.416,0.44,0.316,0.31,0.19,0.512,0.276
0.875,MT2X3,0.00193,14.6,MT2X3,0.942,0.208,0.732,0.00919,0,0,0,0,0.133,0.385,F,MT,3,0,0.241,0.588,3.8,3.75,11.9,1.9,1.88,0.5,0.5,1.08,0.493,0.926,0.16,0.19,0.13,0.13,0.06,0.341,0.112
17.8,ST12X60.5,27.5,15.4,ST12X60.5,0.64,259,41.5,6.38,0,0,0,0,30.1,10.3,F,ST,60.5,4,54.5,18.1,8.05,8,3.69,12.3,12.25,2,2,5.14,3.82,1.53,1.09,1.06,0.8,0.81,0.44,3.63,1.26
15.6,ST12X53,15,19.8,ST12X53,0.686,216,38.4,5.05,0,0,0,0,24.1,9.76,F,ST,53,4,43.3,16.7,7.87,7.88,3.61,12.3,12.25,2,2,4.88,3.72,1.57,1.09,1.06,0.62,0.63,0.31,3.28,1.02
14.7,ST12X50,19.5,16.1,ST12X50,0.584,215,23.7,3.76,0,0,0,0,26.3,6.55,F,ST,50,4,47.5,12,7.25,7.25,4.17,12,12,1.75,1.75,5.28,3.83,1.27,0.87,0.88,0.745,0.75,0.38,3.84,2.16
11.7,ST12X40,6.94,24,ST12X40,0.656,162,21,2.44,0,0,0,0,18.6,6,F,ST,40,4,33.6,10.4,7,7,4.02,12,12,1.75,1.75,4.88,3.72,1.34,0.87,0.88,0.5,0.5,0.25,3.3,0.909
14.1,ST10X48,15,12.7,ST10X48,0.625,143,25,4.16,0,0,0,0,20.3,6.93,F,ST,48,4,36.9,12.5,7.2,7.25,3.91,10.2,10.13,1.75,1.75,4.36,3.18,1.33,0.92,0.94,0.8,0.81,0.44,3.13,1.35
13.2,ST12X45,12.1,19.2,ST12X45,0.615,190,22.3,3.01,0,0,0,0,22.6,6.27,F,ST,45,4,41.1,11.2,7.13,7.13,4.1,12,12,1.75,1.75,5.11,3.79,1.3,0.87,0.88,0.625,0.63,0.31,3.6,1.42
12.7,ST10X43,9.17,15.4,ST10X43,0.659,124,23.3,3.3,0,0,0,0,17.2,6.59,F,ST,43,4,31.1,11.6,7.06,7,3.84,10.2,10.13,1.75,1.75,4.21,3.13,1.36,0.92,0.94,0.66,0.69,0.38,2.91,0.972
11,ST10X37.5,7.21,15.7,ST10X37.5,0.613,109,14.8,2.28,0,0,0,0,15.8,4.62,F,ST,37.5,3.5,28.6,8.36,6.39,6.38,4.02,10,10,1.63,1.63,4.29,3.15,1.16,0.795,0.81,0.635,0.63,0.31,3.07,1.34
8.02,ST9X27.35,2.26,19.5,ST9X27.35,0.66,62.3,10.4,1.16,0,0,0,0,9.6,3.45,F,ST,27.35,3.5,17.3,6.06,6,6,4.34,9,9,1.5,1.5,3.71,2.79,1.14,0.691,0.69,0.461,0.44,0.25,2.51,0.737
9.7,ST10X33,4.02,19.8,ST10X33,0.654,92.9,13.7,1.78,0,0,0,0,12.9,4.39,F,ST,33,3.5,23.4,7.7,6.26,6.25,3.94,10,10,1.63,1.63,4.1,3.1,1.19,0.795,0.81,0.505,0.5,0.25,2.81,0.841
7.34,ST7.5X25,2.02,13.6,ST7.5X25,0.635,40.5,7.79,1.05,0,0,0,0,7.72,2.76,F,ST,25,3.5,14,4.99,5.64,5.63,4.53,7.5,7.5,1.38,1.38,3.22,2.35,1.03,0.622,0.63,0.55,0.56,0.31,2.25,0.826
10.3,ST9X35,7.03,12.7,ST9X35,0.582,84.5,12,2.02,0,0,0,0,14,3.84,F,ST,35,3.5,25.1,7.17,6.25,6.25,4.52,9,9,1.5,1.5,4.02,2.87,1.08,0.691,0.69,0.711,0.69,0.38,2.94,1.78
5.96,ST6X20.4,0.787,13,ST6X20.4,0.732,18.9,6.74,0.842,0,0,0,0,4.27,2.57,F,ST,20.4,3,7.71,4.43,5.25,5.25,3.98,6,6,1.44,1.44,2.42,1.78,1.06,0.659,0.69,0.462,0.44,0.25,1.58,0.577
5.12,ST6X17.5,0.556,14,ST6X17.5,0.695,17.2,4.92,0.524,0,0,0,0,3.95,1.94,F,ST,17.5,3,7.12,3.4,5.08,5.13,4.67,6,6,1.19,1.19,2.49,1.83,0.98,0.544,0.56,0.428,0.44,0.25,1.65,0.543
7.33,ST6X25,1.97,8.73,ST6X25,0.662,25.1,7.79,1.36,0,0,0,0,6.04,2.84,F,ST,25,3,11,5.16,5.48,5.5,4.17,6,6,1.44,1.44,2.6,1.85,1.03,0.659,0.69,0.687,0.69,0.38,1.84,0.758
6.3,ST7.5X21.45,0.995,18.2,ST7.5X21.45,0.689,32.9,7.13,0.765,0,0,0,0,5.99,2.59,F,ST,21.45,3.5,10.8,4.54,5.5,5.5,4.42,7.5,7.5,1.38,1.38,3.04,2.29,1.06,0.622,0.63,0.411,0.44,0.25,2.01,0.605
4.65,ST6X15.9,0.364,17.1,ST6X15.9,0.731,14.8,4.66,0.438,0,0,0,0,3.3,1.87,F,ST,15.9,3,5.94,3.22,5,5,4.6,6,6,1.19,1.19,2.39,1.78,1,0.544,0.56,0.35,0.38,0.19,1.51,0.48
5.14,ST5X17.5,0.725,8.42,ST5X17.5,0.653,12.5,4.15,0.633,0,0,0,0,3.62,1.68,F,ST,17.5,2.75,6.58,3.1,4.94,5,5.03,5,5,1.13,1.13,2.23,1.56,0.899,0.491,0.5,0.594,0.63,0.31,1.56,0.673
3.72,ST5X12.7,0.173,16.1,ST5X12.7,0.767,7.79,3.36,0.3,0,0,0,0,2.05,1.44,F,ST,12.7,2.75,3.7,2.49,4.66,4.63,4.75,5,5,1.13,1.13,1.98,1.45,0.95,0.491,0.5,0.311,0.31,0.19,1.2,0.403
2.7,ST4X9.2,0.0642,14.8,ST4X9.2,0.788,3.49,1.84,0.167,0,0,0,0,1.14,0.922,F,ST,9.2,2.25,2.07,1.59,4,4,4.71,4,4,1,1,1.58,1.14,0.827,0.425,0.44,0.271,0.25,0.13,0.942,0.336
3.38,ST4X11.5,0.168,9.07,ST4X11.5,0.704,5,2.13,0.271,0,0,0,0,1.76,1.02,F,ST,11.5,2.25,3.19,1.84,4.17,4.13,4.91,4,4,1,1,1.73,1.22,0.795,0.425,0.44,0.441,0.44,0.25,1.15,0.439
2.53,ST3X8.6,0.0772,6.45,ST3X8.6,0.705,2.12,1.14,0.181,0,0,0,0,1.02,0.642,F,ST,8.6,0,1.85,1.17,3.57,3.63,4.97,3,3,0.813,0.81,1.35,0.915,0.673,0.359,0.38,0.465,0.44,0.25,0.915,0.394
1.83,ST3X6.25,0.0197,12.9,ST3X6.25,0.819,1.26,0.901,0.083,0,0,0,0,0.547,0.541,F,ST,6.25,0,1.01,0.93,3.33,3.38,4.64,3,3,0.813,0.81,1.2,0.831,0.702,0.359,0.38,0.232,0.25,0.13,0.692,0.271
1.46,ST2.5X5,0.01,11.7,ST2.5X5,0.839,0.671,0.597,0.0568,0,0,0,0,0.348,0.398,F,ST,5,0,0.65,0.686,3,3,4.6,2.5,2.5,0.75,0.75,1.02,0.677,0.638,0.326,0.31,0.214,0.19,0.13,0.57,0.239
1.4,ST2X4.75,0.01,6.13,ST2X4.75,0.797,0.462,0.444,0.059,0,0,0,0,0.319,0.317,F,ST,4.75,0,0.592,0.565,2.8,2.75,4.78,2,2,0.75,0.75,0.903,0.575,0.564,0.293,0.31,0.326,0.31,0.19,0.553,0.25
1.13,ST2X3.85,0.00457,10.4,ST2X3.85,0.869,0.307,0.374,0.0364,0,0,0,0,0.198,0.281,F,ST,3.85,0,0.381,0.485,2.66,2.63,4.54,2,2,0.75,0.75,0.834,0.522,0.576,0.293,0.31,0.193,0.19,0.13,0.448,0.204
1.1,ST1.5X3.75,0.00496,4.3,ST1.5X3.75,0.83,0.2,0.289,0.0432,0,0,0,0,0.187,0.23,F,ST,3.75,0,0.351,0.411,2.51,2.5,4.83,1.5,1.5,0.625,0.63,0.732,0.426,0.513,0.26,0.25,0.349,0.38,0.19,0.432,0.219
0.83,ST1.5X2.85,0.00189,8.82,ST1.5X2.85,0.911,0.114,0.223,0.0216,0,0,0,0,0.097,0.192,F,ST,2.85,0,0.196,0.328,2.33,2.38,4.48,1.5,1.5,0.625,0.63,0.667,0.37,0.518,0.26,0.25,0.17,0.19,0.13,0.329,0.171
