A,I,ID,J,OD,Rb_t,S,Size,W,Z,r,t
0.28,0.0725,1.376,0.145,1.5,11.6,0.097,HSS 1.5 x 0.062,0.329,0.128,0.509,0.062
0.415,0.103,1.312,0.205,1.5,7.5,0.137,HSS 1.5 x 0.094,0.488,0.186,0.498,0.094
0.659,0.151,1.188,0.297,1.5,4.3,0.201,HSS 1.5 x 0.156,0.775,0.283,0.478,0.156
0.54,0.129,1.25,0.255,1.5,5.5,0.172,HSS 1.5 x 0.125,0.635,0.237,0.488,0.125
0.775,0.17,1.124,0.333,1.5,3.5,0.227,HSS 1.5 x 0.188,0.911,0.326,0.469,0.188
0.982,0.199,1,0.383,1.5,2.5,0.266,HSS 1.5 x 0.25,1.15,0.396,0.451,0.25
0.589,0.167,1.375,0.331,1.625,6,0.205,HSS 1.625 x 0.125,0.693,0.282,0.532,0.125
0.849,0.223,1.249,0.438,1.625,3.8,0.274,HSS 1.625 x 0.188,0.998,0.39,0.512,0.188
1.08,0.264,1.125,0.51,1.625,2.8,0.324,HSS 1.625 x 0.25,1.27,0.478,0.494,0.25
0.638,0.212,1.5,0.421,1.75,6.5,0.242,HSS 1.75 x 0.125,0.75,0.331,0.576,0.125
1.18,0.341,1.25,0.663,1.75,3,0.389,HSS 1.75 x 0.25,1.39,0.568,0.538,0.25
1.33,0.233,0.75,0.419,1.5,1.5,0.311,HSS 1.5 x 0.375,1.56,0.492,0.419,0.375
1.62,0.411,1,0.766,1.75,1.8,0.47,HSS 1.75 x 0.375,1.9,0.727,0.504,0.375
0.687,0.264,1.625,0.526,1.875,7,0.282,HSS 1.875 x 0.125,0.808,0.383,0.62,0.125
0.923,0.285,1.374,0.563,1.75,4.2,0.326,HSS 1.75 x 0.188,1.08,0.461,0.556,0.188
0.996,0.359,1.499,0.709,1.875,4.5,0.383,HSS 1.875 x 0.188,1.17,0.537,0.6,0.188
1.28,0.431,1.375,0.843,1.875,3.3,0.46,HSS 1.875 x 0.25,1.5,0.665,0.581,0.25
1.77,0.528,1.125,0.994,1.875,2,0.563,HSS 1.875 x 0.375,2.08,0.861,0.547,0.375
2.75,1.14,1.25,2.1,2.25,1.8,1.01,HSS 2.25 x 0.5,3.23,1.57,0.643,0.5
1.29,0.778,1.999,1.54,2.375,5.8,0.655,HSS 2.375 x 0.188,1.52,0.901,0.776,0.188
1.67,0.955,1.875,1.88,2.375,4.3,0.804,HSS 2.375 x 0.25,1.96,1.13,0.756,0.25
2.36,1.22,1.625,2.36,2.375,2.7,1.03,HSS 2.375 x 0.375,2.77,1.52,0.719,0.375
2.95,1.39,1.375,2.59,2.375,1.9,1.17,HSS 2.375 x 0.5,3.46,1.8,0.686,0.5
0.933,0.659,2.25,1.32,2.5,9.5,0.528,HSS 2.5 x 0.125,1.1,0.706,0.841,0.125
1.37,0.918,2.124,1.82,2.5,6.1,0.735,HSS 2.5 x 0.188,1.61,1.01,0.82,0.188
1.77,1.13,2,2.24,2.5,4.5,0.906,HSS 2.5 x 0.25,2.08,1.27,0.8,0.25
2.14,1.31,1.876,2.57,2.5,3.5,1.05,HSS 2.5 x 0.312,2.52,1.5,0.781,0.312
2.5,1.46,1.75,2.83,2.5,2.8,1.17,HSS 2.5 x 0.375,2.94,1.71,0.763,0.375
2.36,0.736,1,1.33,2,1.5,0.736,HSS 2 x 0.5,2.77,1.17,0.559,0.5
3.14,1.67,1.5,3.14,2.5,2,1.34,HSS 2.5 x 0.5,3.69,2.04,0.729,0.5
4.12,1.87,1,3.16,2.5,1.2,1.49,HSS 2.5 x 0.75,4.85,2.44,0.673,0.75
3.68,1.8,1.25,3.24,2.5,1.5,1.44,HSS 2.5 x 0.625,4.33,2.28,0.699,0.625
1.87,1.33,2.125,2.63,2.625,4.8,1.01,HSS 2.625 x 0.25,2.19,1.42,0.844,0.25
0.736,0.325,1.75,0.647,2,7.5,0.325,HSS 2 x 0.125,0.866,0.44,0.664,0.125
1.07,0.444,1.624,0.878,2,4.8,0.444,HSS 2 x 0.188,1.26,0.619,0.644,0.188
1.91,0.666,1.25,1.26,2,2.2,0.666,HSS 2 x 0.375,2.25,1.01,0.59,0.375
1.37,0.537,1.5,1.05,2,3.5,0.537,HSS 2 x 0.25,1.62,0.771,0.625,0.25
1.65,0.609,1.376,1.18,2,2.7,0.609,HSS 2 x 0.312,1.95,0.899,0.607,0.312
1.9,0.915,1.626,1.78,2.25,3.1,0.813,HSS 2.25 x 0.312,2.23,1.18,0.694,0.312
1.51,1.25,2.374,2.48,2.75,6.8,0.908,HSS 2.75 x 0.188,1.78,1.24,0.908,0.188
0.834,0.473,2,0.942,2.25,8.5,0.42,HSS 2.25 x 0.125,0.981,0.565,0.753,0.125
1.03,0.89,2.5,1.78,2.75,10.5,0.647,HSS 2.75 x 0.125,1.21,0.862,0.929,0.125
1.57,0.798,1.75,1.57,2.25,4,0.709,HSS 2.25 x 0.25,1.85,1.01,0.713,0.25
1.96,1.55,2.25,3.07,2.75,5,1.13,HSS 2.75 x 0.25,2.31,1.57,0.888,0.25
2.8,2.02,2,3.95,2.75,3.2,1.47,HSS 2.75 x 0.375,3.29,2.13,0.85,0.375
2.21,1.01,1.5,1.94,2.25,2.5,0.897,HSS 2.25 x 0.375,2.6,1.34,0.676,0.375
4.17,2.56,1.5,4.71,2.75,1.7,1.86,HSS 2.75 x 0.625,4.91,2.9,0.783,0.625
3.53,2.35,1.75,4.47,2.75,2.3,1.71,HSS 2.75 x 0.5,4.16,2.57,0.815,0.5
2.06,1.79,2.375,3.55,2.875,5.3,1.25,HSS 2.875 x 0.25,2.42,1.73,0.932,0.25
4.71,2.69,1.25,4.71,2.75,1.3,1.95,HSS 2.75 x 0.75,5.54,3.14,0.755,0.75
2.39,1.8,2.126,3.55,2.75,3.9,1.31,HSS 2.75 x 0.312,2.81,1.86,0.869,0.312
3.73,2.75,1.875,5.26,2.875,2.4,1.91,HSS 2.875 x 0.5,4.39,2.86,0.858,0.5
1.13,1.17,2.75,2.33,3,11.5,0.779,HSS 3 x 0.125,1.33,1.03,1.02,0.125
1.66,1.65,2.624,3.28,3,7.5,1.1,HSS 3 x 0.188,1.95,1.49,0.996,0.188
2.16,2.06,2.5,4.08,3,5.5,1.37,HSS 3 x 0.25,2.54,1.9,0.976,0.25
1.22,0.653,1.874,1.29,2.25,5.5,0.58,HSS 2.25 x 0.188,1.43,0.802,0.732,0.188
3.09,2.72,2.25,5.33,3,3.5,1.81,HSS 3 x 0.375,3.64,2.6,0.938,0.375
3.93,3.19,2,6.14,3,2.5,2.13,HSS 3 x 0.5,4.62,3.17,0.901,0.5
4.66,3.52,1.75,6.58,3,1.9,2.34,HSS 3 x 0.625,5.48,3.61,0.868,0.625
5.3,3.73,1.5,6.71,3,1.5,2.49,HSS 3 x 0.75,6.23,3.94,0.839,0.75
6.28,3.93,1,6.28,3,1,2.62,HSS 3 x 1,7.39,4.33,0.791,1
2.36,2.67,2.75,5.3,3.25,6,1.64,HSS 3.25 x 0.25,2.77,2.26,1.06,0.25
4.32,4.22,2.25,8.17,3.25,2.8,2.6,HSS 3.25 x 0.5,5.08,3.82,0.988,0.5
3.39,3.56,2.5,7,3.25,3.8,2.19,HSS 3.25 x 0.375,3.98,3.12,1.03,0.375
1.33,1.89,3.25,3.77,3.5,13.5,1.08,HSS 3.5 x 0.125,1.56,1.42,1.19,0.125
1.96,2.69,3.124,5.36,3.5,8.8,1.54,HSS 3.5 x 0.188,2.3,2.06,1.17,0.188
3.12,4.01,2.876,7.94,3.5,5.1,2.29,HSS 3.5 x 0.312,3.67,3.18,1.13,0.312
2.55,3.39,3,6.74,3.5,6.5,1.94,HSS 3.5 x 0.25,3,2.65,1.15,0.25
4.71,5.45,2.5,10.6,3.5,3,3.11,HSS 3.5 x 0.5,5.54,4.54,1.08,0.5
3.68,4.56,2.75,8.99,3.5,4.2,2.61,HSS 3.5 x 0.375,4.33,3.68,1.11,0.375
5.11,6.9,2.75,13.5,3.75,3.3,3.68,HSS 3.75 x 0.5,6,5.32,1.16,0.5
1.52,2.86,3.75,5.71,4,15.5,1.43,HSS 4 x 0.125,1.79,1.88,1.37,0.125
3.98,5.73,3,11.3,3.75,4.5,3.06,HSS 3.75 x 0.375,4.68,4.29,1.2,0.375
2.1,3.35,3.374,6.67,3.75,9.5,1.78,HSS 3.75 x 0.188,2.47,2.39,1.26,0.188
2.75,4.23,3.25,8.42,3.75,7,2.26,HSS 3.75 x 0.25,3.23,3.07,1.24,0.25
1.42,2.34,3.5,4.68,3.75,14.5,1.25,HSS 3.75 x 0.125,1.67,1.64,1.28,0.125
3.61,6.19,3.376,12.3,4,5.9,3.09,HSS 4 x 0.312,4.25,4.25,1.31,0.312
6.63,9.76,2.75,18.9,4,2.7,4.88,HSS 4 x 0.625,7.79,7.2,1.21,0.625
2.25,4.1,3.624,8.18,4,10.1,2.05,HSS 4 x 0.188,2.65,2.73,1.35,0.188
2.95,5.2,3.5,10.4,4,7.5,2.6,HSS 4 x 0.25,3.46,3.52,1.33,0.25
5.5,8.59,3,16.8,4,3.5,4.3,HSS 4 x 0.5,6.47,6.17,1.25,0.5
7.66,10.6,2.5,20.2,4,2.2,5.32,HSS 4 x 0.75,9.01,8.06,1.18,0.75
4.27,7.09,3.25,14,4,4.8,3.54,HSS 4 x 0.375,5.02,4.95,1.29,0.375
1.62,3.45,4,6.89,4.25,16.5,1.62,HSS 4.25 x 0.125,1.9,2.13,1.46,0.125
3.14,6.31,3.75,12.6,4.25,8,2.97,HSS 4.25 x 0.25,3.69,4.01,1.42,0.25
4.57,8.65,3.5,17.1,4.25,5.2,4.07,HSS 4.25 x 0.375,5.37,5.65,1.38,0.375
5.89,10.5,3.25,20.7,4.25,3.8,4.96,HSS 4.25 x 0.5,6.93,7.07,1.34,0.5
1.72,4.11,4.25,8.22,4.5,17.5,1.83,HSS 4.5 x 0.125,2.02,2.39,1.55,0.125
3.34,7.56,4,15.1,4.5,8.5,3.36,HSS 4.5 x 0.25,3.93,4.52,1.51,0.25
2.55,5.93,4.124,11.8,4.5,11.5,2.64,HSS 4.5 x 0.188,2.99,3.5,1.53,0.188
4.1,9.05,3.876,18,4.5,6.7,4.02,HSS 4.5 x 0.312,4.83,5.48,1.48,0.312
4.86,10.4,3.75,20.7,4.5,5.5,4.63,HSS 4.5 x 0.375,5.71,6.4,1.46,0.375
6.28,12.8,3.5,25.1,4.5,4,5.67,HSS 4.5 x 0.5,7.39,8.04,1.43,0.5
7.61,14.7,3.25,28.6,4.5,3.1,6.51,HSS 4.5 x 0.625,8.95,9.47,1.39,0.625
8.84,16.2,3,31.1,4.5,2.5,7.18,HSS 4.5 x 0.75,10.4,10.7,1.35,0.75
11,18.2,2.5,33.7,4.5,1.8,8.09,HSS 4.5 x 1,12.9,12.6,1.29,1
1.82,4.86,4.5,9.71,4.75,18.5,2.05,HSS 4.75 x 0.125,2.14,2.67,1.64,0.125
2.69,7.02,4.374,14,4.75,12.1,2.96,HSS 4.75 x 0.188,3.17,3.91,1.61,0.188
3.53,8.97,4.25,17.9,4.75,9,3.78,HSS 4.75 x 0.25,4.16,5.07,1.59,0.25
5.15,12.4,4,24.7,4.75,5.8,5.23,HSS 4.75 x 0.375,6.06,7.2,1.55,0.375
6.48,6.58,2,12.3,3.5,1.8,3.76,HSS 3.5 x 0.75,7.62,5.81,1.01,0.75
6.68,15.3,3.75,30.1,4.75,4.3,6.43,HSS 4.75 x 0.5,7.85,9.07,1.51,0.5
2.84,8.24,4.624,16.5,5,12.8,3.3,HSS 5 x 0.188,3.34,4.36,1.7,0.188
3.73,10.6,4.5,21,5,9.5,4.22,HSS 5 x 0.25,4.39,5.65,1.68,0.25
1.91,5.69,4.75,11.4,5,19.5,2.28,HSS 5 x 0.125,2.25,2.97,1.72,0.125
4.6,12.7,4.376,25.2,5,7.5,5.07,HSS 5 x 0.312,5.4,6.87,1.66,0.312
5.45,14.7,4.25,29.1,5,6.2,5.87,HSS 5 x 0.375,6.41,8.04,1.64,0.375
7.07,18.1,4,35.8,5,4.5,7.25,HSS 5 x 0.5,8.31,10.2,1.6,0.5
3.43,14.5,5.624,29,6,15.5,4.84,HSS 6 x 0.188,4.04,6.35,2.06,0.188
4.52,18.7,5.5,37.3,6,11.5,6.23,HSS 6 x 0.25,5.31,8.27,2.03,0.25
5.58,22.6,5.376,45.1,6,9.1,7.54,HSS 6 x 0.312,6.56,10.1,2.01,0.312
6.63,26.3,5.25,52.4,6,7.5,8.78,HSS 6 x 0.375,7.79,11.9,1.99,0.375
8.64,32.9,5,65.3,6,5.5,11,HSS 6 x 0.5,10.2,15.2,1.95,0.5
10.6,38.6,4.75,76.2,6,4.3,12.9,HSS 6 x 0.625,12.4,18.1,1.91,0.625
4.12,14.2,5,28.4,5.5,10.5,5.18,HSS 5.5 x 0.25,4.85,6.9,1.86,0.25
12.4,43.5,4.5,85.2,6,3.5,14.5,HSS 6 x 0.75,14.5,20.8,1.88,0.75
4.91,24,6,47.9,6.5,12.5,7.39,HSS 6.5 x 0.25,5.77,9.77,2.21,0.25
15.7,51.1,4,98.2,6,2.5,17,HSS 6 x 1,18.5,25.3,1.8,1
12.6,26.7,3,50.3,5,2,10.7,HSS 5 x 1,14.8,16.3,1.46,1
7.22,34,5.75,67.7,6.5,8.2,10.5,HSS 6.5 x 0.375,8.49,14.1,2.17,0.375
9.42,42.7,5.5,84.8,6.5,6,13.1,HSS 6.5 x 0.5,11.1,18,2.13,0.5
9.82,48.2,5.75,95.9,6.75,6.3,14.3,HSS 6.75 x 0.5,11.5,19.6,2.22,0.5
14.1,64.6,5.25,127,6.75,4,19.1,HSS 6.75 x 0.75,16.6,27.1,2.14,0.75
2.11,7.63,5.25,15.2,5.5,21.5,2.77,HSS 5.5 x 0.125,2.48,3.61,1.9,0.125
13.5,56.9,5,112,6.5,3.8,17.5,HSS 6.5 x 0.75,15.9,24.9,2.05,0.75
3.14,11.1,5.124,22.1,5.5,14.1,4.03,HSS 5.5 x 0.188,3.69,5.31,1.88,0.188
8.59,21,3.75,41.1,5,3.5,8.39,HSS 5 x 0.625,10.1,12,1.56,0.625
10,23.3,3.5,45.2,5,2.8,9.33,HSS 5 x 0.75,11.8,13.7,1.53,0.75
11.2,32.4,4,63.1,5.5,3.2,11.8,HSS 5.5 x 0.75,13.2,17.1,1.7,0.75
14.1,37.6,3.5,71.6,5.5,2.3,13.7,HSS 5.5 x 1,16.6,20.6,1.63,1
6.04,19.9,4.75,39.6,5.5,6.8,7.25,HSS 5.5 x 0.375,7.1,9.87,1.82,0.375
2.31,9.96,5.75,19.9,6,23.5,3.32,HSS 6 x 0.125,2.71,4.32,2.08,0.125
7.8,43,6.25,85.6,7,8.8,12.3,HSS 7 x 0.375,9.18,16.5,2.35,0.375
7.85,24.8,4.5,49.1,5.5,5,9.01,HSS 5.5 x 0.5,9.24,12.5,1.78,0.5
5.3,30.2,6.5,60.4,7,13.5,8.64,HSS 7 x 0.25,6.23,11.4,2.39,0.25
18.8,87.2,5,170,7,3,24.9,HSS 7 x 1,22.2,36.3,2.15,1
5.69,37.5,7,74.8,7.5,14.5,9.99,HSS 7.5 x 0.25,6.7,13.1,2.56,0.25
10.2,54.2,6,108,7,6.5,15.5,HSS 7 x 0.5,12,21.2,2.3,0.5
11,67.7,6.5,135,7.5,7,18.1,HSS 7.5 x 0.5,12.9,24.5,2.48,0.5
6.09,45.7,7.5,91.4,8,15.5,11.4,HSS 8 x 0.25,7.16,15,2.74,0.25
3.09,24,7.75,47.9,8,31.5,5.99,HSS 8 x 0.125,3.64,7.75,2.78,0.125
8.39,53.4,6.75,107,7.5,9.5,14.2,HSS 7.5 x 0.375,9.87,19.1,2.52,0.375
8.98,65.4,7.25,131,8,10.2,16.4,HSS 8 x 0.375,10.6,21.8,2.7,0.375
14.5,99.2,6.75,197,8,5.9,24.8,HSS 8 x 0.625,17,34.1,2.62,0.625
11.8,83.2,7,166,8,7.5,20.8,HSS 8 x 0.5,13.9,28.2,2.66,0.5
17.1,113,6.5,224,8,4.8,28.4,HSS 8 x 0.75,20.1,39.6,2.58,0.75
22,137,6,269,8,3.5,34.4,HSS 8 x 1,25.9,49.3,2.5,1
14.7,72.9,5.5,144,7,4.2,20.8,HSS 7 x 0.75,17.3,29.4,2.23,0.75
6.48,55.2,8,110,8.5,16.5,13,HSS 8.5 x 0.25,7.62,17,2.92,0.25
6.87,65.8,8.5,132,9,17.5,14.6,HSS 9 x 0.25,8.08,19.1,3.09,0.25
13.4,121,8,241,9,8.5,26.9,HSS 9 x 0.5,15.7,36.2,3.01,0.5
7.66,91.1,9.5,182,10,19.5,18.2,HSS 10 x 0.25,9.01,23.8,3.45,0.25
11.3,132,9.25,263,10,12.8,26.3,HSS 10 x 0.375,13.3,34.8,3.41,0.375
14.9,169,9,337,10,9.5,33.8,HSS 10 x 0.5,17.5,45.2,3.36,0.5
18.4,203,8.75,404,10,7.5,40.6,HSS 10 x 0.625,21.6,55,3.32,0.625
21.8,235,8.5,466,10,6.2,46.9,HSS 10 x 0.75,25.6,64.3,3.28,0.75
8.05,106,10,211,10.5,20.5,20.1,HSS 10.5 x 0.25,9.47,26.3,3.63,0.25
28.3,290,8,573,10,4.5,58,HSS 10 x 1,33.3,81.3,3.2,1
11.9,153,9.75,306,10.5,13.5,29.2,HSS 10.5 x 0.375,14,38.5,3.58,0.375
15.7,197,9.5,393,10.5,10,37.5,HSS 10.5 x 0.5,18.5,50,3.54,0.5
23,275,9,546,10.5,6.5,52.3,HSS 10.5 x 0.75,27,71.4,3.46,0.75
16.5,228,10,455,11,10.5,41.4,HSS 11 x 0.5,19.4,55.2,3.72,0.5
12.5,177,10.25,353,11,14.2,32.2,HSS 11 x 0.375,14.7,42.4,3.76,0.375
24.2,319,9.5,634,11,6.8,58,HSS 11 x 0.75,28.4,78.9,3.63,0.75
10.2,94.7,8.25,189,9,11.5,21,HSS 9 x 0.375,11.9,27.9,3.05,0.375
31.4,397,9,785,11,5,72.1,HSS 11 x 1,36.9,100,3.55,1
9.23,159,11.5,319,12,23.5,26.6,HSS 12 x 0.25,10.9,34.5,4.16,0.25
13.7,232,11.25,463,12,15.5,38.6,HSS 12 x 0.375,16.1,50.7,4.11,0.375
18.1,299,11,597,12,11.5,49.9,HSS 12 x 0.5,21.2,66.2,4.07,0.5
26.5,421,10.5,839,12,7.5,70.2,HSS 12 x 0.75,31.2,95.1,3.99,0.75
34.6,527,10,1045,12,5.5,87.8,HSS 12 x 1,40.6,121,3.91,1
0.072,0.0011,0.269,0.00204,0.405,2.48,0.0053,PIPE 1/8 Sched 40,0.085,0.00783,0.122,0.068
0.0925,0.0012,0.215,0.00222,0.405,1.63,0.006,PIPE 1/8 Sched 80,0.109,0.00942,0.115,0.095
0.125,0.0033,0.364,0.00638,0.54,2.57,0.012,PIPE 1/4 Sched 40,0.147,0.0182,0.163,0.088
0.157,0.0038,0.302,0.00697,0.54,1.77,0.014,PIPE 1/4 Sched 80,0.185,0.0217,0.155,0.119
0.217,0.0086,0.423,0.0164,0.675,2.18,0.026,PIPE 3/8 Sched 80,0.256,0.0386,0.199,0.126
0.158,0.012,0.71,0.0238,0.84,5.96,0.028,PIPE 1/2 Sched 5,0.186,0.0391,0.275,0.065
0.167,0.0073,0.493,0.0142,0.675,3.21,0.022,PIPE 3/8 Sched 40,0.196,0.0313,0.209,0.091
0.197,0.014,0.674,0.0283,0.84,4.56,0.034,PIPE 1/2 Sched 10,0.232,0.0478,0.269,0.083
0.25,0.017,0.622,0.0334,0.84,3.35,0.041,PIPE 1/2 Sched 40,0.294,0.0587,0.261,0.109
0.32,0.02,0.546,0.0384,0.84,2.36,0.048,PIPE 1/2 Sched 80,0.376,0.0717,0.25,0.147
0.385,0.022,0.464,0.0409,0.84,1.73,0.053,PIPE 1/2 Sched 160,0.453,0.0821,0.24,0.188
0.201,0.025,0.92,0.0488,1.05,7.58,0.047,PIPE 3/4 Sched 5,0.237,0.0632,0.349,0.065
0.252,0.03,0.884,0.0589,1.05,5.83,0.057,PIPE 3/4 Sched 10,0.297,0.0778,0.343,0.083
0.333,0.037,0.824,0.073,1.05,4.15,0.071,PIPE 3/4 Sched 40,0.391,0.0997,0.334,0.113
0.433,0.045,0.742,0.087,1.05,2.91,0.085,PIPE 3/4 Sched 80,0.51,0.125,0.321,0.154
0.572,0.053,0.612,0.0987,1.05,1.9,0.101,PIPE 3/4 Sched 160,0.672,0.155,0.304,0.219
0.255,0.05,1.185,0.1,1.315,9.62,0.076,PIPE 1 Sched 5,0.3,0.102,0.443,0.065
0.494,0.087,1.049,0.173,1.315,4.44,0.133,PIPE 1 Sched 40,0.581,0.187,0.421,0.133
0.413,0.076,1.097,0.15,1.315,5.53,0.115,PIPE 1 Sched 10,0.486,0.159,0.428,0.109
0.639,0.106,0.957,0.206,1.315,3.17,0.161,PIPE 1 Sched 80,0.751,0.233,0.407,0.179
0.836,0.125,0.815,0.237,1.315,2.13,0.19,PIPE 1 Sched 160,0.984,0.289,0.387,0.25
0.326,0.104,1.53,0.207,1.66,12.3,0.125,PIPE 1.25 Sched 5,0.383,0.165,0.564,0.065
0.531,0.16,1.442,0.319,1.66,7.11,0.193,PIPE 1.25 Sched 10,0.625,0.263,0.55,0.109
0.669,0.195,1.38,0.386,1.66,5.43,0.235,PIPE 1.25 Sched 40,0.786,0.324,0.54,0.14
0.881,0.242,1.278,0.476,1.66,3.85,0.291,PIPE 1.25 Sched 80,1.04,0.414,0.524,0.191
1.11,0.284,1.16,0.55,1.66,2.82,0.342,PIPE 1.25 Sched 160,1.3,0.502,0.506,0.25
0.375,0.158,1.77,0.315,1.9,14.1,0.166,PIPE 1.5 Sched 5,0.441,0.219,0.649,0.065
0.613,0.247,1.682,0.492,1.9,8.2,0.26,PIPE 1.5 Sched 10,0.721,0.35,0.634,0.109
0.799,0.31,1.61,0.616,1.9,6.1,0.326,PIPE 1.5 Sched 40,0.94,0.448,0.623,0.145
1.07,0.391,1.5,0.772,1.9,4.3,0.412,PIPE 1.5 Sched 80,1.26,0.581,0.605,0.2
1.43,0.482,1.338,0.937,1.9,2.9,0.508,PIPE 1.5 Sched 160,1.68,0.744,0.581,0.281
0.472,0.315,2.245,0.629,2.375,17.8,0.265,PIPE 2 Sched 5,0.555,0.347,0.817,0.065
1.07,0.666,2.067,1.33,2.375,7.2,0.561,PIPE 2 Sched 40,1.26,0.761,0.787,0.154
1.48,0.868,1.939,1.72,2.375,4.9,0.731,PIPE 2 Sched 80,1.74,1.02,0.766,0.218
2.19,1.16,1.687,2.26,2.375,3,0.98,PIPE 2 Sched 160,2.58,1.43,0.728,0.344
0.776,0.499,2.157,1,2.375,10.4,0.42,PIPE 2 Sched 10,0.913,0.56,0.802,0.109
0.728,0.71,2.709,1.42,2.875,16.8,0.494,PIPE 2.5 Sched 5,0.856,0.647,0.988,0.083
1.04,0.987,2.635,1.97,2.875,11.5,0.687,PIPE 2.5 Sched 10,1.22,0.911,0.975,0.12
1.7,1.53,2.469,3.04,2.875,6.6,1.06,PIPE 2.5 Sched 40,2,1.45,0.947,0.203
2.95,2.35,2.125,4.6,2.875,3.3,1.64,PIPE 2.5 Sched 160,3.46,2.36,0.894,0.375
2.25,1.92,2.323,3.81,2.875,4.7,1.34,PIPE 2.5 Sched 80,2.65,1.87,0.924,0.276
0.891,1.3,3.334,2.6,3.5,20.6,0.744,PIPE 3 Sched 5,1.05,0.969,1.21,0.083
1.27,1.82,3.26,3.64,3.5,14.1,1.04,PIPE 3 Sched 10,1.5,1.37,1.2,0.12
2.23,3.02,3.068,6.01,3.5,7.6,1.72,PIPE 3 Sched 40,2.62,2.33,1.16,0.216
3.02,3.89,2.9,7.72,3.5,5.3,2.23,PIPE 3 Sched 80,3.55,3.08,1.14,0.3
4.21,5.04,2.624,9.88,3.5,3.5,2.88,PIPE 3 Sched 160,4.95,4.13,1.09,0.438
1.46,2.76,3.76,5.51,4,16.2,1.38,PIPE 3.5 Sched 10,1.72,1.81,1.37,0.12
1.02,1.96,3.834,3.92,4,23.6,0.98,PIPE 3.5 Sched 5,1.2,1.27,1.39,0.083
2.68,4.79,3.548,9.54,4,8.3,2.39,PIPE 3.5 Sched 40,3.15,3.22,1.34,0.226
3.68,6.28,3.364,12.5,4,5.8,3.14,PIPE 3.5 Sched 80,4.33,4.32,1.31,0.318
1.15,2.81,4.334,5.62,4.5,26.6,1.25,PIPE 4 Sched 5,1.35,1.62,1.56,0.083
4.41,9.61,3.826,19.1,4.5,6.2,4.27,PIPE 4 Sched 80,5.18,5.85,1.48,0.337
3.17,7.23,4.026,14.4,4.5,9,3.21,PIPE 4 Sched 40,3.73,4.31,1.51,0.237
1.65,3.96,4.26,7.92,4.5,18.3,1.76,PIPE 4 Sched 10,1.94,2.3,1.55,0.12
6.62,13.3,3.438,26.1,4.5,3.7,5.9,PIPE 4 Sched 160,7.79,8.41,1.42,0.531
5.59,11.7,3.624,23.1,4.5,4.6,5.18,PIPE 4 Sched 120,6.57,7.25,1.44,0.438
1.87,6.95,5.345,13.9,5.563,25,2.5,PIPE 5 Sched 5,2.2,3.24,1.93,0.109
2.29,8.43,5.295,16.8,5.563,20.3,3.03,PIPE 5 Sched 10,2.69,3.95,1.92,0.134
7.95,25.7,4.563,51,5.563,5.1,9.25,PIPE 5 Sched 120,9.35,12.9,1.8,0.5
4.3,15.2,5.047,30.3,5.563,10.3,5.45,PIPE 5 Sched 40,5.06,7.27,1.88,0.258
9.7,30,4.313,59.1,5.563,4,10.8,PIPE 5 Sched 160,11.4,15.3,1.76,0.625
2.23,11.8,6.407,23.7,6.625,29.9,3.58,PIPE 6 Sched 5,2.62,4.63,2.3,0.109
6.11,20.7,4.813,41.1,5.563,6.9,7.43,PIPE 5 Sched 80,7.19,10.1,1.84,0.375
2.73,14.4,6.357,28.8,6.625,24.2,4.35,PIPE 6 Sched 10,3.21,5.65,2.3,0.134
8.4,40.5,5.761,80.6,6.625,7.2,12.2,PIPE 6 Sched 80,9.88,16.6,2.19,0.432
10.7,49.6,5.501,98.4,6.625,5.4,15,PIPE 6 Sched 120,12.6,20.7,2.15,0.562
5.58,28.1,6.065,56.2,6.625,11.3,8.5,PIPE 6 Sched 40,6.56,11.3,2.25,0.28
13.3,59,5.187,116,6.625,4.1,17.8,PIPE 6 Sched 160,15.7,25.2,2.1,0.719
2.92,26.4,8.407,52.9,8.625,39.1,6.13,PIPE 8 Sched 5,3.43,7.91,3.01,0.109
3.94,35.4,8.329,70.8,8.625,28.6,8.21,PIPE 8 Sched 10,4.64,10.6,3,0.148
6.58,57.7,8.125,115,8.625,16.8,13.4,PIPE 8 Sched 20,7.74,17.5,2.96,0.25
7.26,63.4,8.071,127,8.625,15.1,14.7,PIPE 8 Sched 30,8.54,19.3,2.95,0.277
8.4,72.5,7.981,145,8.625,12.9,16.8,PIPE 8 Sched 40,9.88,22.2,2.94,0.322
10.5,88.7,7.813,177,8.625,10.1,20.6,PIPE 8 Sched 60,12.3,27.4,2.91,0.406
12.8,106,7.625,211,8.625,8.1,24.5,PIPE 8 Sched 80,15,33,2.88,0.5
17.9,141,7.187,279,8.625,5.5,32.6,PIPE 8 Sched 120,21,45.1,2.81,0.719
22,166,6.813,327,8.625,4.3,38.5,PIPE 8 Sched 160,25.8,54.2,2.75,0.906
4.47,63,10.482,126,10.75,39.6,11.7,PIPE 10 Sched 5,5.26,15.1,3.75,0.134
5.49,76.9,10.42,154,10.75,32.1,14.3,PIPE 10 Sched 10,6.45,18.5,3.74,0.165
19.9,154,7.001,304,8.625,4.8,35.6,PIPE 8 Sched 140,23.4,49.7,2.78,0.812
8.25,114,10.25,227,10.75,21,21.2,PIPE 10 Sched 20,9.7,27.6,3.71,0.25
10.1,137,10.136,275,10.75,17,25.6,PIPE 10 Sched 30,11.8,33.5,3.69,0.307
15,121,7.437,242,8.625,6.8,28.2,PIPE 8 Sched 100,17.6,38.4,2.85,0.594
16.1,212,9.75,423,10.75,10.3,39.4,PIPE 10 Sched 60,18.9,52.6,3.63,0.5
11.9,161,10.02,321,10.75,14.2,29.9,PIPE 10 Sched 40,14,39.4,3.67,0.365
19,245,9.562,489,10.75,8.5,45.6,PIPE 10 Sched 80,22.3,61.3,3.6,0.594
22.7,286,9.312,570,10.75,7,53.3,PIPE 10 Sched 100,26.6,72.5,3.56,0.719
6.17,122,12.438,245,12.75,40.4,19.2,PIPE 12 Sched 5,7.26,24.7,4.45,0.156
7.11,140,12.39,281,12.75,34.9,22,PIPE 12 Sched 10,8.36,28.4,4.44,0.18
9.82,192,12.25,383,12.75,25,30.1,PIPE 12 Sched 20,11.5,39.1,4.42,0.25
12.9,248,12.09,497,12.75,18.8,39,PIPE 12 Sched 30,15.1,50.9,4.39,0.33
15.7,300,11.938,600,12.75,15.2,47.1,PIPE 12 Sched 40,18.5,61.9,4.37,0.406
21.5,400,11.626,799,12.75,10.8,62.8,PIPE 12 Sched 60,25.3,83.5,4.31,0.562
26.1,476,11.374,948,12.75,8.8,74.6,PIPE 12 Sched 80,30.7,100,4.27,0.688
